[{"text": "PLEASE comment on this, opposing killing the GMO pigs! No, you can't adopt an enviropig http://t.co/pkHw03Ss via @HuffPostCanada", "created_at": "Wed May 16 07:47:50 +0000 2012"}, {"text": "@Consuelo_ZG Ah zatvorila sam se u ku\u0107u i pravim se da \u017eivim u seattlu u doba nakon pulsa i da sam transgenic human aka gledam Dark Angel xD", "created_at": "Wed May 16 20:47:22 +0000 2012"}, {"text": "\u3010\u6b8b\u308a05\u6642\u959317\u520609\u79d2\u301187\u679a\u8cfc\u5165\u3055\u308c\u3066\u3044\u307e\u3059\uff0167%OFF\u30101,500\u5186\u3011\u226a\u2606\u9001\u6599\u8fbc\u2606\u30c0\u30a4\u30a8\u30c3\u30c8\u306b\u6700\u9069\uff01\u7740\u308b\u3060\u3051\u3067\u3069\u3093\u3069\u3093\u6c57\u3092\u304b\u3051\u308b\u3001\u591a\u6a5f\u80fdT\u30b7\u30e3\u30c4\u2606\u5438\u6c34\u6027\u3068\u901f... - \u304f\u307e\u30dd\u30f3 by GMO http://t.co/MY1FoaPZ", "created_at": "Wed May 16 21:42:53 +0000 2012"}, {"text": "dear science,\n i don't give an eff about gmos and i refuse to write an essay about it \nsincerely, \n#screwoff", "created_at": "Wed May 16 21:34:13 +0000 2012"}, {"text": "@Uncle_Gmo uncle Gmo what's gud man!", "created_at": "Wed May 16 21:41:28 +0000 2012"}, {"text": "Why is GMO Hepatitis B Vaccine Given to Newborn Babies? \u2013 Farm Wars | The Refusers http://t.co/wddijei0", "created_at": "Thu May 17 02:10:46 +0000 2012"}, {"text": "The Future of Food is an interesting documentary about gmo foods. Read more about gmo foods here and how the... http://t.co/DUNGSfXj", "created_at": "Thu May 17 01:55:08 +0000 2012"}, {"text": "Jeffrey Smith Talks About The Future of GMO Labeling! - May 10,2012  http://t.co/JD1HBzhl", "created_at": "Thu May 10 16:36:39 +0000 2012"}, {"text": "Take a moment to support the Millions Against Monsanto.. force companies to have to label GMOs in the products.... http://t.co/Nert4sXg", "created_at": "Thu May 10 21:27:00 +0000 2012"}, {"text": "Jeffrey Smith Talks About The Future of GMO Labeling! - May 10,2012  http://t.co/u1AotVbQ", "created_at": "Thu May 10 18:03:30 +0000 2012"}, {"text": "Jeffrey Smith Discusses The Future of GMO Labeling  http://t.co/53ShRr0R", "created_at": "Thu May 10 23:01:01 +0000 2012"}, {"text": "Know the difference: 'Natural' foods are not organic, often contain GMOs and other toxins http://t.co/FPqutltK via @HealthRanger", "created_at": "Fri May 11 03:02:48 +0000 2012"}, {"text": "GMOs and why you should never use Canola oil. http://t.co/jUuzkIQi via @wordpressdotcom", "created_at": "Thu May 10 13:10:08 +0000 2012"}, {"text": "Aminn...hhaha emg nya uty gmo masuk surga hhaha RT @utygareta Tp masuk surga. Hha RT\"@pakwin_sikembar: Jgn Lah dek...ada\" ajja ya", "created_at": "Fri May 11 04:46:27 +0000 2012"}, {"text": "Even the American Medical Association (AMA) May Back Labeling of GMOs - http://t.co/UXtdPa0C http://t.co/MgfJkT1e", "created_at": "Thu May 31 16:09:20 +0000 2012"}, {"text": "California GMO Labeling Initiative Headed for November Ballot http://t.co/MXqRczsp #ballot #Bill #BanGMO #california  #Monsanto", "created_at": "Fri Jun 01 00:30:36 +0000 2012"}, {"text": "#NOCHANGE @BarackObama 20 Years of GMO Policy That Keeps Americans in the Dark About Their Food http://t.co/YRn4ZOYL via @HuffPostGreen", "created_at": "Thu May 31 17:06:56 +0000 2012"}, {"text": "Can California turn the tide in the struggle for GMO labeling? http://t.co/t2FYLdCQ @MotherJones", "created_at": "Thu May 31 14:42:36 +0000 2012"}, {"text": "\"How California Could Force the Rest of the US to Label GMO Foods\" - http://t.co/7EdsGIJC - shared from @TaptuGreen", "created_at": "Thu May 31 14:22:19 +0000 2012"}, {"text": "@NickSpeedEnt THIS SATURDAY JUNE 2 MY LEVI GAME INCREDIBLE MIXTAPE RELASE PARTY FOR UNK GMO @CLUB STATUS HOSTED BY ROSAYBOY FACE BANGER!!!", "created_at": "Thu May 31 18:29:30 +0000 2012"}, {"text": "#Bono partners with #Monsanto, G8, to biowreck African farms with GMOs  http://t.co/7Srfg9Nq", "created_at": "Thu May 31 18:05:11 +0000 2012"}, {"text": "ACCOUNTING / TAX STAFF (ATS) - GMO ASIA, PT: Negotiable, 1 yr of exp, posted on 31 May 2012 07:36:00 http://t.co/PIR2J8e4", "created_at": "Thu May 31 08:06:23 +0000 2012"}, {"text": "@joerogan what if GMO food enhances our DNA?  We don't know.  Consider human intuition and instinct. #wow", "created_at": "Thu May 31 06:53:45 +0000 2012"}, {"text": "How California Could Force the Rest of the US to Label GMO Foods: http://t.co/J2K6sOZ2", "created_at": "Thu May 31 13:22:37 +0000 2012"}, {"text": "Conference to address impacts of GMOs | Boulder County Business Report: http://t.co/ffeQ66Sp", "created_at": "Wed May 30 03:07:00 +0000 2012"}, {"text": "From the annals of questionable ideas: Genetically-modified mosquitoes. (via @MotherJones): http://t.co/nUcYY1fl", "created_at": "Wed May 30 03:00:29 +0000 2012"}, {"text": "This is more about the political side of nutrition...how politics is controlling your GMO foods... http://t.co/nOhyYtNI", "created_at": "Tue May 29 11:51:40 +0000 2012"}, {"text": "RT @kwyner: GMO crops are not safe. GMO crops killed 1000s of bees in Poland.  #carighttoknow", "created_at": "Wed May 30 01:27:23 +0000 2012"}, {"text": "Beekeepers Win Ban on Monsanto's GMOs in Poland http://t.co/xJ1mMWbM via @Defendfreedom07", "created_at": "Fri May 18 07:46:53 +0000 2012"}, {"text": "@whulland_jail haha gmo g betah gua beliin jamur , indomie+nasi . orange juice . haha", "created_at": "Fri May 18 10:10:51 +0000 2012"}, {"text": "\u2668 Food \u2295 World \u263c Order \u2655: Oregon Prepares to Just Say NO! to GMO Pages - Home - #FoodWorldOrder\u2026 http://t.co/d3g89EEC", "created_at": "Sat May 19 05:33:16 +0000 2012"}, {"text": "B.C. grower develops GMO apple that won't turn brown. Quite unnecessary, we think. http://t.co/31uON6Yc", "created_at": "Fri May 18 14:01:53 +0000 2012"}, {"text": "Just Say No to GMO music video \nhttp://t.co/rASAO7XA http://t.co/HTuRj3x9", "created_at": "Fri May 18 13:04:55 +0000 2012"}, {"text": "staying abreast of the GMO labling campaigns \u00ab the irresistible fleet \u2026 http://t.co/fahH4Zyn", "created_at": "Fri May 18 13:12:23 +0000 2012"}, {"text": "Too funny! MT @GMKnowBoulder  If your underwear is made with GMO pesticide cotton, what's it doing to your fertility?", "created_at": "Thu May 03 22:41:14 +0000 2012"}, {"text": "GMO Food Fight Heats Up In California http://t.co/lz5LhhuI", "created_at": "Thu May 03 22:44:23 +0000 2012"}, {"text": "Almost the same taste of apples, but still pure gmo T.T", "created_at": "Thu May 03 16:13:31 +0000 2012"}, {"text": "@garrynewman You are awesome! I could not live without Gmod! I love GMOD! TOTALLY OBSESSED! You are the best person on Earth. thanks for gmo", "created_at": "Fri May 04 00:22:48 +0000 2012"}, {"text": "@EcoWanders We can answer that for you. GE stands for genetically engineered and GMO stands for genetically modified organisms.", "created_at": "Fri May 04 00:25:09 +0000 2012"}, {"text": "GMO alert: top 10 genetically modified foods to avoid eating http://t.co/JjsQSKXD", "created_at": "Thu May 03 21:15:55 +0000 2012"}, {"text": "@liltexaco chicken are GMO too", "created_at": "Thu May 03 21:49:45 +0000 2012"}, {"text": "@da13thsun yes we only eat brown rice but I wish I could grow my own rice and corn ugh even the seeds we buy my be GMO for our veggies", "created_at": "Thu May 03 21:47:54 +0000 2012"}, {"text": "@mimi_niezh kt mamah gw, klo gmo bdoa itu sombong.. naluuu.", "created_at": "Fri May 04 05:46:42 +0000 2012"}, {"text": "Obama has failed the American consumer w/respect to our food policy. For our children's sake, LABEL GMO FOOD! #nogmos http://t.co/vBb1OxGq", "created_at": "Thu May 03 23:12:27 +0000 2012"}, {"text": "@MYeLoxales uy joke lang masyadong sineryoso hahahahah galin gmo nga non heheheheheheheh yun nga yung gabi na tooooooooooooooooooooooooottt", "created_at": "Fri May 04 02:35:53 +0000 2012"}, {"text": "@annavanvalin The only frozen food I can tolerate is Amy's, it's organic and non gmo and most around 300cals. #ijustwannabeskinnytoo", "created_at": "Fri May 04 03:09:22 +0000 2012"}, {"text": "RT @ mattwilliamson If you are complacent while the government sprays chemtrails, spreads GMO foods, destroys our republic and wealth, you a", "created_at": "Fri May 04 01:26:00 +0000 2012"}, {"text": "Scientists Under Attack FULL Documentary GMO http://t.co/aAKg6pf5", "created_at": "Sun May 06 16:05:10 +0000 2012"}, {"text": "@_KingChief_ I'll see you at Gmo", "created_at": "Mon May 07 00:14:48 +0000 2012"}, {"text": "Survival Seeds Non-Hybrid 27 Varieties of Survival Vegetable Seeds Heirloom Seeds Non GMO Survival Seeds. Each v... http://t.co/elQ4GfZX", "created_at": "Sun May 06 20:13:03 +0000 2012"}, {"text": "GMO Alert: Top 10 Genetically Modified Foods/Crops to Avoid http://t.co/daf5rjwd", "created_at": "Mon May 07 02:07:34 +0000 2012"}, {"text": "You Did It! The GMO Labeling Initiative WILL Be on the Ballot in California! http://t.co/jBWio4HH", "created_at": "Tue May 01 22:00:29 +0000 2012"}, {"text": "GMO alert: Top 10 genetically modified foods to avoid eating. CORN-SOY-COTTON-PAPAYA-RICE-TOMATOES-RAPESEED-DAIRY PRODUCTS-POTATOES-PEAS", "created_at": "Tue May 01 16:55:46 +0000 2012"}, {"text": "What impact does GMO food have on your health? Some studies have linked GMO foods to altered metabolism,... http://t.co/dnu5cTgi", "created_at": "Tue May 01 14:22:37 +0000 2012"}, {"text": "4 Tips to Avoiding GMO http://t.co/7N0eZoZ9", "created_at": "Tue May 01 14:33:09 +0000 2012"}, {"text": "Any American Farmer Mom that eschews GMOs in favor of non-chemical, organic, biodynamic or permacultural practices wins my Mom of the year!", "created_at": "Tue May 01 15:40:30 +0000 2012"}, {"text": "Call it appeasement, call it what you wish, it is a distraction, I small victory granted by Monsanto/FDA, to make you shut up and suck a GMO", "created_at": "Tue May 01 15:07:54 +0000 2012"}, {"text": "Here Comes Another GMO Corn And More Herbicide - http://t.co/IyXL5FXk", "created_at": "Tue May 01 15:28:38 +0000 2012"}, {"text": "Step up for your bees! GMO Takedown | Wake Up World http://t.co/UDREFvds via @wibiya", "created_at": "Tue May 01 18:42:06 +0000 2012"}, {"text": "Survival Seeds Non-Hybrid 27 Varieties of Survival Vegetable Seeds Heirloom Seeds Non GMO Survival Seeds.Each va... http://t.co/a1PI10h9", "created_at": "Tue May 01 19:18:37 +0000 2012"}, {"text": "GMO alert: top 10 genetically modified foods to avoid eating http://t.co/TCgI3RPx", "created_at": "Tue May 01 19:59:17 +0000 2012"}, {"text": "GMO alert: top 10 genetically modified foods to avoid eating http://t.co/6mrOyuRm via @HealthRanger", "created_at": "Tue May 01 08:00:53 +0000 2012"}, {"text": "Do you think all GMO foods should be clearly marked as such? Kashi cereal's 'natural' claims stir anger http://t.co/4YbEztPB via @USATODAY", "created_at": "Tue May 01 06:09:24 +0000 2012"}, {"text": "New technology can detect as little as 0.1 percent GMO contamination in crops, food http://t.co/4adMaTbF", "created_at": "Thu May 24 22:25:02 +0000 2012"}, {"text": "This is utterly terrifying. Amateur GMO hobbyists cooking up GMO's at home? With no oversight what might they unleash?  http://t.co/ptvkpG9P", "created_at": "Thu May 24 16:13:45 +0000 2012"}, {"text": "Blatant Corruption Exposed as EU Blocks France's Ban on Monsanto's GMO Maize - http://t.co/v0cjZaw2 #gmo #Monsanto #evil", "created_at": "Thu May 24 12:25:14 +0000 2012"}, {"text": "GMOs are like playing Russian Roulette http://t.co/5GsvH0vx", "created_at": "Thu May 24 17:30:26 +0000 2012"}, {"text": "@Mlle_Anglais those must have been GMO chickens to grow this fast!", "created_at": "Thu May 24 20:30:34 +0000 2012"}, {"text": "Canada: NDP calls on province to fight GMO apples http://t.co/pl6kC2r2", "created_at": "Fri May 25 05:19:15 +0000 2012"}, {"text": "GMO Foods: How rigged research from corporate backed scientists is deceptive about the severe risks to human health:  http://t.co/JVugLXUM", "created_at": "Thu May 24 18:08:19 +0000 2012"}, {"text": "Estou em GMO ind\u00fastria e com\u00e9rcio - Pinhais - PR http://t.co/Ul5K2Mhw", "created_at": "Thu May 24 18:03:11 +0000 2012"}, {"text": "When you shop Panga Organics products, you can be sure all products are GMO-free. \nNO GMO = no genetically... http://t.co/QmAjljy6", "created_at": "Fri May 04 22:56:54 +0000 2012"}, {"text": "My dad made chili wheres Gmo lmao", "created_at": "Sat May 05 00:13:16 +0000 2012"}, {"text": "Some good news for organic farmers fighting contamination from nearby GMO growers.... http://t.co/ILtWUIc8", "created_at": "Fri May 04 12:55:36 +0000 2012"}, {"text": "\u3010\u6b8b\u308a16\u6642\u959313\u520615\u79d2\u3011134\u679a\u8cfc\u5165\u3055\u308c\u3066\u3044\u307e\u3059\uff0155%OFF\u30101,780\u5186\u3011\u226a\u260624\u540d\u69d8\u307e\u3067\u4e88\u7d04\u53ef\u2606NEWOPEN\u2606\u7279\u88fd\u30b8\u30e3\u30f3\u30dc\u9903\u5b50\u306b\u30b9\u30da\u30a2\u30ea\u30d6\u306b\u30c7\u30b6\u30fc\u30c8\u3067\u5927\u6e80\u8db3... - \u304f\u307e\u30dd\u30f3 by GMO http://t.co/9p1mlKFK", "created_at": "Fri May 04 10:47:06 +0000 2012"}, {"text": "Ladies, we here in California have the ability to let our voices be heard regarding GMO labeling for foods.  It... http://t.co/UhBes4SE", "created_at": "Fri May 04 21:59:57 +0000 2012"}, {"text": "Proof Positive that GMO Labeling WILL Change the Food Industry \nhttp://t.co/Y6OqgZ41 #health #eco #ff", "created_at": "Fri May 04 23:11:24 +0000 2012"}, {"text": "What's Happening With GMO Foods - May 4, 2012 \u00b7 stephaniequilao http://t.co/Vz9k56Cb", "created_at": "Fri May 04 19:26:14 +0000 2012"}, {"text": "De La Estancia, Organic Polenta, 1lbs. Bag: 100% Organic. GMO free. Chemical free. 1 Minute cooking time but not... http://t.co/CV7bxXPO", "created_at": "Fri May 04 06:41:29 +0000 2012"}, {"text": "You Did It! The GMO Labeling Initiative WILL Be on the Ballot in California! http://t.co/tZ776dNs via @zite. Congratulations!", "created_at": "Sat May 05 02:43:57 +0000 2012"}, {"text": "\u201cMoney Bomb Against Monsanto\u201d Supports GMO Labeling Campaign http://t.co/OnYszWto", "created_at": "Sat May 05 01:40:25 +0000 2012"}, {"text": "Moronic MSM still thinks labeling GMOs is a \"foodie\" thing. This issue transcends imaginary societal cliques. If you eat, it affects you.", "created_at": "Fri May 11 09:54:50 +0000 2012"}, {"text": "ah gmo ah punya bapak kaya' km sblum di kasih duit, butuh ni bt beli sepatu  RT @RadenRatno sejak sukhoi kemarin ditemukan RT", "created_at": "Sat May 12 05:05:38 +0000 2012"}, {"text": "@naturespath pumpkin flax granola with pomegranate seeds and soy milk.. Going back for a second bowl. Non GMO organic Perfection!", "created_at": "Fri May 11 18:34:35 +0000 2012"}, {"text": "@1Dneews Harry following !! GMO", "created_at": "Fri May 11 18:38:35 +0000 2012"}, {"text": "Signs that China Is Rearing to Become the Next GMO Superpower: A recent study published by ... http://t.co/kvUS2vOi AccidentChiropractor", "created_at": "Mon May 14 22:57:16 +0000 2012"}, {"text": "At Disney World's exhibit, teaching children about GMO agriculture is a \"fun activity\" http://t.co/EOKSqbGh @TrueFoodAust @TransitionSyd", "created_at": "Mon May 14 22:18:35 +0000 2012"}, {"text": "At Disney World's exhibit, teaching children about GMO agriculture is a \"fun activity\" http://t.co/EOKSqbGh @TrueFoodAust @TransitionSyd", "created_at": "Mon May 14 22:18:35 +0000 2012"}, {"text": "@DonKleartragedy ...disconnect us from our Life Source by any means necessary: Atheism, Religion, TV, GMO food, tainted water, etc.. Sad!!", "created_at": "Mon May 14 16:58:20 +0000 2012"}, {"text": "GMO toxins and human ill health - how much more science do we need to convince us of what is wholly undesirable... http://t.co/6u0vFHdV", "created_at": "Mon May 14 12:52:50 +0000 2012"}, {"text": "Kashi promises to make at least 70% of their food organic by 2015- and all their new food will be GMO free. What... http://t.co/GS35e8kU", "created_at": "Mon May 14 21:42:39 +0000 2012"}, {"text": "@JogjaUpdate SEMINAR BIOTEKNOLOGI 2012 \"OMG! its GMO ..@uajy | Sabtu 2 juni 2012 | Pendaftaran, cp : 081347685040. thx", "created_at": "Mon May 14 14:48:18 +0000 2012"}, {"text": "New post: State cautioned on GMOs http://t.co/YocItn7f", "created_at": "Mon May 14 06:23:54 +0000 2012"}, {"text": "Eric is the owner of Nashville Nutraceuticals in Nashville &amp; will be at every show GMO DESTROYER does! Lots more info to come!", "created_at": "Tue May 15 03:58:59 +0000 2012"}, {"text": "At Disney World\u2019s \u2018Living with the Land\u2019 exhibit, teaching children about GMO agriculture is a fun activity for... http://t.co/m8PtW68O", "created_at": "Mon May 14 11:14:10 +0000 2012"}, {"text": "On GMOs &amp; labeling: Poorly researched article at NPR but very insightful comments Via @nprnews: Calif GE Food Label http://t.co/vard2Qdl", "created_at": "Tue May 15 01:04:43 +0000 2012"}, {"text": "GMO Labeling Panel Discussion http://t.co/SOlf12Nc via @mercola", "created_at": "Tue May 15 22:26:17 +0000 2012"}, {"text": "@zebrafinch Thank YOU for turning me onto the conference last year\u2014that's where I found my Label GMOs tribe. I owe you a debt of gratitude!", "created_at": "Wed May 16 04:59:59 +0000 2012"}, {"text": "Lol RT\"@Rahmidey:Lool,u wan make I open ur transgenic now Abi? @Baraq001:wetin b kush self no b name of dr dre's track ft snoop dogg n akon?", "created_at": "Wed May 23 16:55:03 +0000 2012"}, {"text": "RT @mercola: We have the right to know what's IN our food! Support the California GMO Labeling Inititiative by ... http://t.co/BgCaeSxI", "created_at": "Wed May 23 20:49:38 +0000 2012"}, {"text": "Massive Social Outrage Over \"Natural\" Kashi Cereal Contaminated with GMOs http://t.co/CKj9l4mp", "created_at": "Wed May 23 14:46:39 +0000 2012"}, {"text": "just heard an #espn analyst call the #Lakers a \u201cheritage franchise.\u201d Next up: The heirloom #Celtics, GMO #Heat, and pesticide-laden #Pacers.", "created_at": "Wed May 23 15:49:15 +0000 2012"}, {"text": "@CarissaAnneB we really need to get GMO labeled! #SoyProtein #FitFluential", "created_at": "Thu May 24 02:04:28 +0000 2012"}, {"text": "Group meets in New Haven to gird for next push on GMO foods labeling (video) - New Haven Register http://t.co/t1eW0ILW", "created_at": "Thu May 24 01:18:10 +0000 2012"}, {"text": "@miriksmit There are many logical, rational &amp; scientific bases for opposing GMO - corporate control being just one", "created_at": "Fri May 25 16:01:48 +0000 2012"}, {"text": "Major Scientific Conference Convened to Review The Safety Of GMO Crops http://t.co/GnD3TKkv", "created_at": "Fri May 25 12:26:11 +0000 2012"}, {"text": "@slkeeton @KLSouth if we feed people well w/NON GMO foods - we're all healthier - pray for the church - so twisted.... Hail Mary... Glory Be", "created_at": "Fri May 25 21:45:23 +0000 2012"}, {"text": "Great video on GMO contamination of organic sugar beet seed http://t.co/pp7Yyz6Y", "created_at": "Fri May 25 14:42:39 +0000 2012"}, {"text": "@SamSifton yes GMO is every where, especially fed to beef. So what would be the point of labeling it? @TylerFlorence #GMO @GlobalEcoGuy", "created_at": "Fri May 25 14:54:07 +0000 2012"}, {"text": "Blatant Corruption Exposed as EU Blocks France\u2019s Ban on Monsanto\u2019s GMO Maize http://t.co/u2S9QkUc", "created_at": "Fri May 25 14:44:04 +0000 2012"}, {"text": "@ftballpicks I was just going to ask you if you have any GMO free corn?", "created_at": "Fri May 25 15:47:56 +0000 2012"}, {"text": "ASK IF CHEMTRAILS ARE HEALTHY OR GMO FOOD THAT IS BEING SHOVED DOWN OUR THROATS (live at http://t.co/3hUY1qUJ)", "created_at": "Fri May 25 18:40:29 +0000 2012"}, {"text": "\"@NextDoorCritic: GMOs in Kashi. Dammit!\" That's redonkulous..", "created_at": "Fri May 25 23:28:41 +0000 2012"}, {"text": "Environmentalism and anti-science, how GMOs prove any ideological extremity leads to anti-science http://t.co/xJkXuEga #psychology", "created_at": "Fri May 25 19:51:17 +0000 2012"}, {"text": "Jiah, yuki blang gtu, ntar jga GMO lg :pRT @yukiana: maaf, uangnya udah aku tabung untuk membeli hati yg baru ... http://t.co/UoRrzJmu", "created_at": "Tue May 08 16:16:05 +0000 2012"}, {"text": "\u201cMoney Bomb Against Monsanto\u201d Supports GMO Labeling Campaign http://t.co/4S4HZtt6 via @mercola", "created_at": "Tue May 08 10:16:48 +0000 2012"}, {"text": "Kashi Go Lean trying to clean up its act with GMOs in cereal http://t.co/eS0j47j5", "created_at": "Tue May 08 15:04:54 +0000 2012"}, {"text": "What Monsanto\u2019s fall from grace reveals about the GMO seed industry | Grist http://t.co/DJlnCzbY", "created_at": "Wed May 09 03:38:08 +0000 2012"}, {"text": "@Earthnik no it's based on a reading of food labeling regulations, nothing about the changes in typical GMO warrant labeling", "created_at": "Wed May 09 03:19:22 +0000 2012"}, {"text": "'Bitter Seeds' documentary reveals tragic toll of GMOs in India ~ #grist http://t.co/82vU7ael  @RayBeckerman @LilRodney504 @gardencatlady", "created_at": "Wed May 09 01:19:31 +0000 2012"}, {"text": "A must see of gmo in Indiahttp://grist.org/industrial-agriculture/bitter-seeds-documentary-reveals-tragic-toll-of-gmos-in-india/", "created_at": "Thu May 10 00:23:26 +0000 2012"}, {"text": "$30.32 In Free Food NON GMO http://t.co/4w2O8zqz Order Yours Today", "created_at": "Wed May 09 12:33:58 +0000 2012"}, {"text": "Beekeepers Win Ban on Monsanto's GMOs in Poland  http://t.co/NLSDHQeg #MonsantoKillsBees via @causes", "created_at": "Wed May 09 20:25:03 +0000 2012"}, {"text": "We presented comments on GMOs in school lunch at the BVSD Board mtg last night. We received an ovation from the... http://t.co/KyILFkaA", "created_at": "Wed May 09 15:16:12 +0000 2012"}, {"text": "I just dropped the Money Bomb on Monsanto http://t.co/sRZLlDI3 It's time 2 Label GMOs @food_democracy Please RT #LabelGMOs", "created_at": "Wed May 09 23:42:48 +0000 2012"}, {"text": "@PhWesH_As_BraT GMO GMO Gosh My Oh", "created_at": "Sat May 12 09:10:44 +0000 2012"}, {"text": "Evidence of GMO toxin absorption and toxicity http://t.co/5slMCxse #GMO #poison", "created_at": "Sat May 12 13:20:47 +0000 2012"}, {"text": "Farmer feeds GMO corn to his pigs: they all become sterile. http://t.co/a4RX1sDQ", "created_at": "Sat May 12 13:49:03 +0000 2012"}, {"text": "Farmer feeds GMO corn to his pigs: they all become sterile. http://t.co/wBpmjxk4", "created_at": "Sat May 12 13:49:03 +0000 2012"}, {"text": "@InjusticeFacts Also, Gates is in cahoots with Monsanto, and those \"donations\" to Africa are to help them force GMOs on African farmers", "created_at": "Sun May 13 04:55:30 +0000 2012"}, {"text": "GMO Virus creates enough electricity to power an LED screen!\nhttp://t.co/f0rmIa9T", "created_at": "Fri May 18 00:30:52 +0000 2012"}, {"text": "Its sad that there r ppl who don't even know what GMO is. That's like not having common sense type sad.", "created_at": "Thu May 17 15:35:29 +0000 2012"}, {"text": "I am an advocate for breathing! I am trying to get GMO poison out of foods/RX/Health items to save lives.TreeNuts in 99% @FoodAllergySym", "created_at": "Fri May 18 02:07:24 +0000 2012"}, {"text": "Approximately 1/4 of people in US alone have allergies, most of them food! GMO has SECRET INGREDIENTS THAT CAN AND DO KILL PEOPLE &amp; ANIMALS", "created_at": "Fri May 18 03:45:32 +0000 2012"}, {"text": "@meghanroy @toneitup SERIOUSLY!! Proud to be supporting Organic non gmo foods even if it's more expensive at the moment!! Worth it \ud83d\udc9a", "created_at": "Fri May 18 03:46:56 +0000 2012"}, {"text": "Blatant Corruption Uncovered as EU Blocks France\u2019s Ban on Monsanto\u2019s GMO Maize\n http://t.co/Qc21RtMb", "created_at": "Mon May 28 09:01:52 +0000 2012"}, {"text": "Kadako gyud aning gi GMO nga sweet corn ui! Gikutasan nakog kaon, wa pa nahurot! Phew.", "created_at": "Mon May 28 09:28:04 +0000 2012"}, {"text": "GMO yours!\u306e\u30ea\u30fc\u30c0\u30fc\u3092 @ayohata \u3068\u30c1\u30a7\u30f3\u30b8! http://t.co/5kbrBwSI", "created_at": "Mon May 28 09:48:51 +0000 2012"}, {"text": "Making a problem Worse..\nCan GMO Mosquitoes Save You From Dengue?  http://t.co/6Y2kmjZr via @motherjones", "created_at": "Mon May 28 17:14:52 +0000 2012"}, {"text": "Activists gear up to defend GMO ban http://t.co/pVv8sav0", "created_at": "Mon May 28 15:24:09 +0000 2012"}, {"text": "Bug Bite &amp; Sting Balm ~Nettles, calendula, sunflower oil olive oil, essential oil blend . NO GMO all natural and... http://t.co/WaAKNJwg", "created_at": "Tue May 29 01:31:18 +0000 2012"}, {"text": "http://t.co/vD84h9GB The wolf is in the henhouse!  GMO Monsanto buys Beelogics, the leading bee colony collapse disorder research firm.", "created_at": "Sun May 13 12:15:52 +0000 2012"}, {"text": "Survival Seed Kit, High Protein, 100% Heirloom/non GMO (Protein can be dangerously low in other seed kits): The ... http://t.co/hdVZhrYD", "created_at": "Sun May 13 15:30:38 +0000 2012"}, {"text": "If the biotech industry is so proud of GMOs, why don't they tout GMOs on food packaging labels? http://t.co/pUYVBUGq #activism #environment", "created_at": "Sun May 13 23:01:19 +0000 2012"}, {"text": "10 Ways to Spring Clean GMOs Out of Your Home http://t.co/XnN5AgCC #SpringClean #GMO #Monsanto #Kitchen #Pantry", "created_at": "Sun May 13 13:40:10 +0000 2012"}, {"text": "@_FemaleProdigy im gettnn madder &amp;madder , like dont text me mann go hang with albert einstein &amp;her gmo that dnt like you. lmao", "created_at": "Sat May 26 16:59:35 +0000 2012"}, {"text": "@JMakamba MeTL produces 40% of Tanzania's sisal, employing more than 5000 people on its farms\"&gt; Mo, what's your view on GMO sisal?", "created_at": "Sat May 26 09:29:30 +0000 2012"}, {"text": "RT @Artistic_: @DieLeipeChickie lewaj nee llik fteeh sno rood\u2022 Gmo", "created_at": "Sat May 26 10:09:06 +0000 2012"}, {"text": "I hella forgot GMO is having his unlimited tacos &amp;&amp; margarita thang today!!! Perfect \u263a", "created_at": "Sat May 26 18:47:29 +0000 2012"}, {"text": "http://t.co/DfPBPHoU MONSANTO Decides to \"INFLICT PAIN\" on the EU in response ti France Banning GMO corn for health reasons.", "created_at": "Sun May 27 03:31:10 +0000 2012"}, {"text": "@CintahNeli Lol i miss ma double black lol but yea, just a gmo one. Aaalways \ud83d\udc4d", "created_at": "Sun May 27 03:46:09 +0000 2012"}, {"text": "Reader Responds to NYT Cover Story on GMOs - http://t.co/LCslpgX7 http://t.co/LCslpgX7", "created_at": "Sat May 26 13:13:31 +0000 2012"}, {"text": "Read Latest GMO tweets \u25b8 today's top stories via @clownshooz \u25b8 http://t.co/OcZG4cOd", "created_at": "Sun May 27 01:47:48 +0000 2012"}, {"text": "Human genes engineered into experimental GMO rice being grown in Kansas http://t.co/3vi6uBcg", "created_at": "Wed May 02 17:07:44 +0000 2012"}, {"text": "@supacchai \u0e19\u0e31\u0e48\u0e19\u0e21\u0e31\u0e19\u0e04\u0e30\u0e19\u0e49\u0e32 GMO \u0e2b\u0e23\u0e2d\u0e01 #\u0e04\u0e27\u0e32\u0e21\u0e23\u0e31\u0e01\u0e08\u0e30\u0e17\u0e33\u0e43\u0e2b\u0e49\u0e40\u0e18\u0e2d\u0e19\u0e30\u0e23\u0e30\u0e2b\u0e19\u0e48\u0e2d\u0e21\u0e19\u0e30\u0e41\u0e19\u0e49\u0e21\u0e44\u0e21\u0e48\u0e44\u0e14\u0e49\u0e40\u0e1e\u0e23\u0e32\u0e30\u0e40\u0e18\u0e2d\u0e23\u0e31\u0e01\u0e40\u0e02\u0e32\u0e02\u0e49\u0e32\u0e07\u0e40\u0e14\u0e35\u0e22\u0e27 -\u0e40\u0e1c\u0e48\u0e19-", "created_at": "Wed May 02 15:38:56 +0000 2012"}, {"text": "Monsanto Sucks: NaturalSociety Exclusive: Letter Shows Monsanto Planted GMOs ... http://t.co/7YI129Uu", "created_at": "Wed May 02 18:35:49 +0000 2012"}, {"text": "GMO means \u201cGod Move Over\u201d - @drvandanashiva", "created_at": "Thu May 03 02:56:34 +0000 2012"}, {"text": "@vaxen_var @poet_carl_watts But the GMOs are SO much better for you... Get with the program Vax! (strong sarcasm intended)", "created_at": "Sun May 27 22:51:59 +0000 2012"}, {"text": "Oregon Prepares to Just Say NO! to GMO - http://t.co/UVACgfbT http://t.co/hb3CUoZl", "created_at": "Sun May 27 19:47:04 +0000 2012"}, {"text": "Monsanto's Minions in California | GMO Labeling Campaign http://t.co/zSjX1JEB via @mercola", "created_at": "Mon May 28 02:32:56 +0000 2012"}, {"text": "How GMO foods alter organ function http://t.co/ODHE79BD --- http://t.co/QUWI1SDZ", "created_at": "Mon May 28 01:30:51 +0000 2012"}, {"text": "Heirloom Non-Hybrid Garden Survival Seed 100 Varieties ~ 100 Heirloom Varieties ~ No GMO - No Hybrid - Carrot - ... http://t.co/wTmLtsyl", "created_at": "Mon May 28 04:34:14 +0000 2012"}, {"text": "\u0e21\u0e47\u0e2d\u0e1a\u0e1c\u0e39\u0e49\u0e14\u0e35\u0e15\u0e49\u0e32\u0e19\u0e1e\u0e37\u0e0a GMO \u0e0a\u0e35\u0e49\u0e2a\u0e48\u0e07\u0e1c\u0e25\u0e40\u0e2a\u0e35\u0e22\u0e2d\u0e38\u0e15\u0e2a\u0e32\u0e2b\u0e01\u0e23\u0e23\u0e21\u0e01\u0e32\u0e23\u0e40\u0e01\u0e29\u0e15\u0e23 http://t.co/IXBJstds via manager", "created_at": "Mon May 28 04:21:31 +0000 2012"}, {"text": "Activists gear up to defend GMO ban http://t.co/6GuB0bEM", "created_at": "Mon May 28 04:26:18 +0000 2012"}, {"text": "Tell following companies to stop using and selling GMO ingredients: Kellogg\u2019s/Kashi, Coco-Cola, Kraft/Nabisco, McDonald\u2019s, (cont..)", "created_at": "Sun May 20 07:57:58 +0000 2012"}, {"text": "At Disney World \"Living with the Land\" exhibit, teaching children about GMO agriculture is a fun acti... http://t.co/4Z42xXt3", "created_at": "Sun May 20 18:52:55 +0000 2012"}, {"text": "@robpatrob Hi Rob-yes the GMO monocult soy is indeed unfortunate. just curious if edamame is considered to be bad as well? Is it a veg?", "created_at": "Sun May 20 23:31:06 +0000 2012"}, {"text": "Healthy Budget: Growing with Non GMO Seed for Home Garden http://t.co/eJXrjwVD\n #Organic", "created_at": "Sun May 20 06:36:53 +0000 2012"}, {"text": "Doesn't  smell right.The G-8 \"food convention\" agreement probably means Monsanto GMO food/seeds will begin to proliferate in poor countries", "created_at": "Tue May 22 00:00:32 +0000 2012"}, {"text": "I feel since they have to keep coming up with new shit means the first shit isnt working far as fema chemtrail flouride gmo so i stop caring", "created_at": "Mon May 21 23:02:29 +0000 2012"}, {"text": "Hahhahaha when gmo calls my house.", "created_at": "Mon May 21 19:38:26 +0000 2012"}, {"text": "Bt as found in B. thuringiensis _bacteria_ is not quite the same protein as that which is used in transgenic crops.... http://t.co/gV0d2Svu", "created_at": "Tue May 22 03:18:02 +0000 2012"}, {"text": "Label GMO Battle in California: Grassroots vs. Big Ag | Health Impact News http://t.co/6kCzDP1a", "created_at": "Mon May 21 13:16:00 +0000 2012"}, {"text": "Stringent GMO Regulatory System Urged  http://t.co/tUjA5cO2", "created_at": "Tue May 22 01:44:09 +0000 2012"}, {"text": "http://t.co/Tl5lIYq3 VAROV\u00c1N\u00cd P\u0158ED GMO: 10 GMO POTRAVIN (A spojitost s ...", "created_at": "Sat May 05 22:26:49 +0000 2012"}, {"text": "GMO alert: top 10 genetically modified foods to avoid eating http://t.co/L5vplV45 via @HealthRanger", "created_at": "Sat May 05 12:40:57 +0000 2012"}, {"text": "california gmo ban | The State That Could Save the Food System | Rodale News: http://t.co/NiB1ykIQ", "created_at": "Sat May 05 17:00:01 +0000 2012"}, {"text": "Letter Shows Monsanto Planted GMOs Before USDA Approval | NationofChange http://t.co/aMKHNIuZ", "created_at": "Sat May 05 21:43:46 +0000 2012"}, {"text": "Ct Caved W/ The GMO Right To Know! Jeffrey Smith, Tara Cook-Littman &amp; Analiese Paik - 3pmEST/12PST @TheOrganicView http://t.co/9i66vu2R", "created_at": "Sat May 05 18:54:12 +0000 2012"}, {"text": "Thoughts on the demise of the #CT GMO labeling bill. http://t.co/Toa50k1l", "created_at": "Sun May 06 04:52:57 +0000 2012"}, {"text": "@HavenBourque Join us tonight 9p ET to help spread awareness of Monsanto GMO &amp;Roundup harm on the enviro. Follow hashtag #StopMonsanto", "created_at": "Wed May 30 22:58:01 +0000 2012"}, {"text": "GMO Film Project (Untitled) http://t.co/vxCjOiEZ", "created_at": "Wed May 30 16:29:07 +0000 2012"}, {"text": "EU science panel dismisses French concerns about GMO - again. http://t.co/zK78eYVM @Calestous", "created_at": "Wed May 30 20:37:38 +0000 2012"}, {"text": "Needed to share this with all of you about GMO (Genetically Modified Organism)... anyone have any thoughts/input?... http://t.co/oQpgQENn", "created_at": "Wed May 30 14:32:32 +0000 2012"}, {"text": "@jannizjae Nope. Most veggies from malls and supermarkets are produced using GMO seeds.", "created_at": "Wed May 30 19:09:05 +0000 2012"}, {"text": "Genetically Modified Foods: What Are They &amp; What's All the Fuss?: \u2026I'd like to review what GMOs are, how they ar... http://t.co/yfktAaz0", "created_at": "Wed May 30 08:18:43 +0000 2012"}, {"text": "@VanessaSigala3  Oh Yeahhh (; GMO We Talked On The Phone (; Hehee", "created_at": "Thu May 31 02:16:20 +0000 2012"}, {"text": "Monsanto's Minions in California | GMO Labeling Campaign http://t.co/4hM8JZJd via @mercola", "created_at": "Wed May 30 13:18:54 +0000 2012"}, {"text": "#StopMonsanto Forcing farmers to feed GMO corn to their cows )grain fed) when cows require grass for their stomachs is wrong. Wheres PETA?", "created_at": "Thu May 31 01:52:29 +0000 2012"}, {"text": "Environmental advocates appeal to SC to stop GMO test - Philippine Information Agency | @scoopit http://t.co/8Uc0WS4x", "created_at": "Mon May 07 08:27:39 +0000 2012"}, {"text": "Breakthrough Offers Promise of Improved GMO Testing... http://t.co/NHIVB0Sp", "created_at": "Mon May 07 11:21:09 +0000 2012"}, {"text": "Measuring the Economic Impacts of Transgenic Crops in Developing Agriculture during the First Decade: Approaches... http://t.co/93GihF4a", "created_at": "Sat May 19 09:44:40 +0000 2012"}, {"text": "@Politicolnews AND CANADA!! We have our own GMO &amp; were criticized by Macleans for being a GMO Bully! I remember giving the article to my MP.", "created_at": "Sat May 19 17:22:55 +0000 2012"}, {"text": "Beekeepers Win Ban on Monsanto's GMOs in Poland  http://t.co/G1OJxq4e #MonsantoKillsBees via @causes", "created_at": "Sat May 19 11:41:31 +0000 2012"}, {"text": "@georjjulian gmo :(( parang GM mo yung sinasabi nyeheheheh", "created_at": "Sat May 19 11:00:56 +0000 2012"}, {"text": "Why is it that the same people who make asparagus ice cream are the ones complaining about GMO foods? #googamooga", "created_at": "Sun May 20 01:35:38 +0000 2012"}, {"text": "What's more is that GMO _produce_ is more vulnerable to climate change, pests and disease. To me, that's a perfect... http://t.co/trIwfIcs", "created_at": "Tue May 22 16:18:16 +0000 2012"}, {"text": "Why You Should Care: GMOs on your plate (E6)  http://t.co/kCDrj3pl", "created_at": "Tue May 22 12:25:47 +0000 2012"}, {"text": "Rights group aims to stop killing of Canada GMO pigs - Chicago Tribune - http://t.co/m7nsj2bP", "created_at": "Tue May 22 17:16:46 +0000 2012"}, {"text": "Science: Rights group aims to stop killing of Canada GMO pigs http://t.co/iE8PBte4", "created_at": "Tue May 22 21:26:58 +0000 2012"}, {"text": "Rights group aims to stop killing of Canada GMO pigs: WINNIPEG, Manitoba (Reuters) - A U.S. animal... http://t.co/wJHDOzuD #Health #News", "created_at": "Tue May 22 19:49:36 +0000 2012"}]