[{"text": "Get #GMOs and #Monsanto out of our food! Please donate today to our special campaign to label GMOs in California. http://t.co/2xE0obNm", "created_at": "Fri Mar 16 17:35:09 +0000 2012"}, {"text": "News #Temecula: California Label GMOs Ballot Initiative Under Way - http://t.co/VLZj9j0G http://t.co/Y3S8qRgm", "created_at": "Fri Mar 16 21:40:27 +0000 2012"}, {"text": "In 92, Dan Quayle announced the FDA's anti consumer right-to-know policy which stated that GMO foods need NOT be labeled. #StopMonsanto #M16", "created_at": "Fri Mar 16 14:46:43 +0000 2012"}, {"text": "RT @ShaunCoffey: Concern about GMOs on the decline.  http://t.co/kxYL9BKk", "created_at": "Sat Mar 10 13:13:59 +0000 2012"}, {"text": "#lindaogutu GMO nininini? #hipsdontlie", "created_at": "Sat Mar 10 18:22:07 +0000 2012"}, {"text": "Transgenic Crops IV (Biotechnology in Agriculture and Forestry): This volume presents the current knowledge of p... http://t.co/dJiLGLKP", "created_at": "Sat Mar 10 15:14:29 +0000 2012"}, {"text": "What's up @MonsantoCo  - Canteen that sells food at Monsanto plant bans GMO food  because it's unhealthy | http://t.co/EryD3Ffv", "created_at": "Sun Mar 11 03:51:06 +0000 2012"}, {"text": "@NoNonsense89 thats cuz u aint eatin right u eatin gmo", "created_at": "Sat Mar 10 12:25:03 +0000 2012"}, {"text": "Comparative proteomic analysis of early salt stress-responsive proteins in roots of SnRK2 transgenic rice http://t.co/HBlRYg8k", "created_at": "Sat Mar 31 09:04:45 +0000 2012"}, {"text": "FDA Deletes 1 Million Signatures for GMO Labeling Campaign | Natural Society http://t.co/VWPRJ8At This is Criminal Governments at work", "created_at": "Sat Mar 31 10:28:05 +0000 2012"}, {"text": "@JuliaCymbalisty dna neht ew dluow teem eno noitcerid!! gmo stel od ti!", "created_at": "Sat Mar 31 21:40:47 +0000 2012"}, {"text": "Only if you eat organic-it's illegal to use GMOs in organic RT @Persaud_Travis: So we can never know what truly goes into our bodies #SOC217", "created_at": "Sat Mar 31 23:10:34 +0000 2012"}, {"text": "RT @ishtarmuz: 55 Congressman Sign a Letter to the FDA Requesting GMO Labeling http://t.co/9gv3D4z2", "created_at": "Sun Apr 01 01:47:37 +0000 2012"}, {"text": "@GmoVela hahaha DFQ?! Gmo you are random. But you're right, that would have been the only logical thing to do.", "created_at": "Thu Mar 29 22:55:19 +0000 2012"}, {"text": "Take steps to prevent GMO contamination: ... 90 percent of cotton and 88 percent of corn according to the US Dep... http://t.co/RgdgHOQO", "created_at": "Thu Mar 29 22:37:42 +0000 2012"}, {"text": "ASAP? RT @IndianaGrainCo: grains selling off GMO MOC", "created_at": "Thu Mar 29 17:40:40 +0000 2012"}, {"text": "Soy is NOT a health food! GMO Soy(Currently over 91% of Soy in the US is GMO) Kills Baby Rats in Just 3 weeks: (cont) http://t.co/KXGlMmpu", "created_at": "Thu Mar 29 20:01:30 +0000 2012"}, {"text": "GMO Varieties Could Harm Wild Relatives - http://t.co/ek7aaVqr", "created_at": "Fri Mar 30 05:13:54 +0000 2012"}, {"text": "Yaudeeee -_- \"@AnistaLIA: tp hati ku kekunci be -- RT @KimYolund: Aku lg d'hatimu :D \"@AnistaLIA: km lg d.arab yaa be :o RT @KimYolund: Gmo", "created_at": "Thu Mar 29 14:22:14 +0000 2012"}, {"text": "FDA Eliminates 1 Million Signatures for GMO Labeling on \u2018Technical\u2019 Reasons http://t.co/aJVSx8N7", "created_at": "Thu Mar 29 18:07:38 +0000 2012"}, {"text": "Vermont Right to Know GMOs http://t.co/xHSjeFgF", "created_at": "Fri Mar 30 01:36:02 +0000 2012"}, {"text": "Just blogged: GMO to apply for .yokohama http://t.co/m03nDAAo #icann #newgtlds", "created_at": "Sun Mar 18 12:08:53 +0000 2012"}, {"text": "Three Approved GMOs Linked to Organ\u00a0Damage http://t.co/s1HAjPL8 via @wordpressdotcom", "created_at": "Sun Mar 18 15:12:33 +0000 2012"}, {"text": "France Bans GM Corn Amid Mass US Protests against Monsanto - http://t.co/ERf2eqXX\nAre the GMO foods any answer to world hunger?...Dean", "created_at": "Sun Mar 18 23:57:52 +0000 2012"}, {"text": "Healthy Budget: Growing with Non GMO Seed for Home Garden | ecogreen4us http://t.co/1McMcCpU", "created_at": "Mon Mar 19 03:15:12 +0000 2012"}, {"text": "Know the difference: 'Natural' foods are not organic, often contain GMOs and other toxins http://t.co/LR2sysml", "created_at": "Mon Mar 19 01:27:24 +0000 2012"}, {"text": "Sign the petition to the FDA and demand to have GMO containing products and foods labeled as such!  http://t.co/uG9xGFto", "created_at": "Mon Mar 19 01:31:04 +0000 2012"}, {"text": "@Frescovic @lindyakasweetie only problem with GMO is that Corp keep data secret and won't test on more than 3months http://t.co/dcdXnPxz", "created_at": "Mon Mar 19 04:16:20 +0000 2012"}, {"text": "Gov't helping big agri & GMO again: USDA speeds up GMO approvals: http://t.co/I4TW9NB1", "created_at": "Sat Mar 03 18:10:26 +0000 2012"}, {"text": "Survival Fruit Seeds Only $21.99 Non Hybrid NO GMO Real Survival Seeds Each variety of our Non Hybrid, Heirloom,... http://t.co/NZ0BREWD", "created_at": "Sun Mar 04 00:53:50 +0000 2012"}, {"text": "@thatordengirl lol I got excited so what.. and  so you're still with gmo I'm guessing", "created_at": "Sun Mar 04 03:50:11 +0000 2012"}, {"text": "48 Hours to Tell Congress to Label GMOs http://t.co/e37D0Rlu via @zite", "created_at": "Tue Mar 06 23:02:11 +0000 2012"}, {"text": "@stella_coffey are you familiar with Tomorrow's Table? http://t.co/Teur4QzE Organics and GMOs could be the perfect marriage! @pcronald", "created_at": "Tue Mar 06 09:25:18 +0000 2012"}, {"text": "Wells Fargo Advantage Funds Offers GMO Absolute Return Strategy via New Fund: SAN FRANCISCO... http://t.co/oMdRgfLd http://t.co/1DUPtjXc", "created_at": "Thu Mar 01 17:37:14 +0000 2012"}, {"text": "PiS przeciwko GMO http://t.co/K8NabENI", "created_at": "Fri Mar 02 01:33:06 +0000 2012"}, {"text": "@ULANdevera GMO Genetically Modified Organism :( #NoToGMO :D", "created_at": "Thu Mar 01 11:52:44 +0000 2012"}, {"text": "Monsanto's Minions Attack Californians' Right to Know About GMOs http://t.co/9w5zEJKj", "created_at": "Thu Mar 01 21:28:44 +0000 2012"}, {"text": "@Jon_Lien GMO har potensiale til \u00e5 bli en kombinasjon av det verste fra Copywrong, Patenttroll og Pharmasyindustrien. @anneviken", "created_at": "Thu Mar 01 15:29:54 +0000 2012"}, {"text": "Wells Fargo Advantage Funds Offers GMO Absolute Return Strategy via New Fund http://t.co/EKIbBnkQ #investing", "created_at": "Thu Mar 01 15:36:51 +0000 2012"}, {"text": "connecting w/ motivated food activists @ #occupyPortland! city hall vigil project is how i try 2 help #OPDX. GMO reasons + homeless advocacy", "created_at": "Thu Mar 01 19:17:28 +0000 2012"}, {"text": "@NandaErl @iqbaluz lucunya, bibit GMO gak boleh dipake, tapi produk GMO impor banjir di indonesia. cont: kedele.", "created_at": "Thu Mar 01 09:38:30 +0000 2012"}, {"text": "Anyone out there engineering giant, genetically-modified bioluminescent insects for alternative, low-cost interior lighting? DM me!", "created_at": "Thu Mar 01 14:56:53 +0000 2012"}, {"text": "VIDEO: GMO Look At The Day Ahead http://t.co/WmnCohHu", "created_at": "Thu Mar 01 14:31:33 +0000 2012"}, {"text": "Monsanto Sucks: Monsanto&#39;s GMO bt sweet corn comes to Walmart http://t.co/UnVICTGh", "created_at": "Fri Mar 02 02:35:11 +0000 2012"}, {"text": "#USDA to Give #Monsanto\u2019s New GMO Crops Special \u2018Speed Approval\u2019: If you thought Monsanto\u2019s lack of testing on their... http://t.co/OzPr4jmL", "created_at": "Fri Mar 02 02:43:23 +0000 2012"}, {"text": "#USDA to Give #Monsanto\u2019s New GMO Crops Special \u2018Speed Approval\u2019: If you thought Monsanto\u2019s lack of testing on their... http://t.co/OzPr4jmL", "created_at": "Fri Mar 02 02:43:23 +0000 2012"}, {"text": "@perennialplate I believe it's cuz they don't want the public to know just how MUCH GMOs are in our food. GMOs are about $ vs higher good.", "created_at": "Sat Mar 24 16:40:10 +0000 2012"}, {"text": "@supertascha @YubaNet recently found GMOs are killing them and the bees", "created_at": "Sat Mar 24 17:29:22 +0000 2012"}, {"text": "Scientists Warn EPA Over Monsanto\u2019s GMO Crop Failures, Dangers - Anthony GucciardiNaturalSociety March 12, 2012A... http://t.co/0OpjS9c9", "created_at": "Sat Mar 24 18:48:02 +0000 2012"}, {"text": "Hungary Destroys Its Monsanto GMO Corn Fields | The Therapy Book http://t.co/8XNM62Wz via @addthis #GMO", "created_at": "Sun Mar 04 23:59:20 +0000 2012"}, {"text": "How to identify gmo foods.-  http://t.co/8IB7gSGy", "created_at": "Mon Mar 05 01:44:18 +0000 2012"}, {"text": "\"while some see GMOs as the way to the future, others believe that scientists have gone too far, tinkering with the essence of life\" BS.", "created_at": "Mon Mar 05 01:32:15 +0000 2012"}, {"text": "Bill Gates Giving GMO Seeds To Asia and More!  200,000 Indian Farmers Have Died Because of GMO Seed Crop Failure! http://t.co/oIzbC0hM", "created_at": "Sun Mar 04 22:43:35 +0000 2012"}, {"text": "I uploaded a @YouTube video http://t.co/oO8ELqci People4Truth - GMO Protest - March 3rd, 2012", "created_at": "Sun Mar 04 22:28:51 +0000 2012"}, {"text": "GMO DEADLY LITTLE SECRETS NOBODY WANTS YOU TO KNOW! And Cat in NETL Contaminated Field!, Albany OR http://t.co/Lvncndnk", "created_at": "Sun Mar 04 16:51:53 +0000 2012"}, {"text": "GMO OMG - I need the shirt Robert Herring is wearing at #MegaIIN.", "created_at": "Sun Mar 04 19:06:22 +0000 2012"}, {"text": "Hungary Destroys All Monsanto GMO Corn Fields http://t.co/n7JvFuF5", "created_at": "Mon Mar 05 02:40:55 +0000 2012"}, {"text": "RT @THEBODYSCIENCE: Companies who engineer genetically-modified foods and those who allow it to be done are bio-terrorists!!", "created_at": "Sun Mar 11 22:42:29 +0000 2012"}, {"text": "Bill Gates' Clueless Fabrication on GMOs in Poor Countries http://t.co/UZQ6AF63 via @mercola", "created_at": "Mon Mar 12 00:30:29 +0000 2012"}, {"text": "Amy's Organic Cream of Mushroom Soup, 14.1-Ounce Cans (Pack of 12): No GMOs - No bioengineered ingredients. USDA... http://t.co/dEmOXe6q", "created_at": "Sun Mar 11 09:08:33 +0000 2012"}, {"text": "Healthy Budget: Growing with Non GMO Seed for Home Garden http://t.co/eJXrjwVD", "created_at": "Sun Mar 11 17:35:11 +0000 2012"}, {"text": "Another unfortunate GMO incident\u2026.  http://t.co/idYu26Rl", "created_at": "Sun Mar 11 17:01:52 +0000 2012"}, {"text": ".@Greenpeaceafric am looking for religious groups' opinions on GMOs in Cameroon. Please tweet me back if you can help. Tnx!", "created_at": "Sun Mar 11 17:09:39 +0000 2012"}, {"text": "New Connecticut Bill Seeks GMO Labeling http://t.co/sTk3L81f", "created_at": "Sun Mar 11 20:30:06 +0000 2012"}, {"text": "Pliss smua bs koj dpassiiin ssuai porsinya jgn sampe yg gmpng jd susah yg susah jd gmo", "created_at": "Wed Mar 14 16:22:12 +0000 2012"}, {"text": "#GreenLiving: Ban Monsanto's GMO Insecticide-Producing Crops! http://t.co/pobtvTzC", "created_at": "Wed Mar 14 16:37:52 +0000 2012"}, {"text": "New Post:: Scientists Warn EPA Over Monsanto\u2019s GMO Crop Failures, Dangers http://t.co/Cg8d6fC2", "created_at": "Wed Mar 14 09:45:21 +0000 2012"}, {"text": "GMO Registry Receives Letter of Support from City of Yokohama to Operate New Generic Top Level Domain, .yokohama", "created_at": "Wed Mar 14 20:41:07 +0000 2012"}, {"text": "TEDxAustin Robyn O'Brien 2011 \nGMO Food Allergy Mainstream View \nhttp://t.co/IhuCNUkU http://t.co/fttLaWmt", "created_at": "Wed Mar 14 21:46:50 +0000 2012"}, {"text": "Hopefully skipping track will help Gmo get the message that i DO NOT want to join the long distance fam", "created_at": "Wed Mar 14 19:01:11 +0000 2012"}, {"text": "@BrettGurewitz is there a reason not to support The California Right to Know ballot initiative on GMO labeling?", "created_at": "Thu Mar 15 02:37:57 +0000 2012"}, {"text": "GMO foods.... http://t.co/qPY1dAtC", "created_at": "Thu Mar 15 22:00:40 +0000 2012"}, {"text": "Help support the GMO labeling campaign in California http://t.co/npqXA8Fu", "created_at": "Thu Mar 15 22:05:06 +0000 2012"}, {"text": "Dr Mercola: Bill Gates: One of the World's Most Destructive Do-Gooders? (And Monsanto and GMO Foods) http://t.co/1g5EXA6g", "created_at": "Thu Mar 15 07:00:24 +0000 2012"}, {"text": "GMO NEWS: Fifty-Five Members Of Congress Call On FDA To Require Labeling Of Genetically Engineered Foods - http://t.co/qPJeoYa6", "created_at": "Thu Mar 15 18:31:42 +0000 2012"}, {"text": "\"Let's at least get out facts right\" om att b\u00f6nder anv\u00e4nder GMO f\u00f6r att de ger nytta i jordbruket, inte f\u00f6r att vara suckup \u00e5t Monsanto.", "created_at": "Thu Mar 15 18:19:39 +0000 2012"}, {"text": "My senator just assured me that GMO is already in a majority of my foods.  Ah, no, senator - I work hard so it's not.", "created_at": "Thu Mar 15 19:19:06 +0000 2012"}, {"text": "tired of waiting for the Govt to make corp's label GMO foods ? then do it yourself..  heres how.. http://t.co/UlZTM1kH", "created_at": "Fri Mar 16 03:10:27 +0000 2012"}, {"text": "RT @IDoThat2: Yelling at inanimate objects\n @JAMINJASH - or gmo", "created_at": "Fri Mar 23 20:05:20 +0000 2012"}, {"text": "Monsanto and GMO detractor's concerns are misplaced. Case in point: herbicide resistant sorghum and johnsongrass. http://t.co/AniXQKPf", "created_at": "Fri Mar 23 15:14:55 +0000 2012"}, {"text": "RT @kukkikdukdik : Survival Fruit Seeds Only $21.99 Non Hybrid NO GMO Real Survival Seeds Each variety of our No... http://t.co/36rTkroi", "created_at": "Fri Mar 23 11:33:29 +0000 2012"}, {"text": "GMO Labeling Law Wins Backing In Connecticut http://t.co/OHFgemes", "created_at": "Fri Mar 23 13:54:08 +0000 2012"}, {"text": "Natural GMOs Part 129. How Ruby the Retrotransposon Makes Oranges Better for You http://t.co/aOd5apBb", "created_at": "Sat Mar 24 01:04:05 +0000 2012"}, {"text": "GMO apologist totally gets my goat | hour13 http://t.co/VcsAoTOf", "created_at": "Sun Mar 25 18:14:22 +0000 2012"}, {"text": "Monsanto Closing Operations in Britain Due to Opposition to GMO Food http://t.co/eDHyKPv7", "created_at": "Sun Mar 25 18:52:01 +0000 2012"}, {"text": "@washingtonpost While maybe not always the case, FDA now works to help big biz make $$; we get sick meat, pink slime, GMOs and killer pills.", "created_at": "Sun Mar 25 13:36:58 +0000 2012"}, {"text": "Please act against GMO Potato trial ireland before deadline Tuesday 27th March http://t.co/tWbWDoi7", "created_at": "Mon Mar 26 01:56:24 +0000 2012"}, {"text": "Genetically Modified Food Examples - GMOs  Genetically Modified Organisms  GM FoodsGMO stands for genetically modifi... http://t.co/fsYNUKRQ", "created_at": "Thu Mar 08 23:33:37 +0000 2012"}, {"text": "NO GMO BY LAUREL MARIE SOBOL http://t.co/WNEI74dx", "created_at": "Thu Mar 08 17:02:48 +0000 2012"}, {"text": "#India: GMO Crops Yield 250,000 Suicides, Hunger, Pesticides, Superbugs, Superweeds & Profits for #Monsanto http://t.co/YK5JDqN2 v @dailykos", "created_at": "Fri Mar 09 06:54:58 +0000 2012"}, {"text": "Check out Secretaria Relaciones Exteriores (Marquez de Leon, Ramirez y Gmo Prieto, La Paz) on @foursquare: http://t.co/5YvhYWtB", "created_at": "Thu Mar 08 15:51:31 +0000 2012"}, {"text": "The News Record :: Government hushing dangers of GMOs http://t.co/l9M8My6R via @newsrecord_uc", "created_at": "Thu Mar 08 15:36:48 +0000 2012"}, {"text": "Along with GMO food we need to label the pink slime in meat. #Justlabelit", "created_at": "Fri Mar 09 00:22:36 +0000 2012"}, {"text": "RT - \"@CanarsieBK: The Great GMO Experiment: There Is No Opt-Out Or Is There? http://t.co/TEkLCNcR\"", "created_at": "Thu Mar 08 09:31:25 +0000 2012"}, {"text": "I liked a @YouTube video http://t.co/j5MPjxI8 GMO Crops Killing Wrong Species -Alex Jones Infowars Nightly Ne", "created_at": "Thu Mar 08 07:56:28 +0000 2012"}, {"text": "@lhagvasuren harin tiimee, medeelel ih heregtei bn.deer ni huulindaa importiin baraand GMO gsn temdeglegeeg shaardah heregtei bna", "created_at": "Fri Mar 09 03:09:29 +0000 2012"}, {"text": "Unwitting Public Consumes More GMO foods As Evidence of Harm Mounts http://t.co/pYi53pNx", "created_at": "Thu Mar 08 12:05:39 +0000 2012"}, {"text": "@BarackObama Did you guys eat Organic or GMO dinner?", "created_at": "Fri Mar 09 22:39:22 +0000 2012"}, {"text": "8 Steps to Take Action Against Genetically Modified Organisms in Food: No More GMOs http://t.co/4kaXcvcu", "created_at": "Fri Mar 09 19:10:45 +0000 2012"}, {"text": "at omg gmo talk at expo. Best thing u can do to have labels on gmo products. http://t.co/HHa7Mgd3", "created_at": "Fri Mar 09 14:53:35 +0000 2012"}, {"text": "@winstoncrose most soy products are gmo unless stated.", "created_at": "Mon Mar 12 22:13:40 +0000 2012"}, {"text": "California tortures Farmer against GMO foods  http://t.co/6ZgE7IQv", "created_at": "Mon Mar 12 07:26:42 +0000 2012"}, {"text": "Like this page!  Hurricane Utah has an organic, pesticide and GMO Free Community Garden in the works and it is... http://t.co/6mKIJ9y8", "created_at": "Mon Mar 12 17:52:22 +0000 2012"}, {"text": "I'm at MONSANTO GMO (Evansville, Indiana) http://t.co/7vPIMswy", "created_at": "Mon Mar 12 17:50:21 +0000 2012"}, {"text": "19 Studies Find That GMOs Aren\u2019t Up to Consumer Safety Protection Standards | Occupy Monsanto http://t.co/8M0PdZni", "created_at": "Mon Mar 12 20:20:05 +0000 2012"}, {"text": "FDA petition to label GMOs nears one million signatures - sign it today! http://t.co/2JfmUbSo", "created_at": "Tue Mar 13 05:32:09 +0000 2012"}, {"text": "19 Studies Find That GMOs Aren\u2019t Up to Consumer Safety Protection Standards | Occupy Monsanto http://t.co/hUBacRNk", "created_at": "Mon Mar 12 15:35:46 +0000 2012"}, {"text": "Thx4 RT @safemilkmoms: Walmart: Behind the Curve on GMO Corn http://t.co/2pNDAyR2 via @GenGrn #nogmo", "created_at": "Mon Mar 12 19:30:17 +0000 2012"}, {"text": "@wynmaker @FoodBlogCT It is, though as I understand it, maize and grain farmers have been more GMO accepting than, say, the wine industry :)", "created_at": "Mon Mar 12 11:40:06 +0000 2012"}, {"text": "SHOCK: approved for consumption Monsanto GMO corn causes organ failure in mammals via @huffpostgreen http://t.co/CTLDlRYU", "created_at": "Mon Mar 12 13:02:12 +0000 2012"}, {"text": "@DanaMcCauley You may want to check out Salt Spring Island Seeds...all heritage and no GMO seed...great garlic to plant in the fall!", "created_at": "Sun Mar 18 00:51:25 +0000 2012"}, {"text": "GMO protesters shut down Monsanto offices in Davis, CA ... - http://t.co/j9P2ME6i", "created_at": "Sun Mar 18 05:47:16 +0000 2012"}, {"text": "Campaign Against GMO Food Major Theme at Natural Products Expo West 2012 (Video): Several attending companies ha... http://t.co/uWM4yIOY", "created_at": "Sat Mar 17 14:51:57 +0000 2012"}, {"text": "Study ties GMO corn, soybeans to butterfly losses | http://t.co/vXZZkKT8 http://t.co/iwxipUF0", "created_at": "Sat Mar 17 14:57:00 +0000 2012"}, {"text": "Green News:  Campaign Against GMO Food Major Theme at Natural Products Expo West 2012 (Video) http://t.co/HHvuSlGF", "created_at": "Sat Mar 17 14:38:06 +0000 2012"}, {"text": "GMOs are going to be the death of me. #motherfuckers", "created_at": "Sat Mar 17 14:52:33 +0000 2012"}, {"text": "Natural' foods are not organic, often contain GMOs and other toxins \n http://t.co/LunGvb3I", "created_at": "Sat Mar 17 15:50:05 +0000 2012"}, {"text": "Word on the Street: What Do You Think About the GMO Labeling Initiative?: I think California and Florida stand t... http://t.co/nvFuz3L8", "created_at": "Sat Mar 17 23:43:39 +0000 2012"}, {"text": "If I didn't live 30 minutes away from Beca I would be all over the Gmo dance but I'm just too lazy to drive", "created_at": "Sat Mar 17 23:39:40 +0000 2012"}, {"text": "Natural' foods are not organic, often contain GMOs and other toxins \n http://t.co/ziaVgXVB", "created_at": "Sat Mar 17 23:50:03 +0000 2012"}, {"text": "Ask Monsanto to stop using GMO seeds ACTION http://t.co/LagLfKil", "created_at": "Sat Mar 17 19:07:56 +0000 2012"}, {"text": "Gmo he do cute when he turns into batman.c:", "created_at": "Sun Mar 18 04:07:06 +0000 2012"}, {"text": "@gmo917 thanx for the RT, but u do realize that was an argument AGAINST gmo labeling right?", "created_at": "Wed Mar 28 22:46:46 +0000 2012"}, {"text": "Farmer feeds GMO corn to his pigs: they all become sterile.: http://t.co/FW2HaoWe via @youtube", "created_at": "Wed Mar 28 16:20:24 +0000 2012"}, {"text": "Anti-insect wheat trials underway: The first experiments with plants genetically-modified to repel aphids are un... http://t.co/TEwMXGlE", "created_at": "Wed Mar 28 17:06:03 +0000 2012"}, {"text": "Urgent national Walmart action:  commit to not selling GMO corn by April 1.   888-869-0399  Press 2, 1, 1.", "created_at": "Wed Mar 28 20:59:05 +0000 2012"}, {"text": "FYI-Monsanto won't serve gmo foods in their own cafeterias. What does that tell you?", "created_at": "Wed Mar 28 18:05:51 +0000 2012"}, {"text": "How they gon have all this Filipino food in gmos but not have no lumpia? Outta all my Filipino friends food I miss the most, it's LUMPIA.", "created_at": "Wed Mar 28 19:58:59 +0000 2012"}, {"text": "Massive public protests spur France to ban plantings of Monsanto's MON810 GMO corn http://t.co/B4cbguMs", "created_at": "Wed Mar 28 11:23:36 +0000 2012"}, {"text": "Tell @Walmart: Stand up for consumer safety and reject Monsanto's untested, unlabeled GMO sweet corn: http://t.co/4dMsKFgM @CREDOMobile #gmo", "created_at": "Tue Mar 13 16:29:07 +0000 2012"}, {"text": "Tell @Walmart: Stand up for consumer safety and reject Monsanto's untested, unlabeled GMO sweet corn: http://t.co/U4FTJuB7 @CREDOMobile #gmo", "created_at": "Tue Mar 13 18:03:29 +0000 2012"}, {"text": "FDA petition to label GMOs nears one million signatures - sign it today! http://t.co/KWqXzfS3 #health #sickness #hib_jobs", "created_at": "Tue Mar 13 06:45:09 +0000 2012"}, {"text": "55 Congressman Sign a Letter to the FDA Requesting GMO Labeling  http://t.co/4AQcgVp4 via @AddThis", "created_at": "Tue Mar 13 13:57:53 +0000 2012"}, {"text": "Neal's Yard Remedies Organic products do not contain GMO #natural #organic http://t.co/TjbsuWWl", "created_at": "Mon Mar 26 09:45:06 +0000 2012"}, {"text": "Dear friends, as promised, here is the briefing on the legal position concerning GMOs in SA. It is titled, 'GM... http://t.co/6Dwu6VYZ", "created_at": "Mon Mar 26 07:47:56 +0000 2012"}, {"text": "#F27: Let's Occupy Our Food Supply By Labeling GMOs | Care2 Causes http://t.co/7vwH5AJT", "created_at": "Sat Mar 03 01:36:08 +0000 2012"}, {"text": "GMO ALERT : Jeffrey M. Smith RevealsShockingInfo&Possible Connection to Autism - NaturalNews.tv http://t.co/18naZcfX via @HealthRanger", "created_at": "Fri Mar 02 13:58:53 +0000 2012"}, {"text": "Gmo", "created_at": "Fri Mar 02 08:49:03 +0000 2012"}, {"text": "GMO Receives Government Support For .OSAKA via @domannews http://t.co/Yxv0GQM5 #IDNs #TLDs", "created_at": "Fri Mar 02 16:30:01 +0000 2012"}, {"text": "Americans are speaking up! One million tell FDA to label GMOs - you should, too! http://t.co/QxmWYydL", "created_at": "Tue Mar 27 20:41:23 +0000 2012"}, {"text": "RT @OutpostCoop 91% of all Americans can't be wrong. Over 1 million signatures to the FDA on required labeling of GMOs http://t.co/tKf3Q8bS", "created_at": "Tue Mar 27 20:47:52 +0000 2012"}, {"text": "@Trisbreezy22 \ud83d\ude1d\u00bfoot anigav ym gmo ooooooooooafml", "created_at": "Tue Mar 27 18:18:44 +0000 2012"}, {"text": "@Ada_Vodkar Thanks for the RT. Time to act/share!: The Dangers of Eating GMOs with Dr. Oz (video) http://t.co/ckqMvt6s via @OrganicConsumer.", "created_at": "Tue Mar 20 22:57:39 +0000 2012"}, {"text": "@ShinerW define mutatuons, cloning, transgenic organisms", "created_at": "Tue Mar 20 22:47:15 +0000 2012"}, {"text": "GMO NIKKO\u5c0f\u6797\u304f\u3093\u306b\u3088\u308b\u30a2\u30c9\u8ad6\u30a8\u30f3\u30c8\u30ea\uff5c\u30a2\u30c8\u30ea\u30d3\u30e5\u30fc\u30b7\u30e7\u30f3\u601d\u8003\u306e\u5165\u9580\u30d1\u30fc\u30c8\uff12\uff5e\u691c\u7d22\u884c\u52d5\u306e\u5f37\u3055\u3092\u6d3b\u304b\u3059\u306b\u306f\uff5e http://t.co/c5nf9WjV", "created_at": "Wed Mar 21 05:42:42 +0000 2012"}, {"text": "Label GMOs in our food ~ Interview Frank Plughoff @earthnik ~ The Program with Stephen Leader 03/20/12 http://t.co/FITqW0xv #gmo #monsanto", "created_at": "Wed Mar 21 05:13:16 +0000 2012"}, {"text": "RT @we99korea: RT @mesies7: \ubaac\uc0b0\ud1a0\uac00 \uc0c8\ub9cc\uae08 GMO \uc900\ube44\uc911\uc785\ub2c8\ub2e4. \uc7a5\ub2e8 \ub9de\ucd9c \uad6d\ub0b4 \uc7ac\ubc8c \ub9ce\uaca0\uc9c0\uc694. \uc778\ub3c4\uc5d0\uc120 \ubaac\uc0b0\ud1a0 \uc18c\uc1a1... http://t.co/Y7hYWqex", "created_at": "Tue Mar 20 14:04:29 +0000 2012"}, {"text": "Preservative free, non gmo #fruits and #veggies http://t.co/9W69rPIt #foodstorage #food #emergencypreparedness", "created_at": "Wed Mar 21 01:45:43 +0000 2012"}, {"text": "France Bans GMO Corn Amid Mass US Protests Against Monsanto  http://t.co/sWBSpJk4", "created_at": "Wed Mar 21 01:10:17 +0000 2012"}, {"text": "Want to avoid GMOs? Here's how: Support your local farmers who avoid GMO organisms! http://t.co/dKlGzAJE", "created_at": "Wed Mar 21 14:25:35 +0000 2012"}, {"text": "Sign it!!~&gt;RT @OrganicValley: Great infographic on GMO labeling. Have you signed the petition yet? http://t.co/VUJDRZJ9", "created_at": "Wed Mar 21 15:27:55 +0000 2012"}, {"text": "Monsanto\u2019s GMO Corn Contributing to Weight Gain, Disrupts Organs\nhttp://t.co/ekIen9y2", "created_at": "Wed Mar 21 15:13:54 +0000 2012"}, {"text": "#GMO #AGRA #MONSANTO #PHILANTHROPY #JUSTICE #GATES Gates' Clueless Fabrication on GMOs in Poor Countries http://t.co/wNlOIDqP via @mercola", "created_at": "Mon Mar 05 08:35:20 +0000 2012"}, {"text": "Great blog post from @glenndavisstone: very hard to attribute increased yields in India to transgenic Bt cotton http://t.co/0MXpA0Cb", "created_at": "Mon Mar 05 15:12:36 +0000 2012"}, {"text": "Bil Gates Fabrication on GMOs in Poor Countries http://t.co/VAbwL8Sy via @mercola", "created_at": "Mon Mar 05 16:14:20 +0000 2012"}, {"text": "How GMO foods alter organ function and pose a very real health threat to...: http://t.co/zbxgjyuk via @youtube", "created_at": "Mon Mar 05 20:33:04 +0000 2012"}, {"text": "GMO = General Mills Options", "created_at": "Tue Mar 06 04:41:34 +0000 2012"}, {"text": "FDA Deletes 1 Million Signatures for GMO Labeling Campaign: NaturalSociety | Evidently, the FDA cou... http://t.co/30HAyaMQ\n #theintelhub", "created_at": "Fri Mar 30 14:20:12 +0000 2012"}, {"text": "So here how its gonna be . Tonight- Leadership. Tomorrow morning - GMO . Because afternoon got kendurii!!!! ^O^", "created_at": "Fri Mar 30 14:45:44 +0000 2012"}, {"text": "FDA Deletes 1 Million Signatures for GMO Labeling Campaign http://t.co/r9yiUR8a", "created_at": "Fri Mar 30 15:29:08 +0000 2012"}, {"text": "I can only imagine how many GMO Monsanto foods I've ingested this morning amongst other things. #lifeontheroad", "created_at": "Fri Mar 30 13:11:10 +0000 2012"}, {"text": "@C_M_O_N_E thats true. Its all up to the parents tho. All the government gonna do is take custody and feed kids this poison GMO foods anyway", "created_at": "Wed Mar 07 10:29:14 +0000 2012"}, {"text": "European Union approves 11 new transgenic crops in 8 months | Food Freedom - http://t.co/vEBTHi7u #gmo #monsanto #foodfreedom #p2", "created_at": "Wed Mar 07 21:38:23 +0000 2012"}, {"text": "Monsanto Investor Bill Gates Says GMO Crops Fight Starvation | Natural Society http://t.co/6XfDq1C3", "created_at": "Wed Mar 07 22:00:08 +0000 2012"}, {"text": "Bill Gates' Clueless Fabrication on GMOs in Poor Countries http://t.co/52drzt9b We don't want your modified foods. It modifies our DNA", "created_at": "Thu Mar 08 06:49:34 +0000 2012"}, {"text": "Plant Powered Living interviews Sheri Fogarty, San Diego Area Coordinator, Label GMOs - Ballot Initiative... http://t.co/x0frQTqR", "created_at": "Wed Mar 07 07:38:41 +0000 2012"}, {"text": "@swagdesu GMO", "created_at": "Mon Mar 19 22:31:11 +0000 2012"}, {"text": "Healthy Budget: Growing with Non GMO Seed for Home Garden | ecogreen4us http://t.co/enFXNBOp", "created_at": "Mon Mar 19 09:15:19 +0000 2012"}, {"text": "CHEMTRAILS AND GMO USE/SPRAYS LINK TO EUGENICS/NWO/UNITED NATIONS- LATE 1980'S+ RISE IN GLOBAL WARMING &amp; RESPIRA./NEURO http://t.co/XmUoMOhK", "created_at": "Mon Mar 19 07:43:35 +0000 2012"}, {"text": "Healthy Budget: Growing with Non GMO Seed for Home Garden | ecogreen4us http://t.co/lC3KWbrc", "created_at": "Mon Mar 19 17:15:40 +0000 2012"}, {"text": "GMO Protesters Shut Down California Monsanto Office http://t.co/SWz5nK9D", "created_at": "Mon Mar 19 20:39:49 +0000 2012"}, {"text": "RiseEarth: GMO Protesters Shut Down California Monsanto Office (gmo foods are bad for health)http://t.co/Axl51Luf", "created_at": "Mon Mar 19 21:40:39 +0000 2012"}, {"text": "Your dog is genetically modified too: Some even claim that eating these GMO foods could be harmful. I'd like to ... http://t.co/1eSFAP2d", "created_at": "Mon Mar 19 23:50:14 +0000 2012"}, {"text": "Czy s\u0105 wiarygodne badania na temat organizm\u00f3w genetycznie modyfikowanych? Czy odrzucenie GMO nie odbierze nam... http://t.co/iTsNLOhJ", "created_at": "Mon Mar 19 11:53:47 +0000 2012"}, {"text": "Healthy Budget: Growing with Non GMO Seed for Home Garden | ecogreen4us http://t.co/d9bAdl07", "created_at": "Tue Mar 20 01:15:25 +0000 2012"}, {"text": "GMO Protesters Shut Down California Monsanto Office", "created_at": "Thu Mar 22 15:23:16 +0000 2012"}, {"text": "Ban Monsanto's GMO Insecticide-Producing Crops! http://t.co/lrYlXe9x via @AddThis", "created_at": "Thu Mar 22 23:23:37 +0000 2012"}, {"text": "GMO Labeling Law Wins Backing In Connecticut - Huffington Post http://t.co/5NMAy1OY #connecticut", "created_at": "Thu Mar 22 13:27:46 +0000 2012"}, {"text": "Poisoning Americans Daily: Genetically-Modified Soda, Tofu, and Chips http://t.co/I8Pz8YJ6", "created_at": "Thu Mar 22 13:58:19 +0000 2012"}]