[{"text": "Don't celebrate yet, but a grassroots victory against GMO deception is now inevitable http://t.co/5iUqR7QR", "created_at": "Tue Oct 16 22:28:15 +0000 2012"}, {"text": "GMO Foods: Are They Dangerous to Your Health? via @IRTnoGMOs", "created_at": "Tue Oct 16 22:44:55 +0000 2012"}, {"text": "Not labeling GMOs on food packaging is immoral and should be illegal.  @joerogan  @livefreeordoom Get the word out!!  http://t.co/iWmD2TvE", "created_at": "Tue Oct 16 16:20:14 +0000 2012"}, {"text": "Genetic Roulette: Film Exposes GMO Health Risks http://t.co/zMaql9R1", "created_at": "Tue Oct 16 16:02:22 +0000 2012"}, {"text": "Victory against GMO deception inevitable http://t.co/GITtI4PZ", "created_at": "Tue Oct 16 16:18:45 +0000 2012"}, {"text": "Tell Trader Joe's to support labeling of GMO food: http://t.co/8hgB3Lq7 (via @Sum_Of_Us)", "created_at": "Tue Oct 16 09:19:42 +0000 2012"}, {"text": "@SkepticalVegan ppl have been eating GMOs&amp; raising generations of pets on GMOs for decades, hospitals &amp; petshops: that is why so many cancer", "created_at": "Tue Oct 16 20:08:21 +0000 2012"}, {"text": "Just played: GMO Feat Beth Gibbons - JJ DOOM - KEY TO THE KUFFS - CLEAN(unknown)", "created_at": "Tue Oct 16 20:38:47 +0000 2012"}, {"text": "@ellenmalloy What a writeup!! @onehundredmeals It is complicated! http://t.co/StHihQLV Monsanto, GMOs Thanks @Localfamily 4 harvesting this!", "created_at": "Tue Oct 16 21:20:23 +0000 2012"}, {"text": "Vandana Shiva on the Problem with Genetically-Modified Seeds: http://t.co/arC5TXMk via @youtube", "created_at": "Wed Oct 17 05:40:16 +0000 2012"}, {"text": "InfoGraphic - Top 10 GMO Foods to Avoid Eating - http://t.co/ukb9nEQs http://t.co/jXKujoqY via @HealthRanger", "created_at": "Tue Oct 16 14:13:46 +0000 2012"}, {"text": "Don't celebrate yet, but a grassroots victory against GMO deception is now inevitable http://t.co/ZWH7Ns8d via @HealthRanger", "created_at": "Tue Oct 16 15:15:37 +0000 2012"}, {"text": "\"@MonsantoCo: #Monsanto announces $3 million commitment to Invest an Acre program http://t.co/PsXv4Cec\" Helping, kill with GMOs U bastards.", "created_at": "Tue Oct 16 15:45:53 +0000 2012"}, {"text": "Halloween's Around The Corner Be Thoughtful And Safe Don't Use GMO Treats Poisonous To Kids http://t.co/JYaruzRy", "created_at": "Tue Oct 16 15:39:35 +0000 2012"}, {"text": "Experts Question Validity of GMO Cancer Study: A product labeled with Non Genetically Modified Organism (GMO) is sold at the Lassens ...", "created_at": "Tue Oct 16 18:30:32 +0000 2012"}, {"text": "Ancient agricultural traditions like seed saving could replace disastrous GMO practices http://t.co/cF8qB82q via @HealthRanger", "created_at": "Tue Oct 16 19:35:14 +0000 2012"}, {"text": "\"They Wanted To Recreate Nature\" GMO Expert Talks In Southern Oregon http://t.co/uiU4rGAz", "created_at": "Tue Oct 16 06:24:56 +0000 2012"}, {"text": "How GMO foods alter organ function and pose a very real health threat to...: http://t.co/vemthPaV via @youtube", "created_at": "Wed Oct 17 02:15:24 +0000 2012"}, {"text": "Toxic GMO Wheat\nWheat Contains Not One, But 23K Potentially Harmful Proteins http://t.co/zFxOHM6A via @sharethis", "created_at": "Wed Oct 17 02:58:37 +0000 2012"}, {"text": "GMO Foods: Are They Dangerous to Your Health? | The Dr. Oz Show http://t.co/Ey2iH1OR", "created_at": "Wed Oct 17 02:32:40 +0000 2012"}, {"text": "Ba: \"kolla, GMO \u00e4r j\u00e4ttefarligt!\" Nej, den forskningen \u00e4r kass. \"kolla, GMO-forskning \u00e4r kass!!\"", "created_at": "Tue Oct 16 13:47:03 +0000 2012"}, {"text": "@AmyMyersMD Sure! Here's a photo of GMO Info kiosks in our California stores - with our vote of YES on Prop 37! http://t.co/YFh7umSW", "created_at": "Wed Oct 17 04:41:33 +0000 2012"}, {"text": "Russia bans all GM corn imports; EU may also ban Monsanto GMO in wake of shocking cancer findings: http://t.co/Xqf2dg0U", "created_at": "Thu Oct 11 00:07:32 +0000 2012"}, {"text": "Majority of 'gluten-free' foods found to contain GMOs In the wake of all the recent revelations about the dangers of GMOs, a spec #dherbs", "created_at": "Wed Oct 10 09:22:59 +0000 2012"}, {"text": "Whole Foods Chain caught in GMO deception http://t.co/HpYX3lXx", "created_at": "Wed Oct 10 07:07:11 +0000 2012"}, {"text": "Just Label It - the GMO labeling song by Mike Adams, the Health Ranger http://t.co/uRPeHC2R via @youtube", "created_at": "Wed Oct 10 10:54:23 +0000 2012"}, {"text": "Video: Celebrities Supporting California's GMO Labeling Prop 37 http://t.co/qMFDnlnb via @organicconnect", "created_at": "Wed Oct 10 10:41:21 +0000 2012"}, {"text": "We salute our customers for supporting organics over the years! No GMO seed used in organics!", "created_at": "Wed Oct 10 17:30:01 +0000 2012"}, {"text": "I favorited a @YouTube video http://t.co/Y1VdYUsF \"Tell Us What You're Growing\" Label GMO Foods By Celia", "created_at": "Wed Oct 10 14:45:17 +0000 2012"}, {"text": "Unfortunately, it seems like there is still a long way to go on GMO research: http://t.co/00oUlvdJ", "created_at": "Wed Oct 10 14:54:32 +0000 2012"}, {"text": "Mike Adams: Majority of 'gluten-free' foods found to contain GMOs http://t.co/BXUSxhCU", "created_at": "Wed Oct 10 15:26:36 +0000 2012"}, {"text": "Watch Jeffrey Smiths new GMO documentary free online http://t.co/TLMm9uSJ via @IRTnoGMOs", "created_at": "Wed Oct 10 23:57:03 +0000 2012"}, {"text": "Tell Trader Joe's to support labeling of GMO food: http://t.co/zbv6gsmR (via @Sum_Of_Us)", "created_at": "Wed Oct 10 23:52:47 +0000 2012"}, {"text": "Just the noises this little cat makes gmo", "created_at": "Wed Oct 10 06:06:11 +0000 2012"}, {"text": "watch Jeffrey Smiths new GMO documentary free online http://t.co/7Y948FPU via @IRTnoGMOs", "created_at": "Thu Oct 11 04:15:15 +0000 2012"}, {"text": "RT @bookieboo: .@HersheysKisses You do NOT have GMOs in your European products. Do you have GMOs in your American products? @HealthHabits", "created_at": "Wed Oct 31 16:34:13 +0000 2012"}, {"text": "RT @HealthHabits: Health Food Makers Want To Keep You From Knowing GMOs Are In Your Food - http://t.co/YIsVJTw4 -...... http://t.co/6OcbYruT", "created_at": "Wed Oct 31 10:20:03 +0000 2012"}, {"text": "This is an outrage!  We should know if we are eating GMO foods!!  This is totally about the bottom line of these... http://t.co/jWllpeXa", "created_at": "Wed Oct 31 15:05:31 +0000 2012"}, {"text": "@organicukfood oh dear no where scary enough try a bit of GMO Halloween SCARY http://t.co/hgD4KifN", "created_at": "Wed Oct 31 18:37:43 +0000 2012"}, {"text": "@Sultan_H8 Ant wld Gmo \u2665", "created_at": "Wed Oct 31 18:03:37 +0000 2012"}, {"text": "What we're handing out to the trick or treaters tonight.  Vegan and no GMOs and kids like them.  What are you... http://t.co/hlK6PBYO", "created_at": "Wed Oct 31 19:07:48 +0000 2012"}, {"text": "ANOTHER STUDY FINDS GMO COMPOUNDS IN 100% OF PREGNANT WOMEN AND FETUSES.\n\nTruth Beckons\n\nIn many ways we are... http://t.co/ABtOTs83", "created_at": "Wed Oct 31 08:07:37 +0000 2012"}, {"text": "Do you want GMOs labeled? Add a #twibbon to your avatar here: http://t.co/wNlydQzT #YesOn37", "created_at": "Thu Nov 01 03:40:09 +0000 2012"}, {"text": "7 Things to Tell Your Friends About GMOs http://t.co/udoymI8o via @causes", "created_at": "Thu Nov 01 03:50:04 +0000 2012"}, {"text": "GMO Pharmacy: The Pervasiveness of GMOs in Medicines and Supplements http://t.co/5hLoeTCW =&gt;They'll continue to hide these monsters 4 profit", "created_at": "Wed Oct 31 11:55:42 +0000 2012"}, {"text": "Food prices at center of GMO labeling debate - Bay Nature (blog) http://t.co/nnrYLu8K", "created_at": "Wed Oct 31 11:47:32 +0000 2012"}, {"text": "If you are what you eat what does GMO make you?? http://t.co/yDZ6acvy", "created_at": "Thu Nov 01 01:02:01 +0000 2012"}, {"text": "GMO viruses vs Pancreatic Cancer: RELEASE THE PUMAS! [erv]: NICE!\nGene therapy of pancreatic cancer targeting th... http://t.co/oX7a2eOj", "created_at": "Mon Oct 29 16:37:08 +0000 2012"}, {"text": "Dr B on the GMO french rat study: http://t.co/qk5X5fq7", "created_at": "Tue Oct 30 00:08:44 +0000 2012"}, {"text": "@OxygenMagazine Whipping up some of my favourite CLEAN, raw chocolates 4 #halloween. No processed, sugar-laden, GMO candy for this #fitgal!", "created_at": "Tue Oct 30 00:34:31 +0000 2012"}, {"text": "Court Halts GMO Crops in Southeastern Wildlife Preserves http://t.co/NEoUElBr via @organicconnect", "created_at": "Mon Oct 29 12:56:09 +0000 2012"}, {"text": "Btdubs, vote YES for Prop 37 in Cali; the Labeling of GMO foods. #37Everywhere", "created_at": "Mon Oct 29 20:26:45 +0000 2012"}, {"text": "GMO is one of the things that use the NWO #youhavenotseenthis\n#washbrainingafteryouveseenthis", "created_at": "Mon Oct 29 21:27:41 +0000 2012"}, {"text": "Right to Know: Vote Yes on Prop 37: http://t.co/GPFbrbIe via @youtube Require that products using GMOs be listed as such on the label!", "created_at": "Mon Oct 29 21:59:40 +0000 2012"}, {"text": "\u25c8 Light-sensitive protein to study Parkinson's disease: Introducing a light-sensitive protein in transgenic ... http://t.co/8rLwRGso \u25c8", "created_at": "Mon Oct 29 14:17:37 +0000 2012"}, {"text": "One of the biggest GMO crops is cotton. Next time you buy clothing, look for organic cotton.", "created_at": "Mon Oct 29 15:30:30 +0000 2012"}, {"text": "@food_democracy @USDA @JessicaGottlieb 94% of soybeans may be GMO but go to animal feed. soyfoods often use non-gmo &amp; organicbeans #soychat", "created_at": "Mon Oct 29 23:21:12 +0000 2012"}, {"text": "GMO ban in Bolivia! http://t.co/0cvVweIA", "created_at": "Mon Oct 29 23:48:21 +0000 2012"}, {"text": "Monsanto &amp; friends are spending over $1 million a day to fight GMO labeling and defeat Prop. 37.  YOU CAN HELP.... http://t.co/GvCpNkPS", "created_at": "Mon Oct 29 08:56:04 +0000 2012"}, {"text": "@WilliamDavisMD http://t.co/QwPD6x2g  GMOs exposed.", "created_at": "Tue Oct 30 04:25:03 +0000 2012"}, {"text": "Americans eat more than their body weight in GMOs every year, study shows http://t.co/wqzzn6sA", "created_at": "Thu Oct 18 16:40:48 +0000 2012"}, {"text": ":O #GMO Madness: Frankenscientists Develop Genetically-Modified Chickens They Claim Will Halt Avian Flu Transmission: http://t.co/sab8yG9n", "created_at": "Thu Oct 18 16:10:17 +0000 2012"}, {"text": "Label GMO Food http://t.co/2KFCtH3y", "created_at": "Thu Oct 18 12:40:03 +0000 2012"}, {"text": "Americans eat more than their body weight in GMOs every year, study shows http://t.co/fwdVz8Ja via @HealthRanger", "created_at": "Thu Oct 18 17:10:47 +0000 2012"}, {"text": "Genetically-modified mouse to sniff out landmines http://t.co/qhVU0wrc #inspiration", "created_at": "Thu Oct 18 17:18:02 +0000 2012"}, {"text": "Americans eat more than their body weight in GMOs every year, study shows http://t.co/iR6xY1oR", "created_at": "Thu Oct 18 20:13:20 +0000 2012"}, {"text": "http://t.co/0PdoGLVB Production and in vitro assessment of transgenic plums for resistance to Plum pox virus: a... http://t.co/y0ZNywWI", "created_at": "Fri Oct 19 05:49:03 +0000 2012"}, {"text": "Americans eat more than their body weight in GMOs every year, study shows http://t.co/E4Z2ILq1 via @HealthRanger", "created_at": "Thu Oct 18 15:10:39 +0000 2012"}, {"text": "#Tweet2Defeat the GMOnster! Tweet #organic to beat GMOs and win an #OrganicVictory with @Stonyfield at http://t.co/ZvGUWbUv", "created_at": "Thu Oct 18 18:43:23 +0000 2012"}, {"text": "@foxvanallen it skips the issue that Gmo is a process, the potential dangers are in what it is used for.", "created_at": "Thu Oct 18 19:10:48 +0000 2012"}, {"text": "@geneticmaize @righttoknoweh @lisasoko If I soaked crop in pesticide from sprout to harvest it would be irresponsible, but that = GMO Bt", "created_at": "Fri Oct 19 03:01:50 +0000 2012"}, {"text": "#Wellness South Florida rally to honor World Food Day with initiative to label GMO foods http://t.co/Lsv6tjor #Holistic #Health", "created_at": "Thu Oct 18 13:40:44 +0000 2012"}, {"text": "This is the single best post on GMOs and Monsanto ever. And it's written by an organic, foodie gardener. http://t.co/UeyUFFVS #fb", "created_at": "Thu Oct 18 13:41:17 +0000 2012"}, {"text": "The top 10 GMO foods you should avoid - Medford Holistic Health | http://t.co/CV4T9sTN http://t.co/QPRPdkgS", "created_at": "Wed Oct 03 22:54:15 +0000 2012"}, {"text": "GMO cuts both ways: \"super weeds\" develop resistance to Roundup, pushing farmers to apply more herbicides/pesticides http://t.co/wn1Z7SV3", "created_at": "Wed Oct 03 16:20:08 +0000 2012"}, {"text": "Russia And Poland Say \u201cNO\u201d To GMOs http://t.co/VsIAQtOI", "created_at": "Wed Oct 03 16:31:48 +0000 2012"}, {"text": "I miss gmos", "created_at": "Wed Oct 03 16:05:43 +0000 2012"}, {"text": "#cspan2012 #healthcare, how would they shift away from GMO foods and factory farmed meat/dairy that contribute to our current health issues?", "created_at": "Thu Oct 04 00:18:30 +0000 2012"}, {"text": "How GMOs Unleashed a Pesticide Gusher http://t.co/ecqeNvGX via @motherjones", "created_at": "Wed Oct 03 12:51:02 +0000 2012"}, {"text": "The GMO Film Project is an upcoming documentary that you won't want to miss! http://t.co/Z54o3inH http://t.co/xSzdrnEx via @pinterest", "created_at": "Wed Oct 03 12:46:43 +0000 2012"}, {"text": "@MADGEAustralia @Anniesnutrition I've read it and I know the Pusztai story. He went on TV claiming bullshit about GMOs (cont.)", "created_at": "Wed Oct 03 07:25:25 +0000 2012"}, {"text": "General Mills Targeted Over GMOs In Nature Valley Snacks http://t.co/AKHbvwIk", "created_at": "Wed Oct 03 17:28:24 +0000 2012"}, {"text": "Tell grocery store CEOs to reject GMO apples before they hit the shelves http://t.co/HC20sSUg @CREDOMobile #p2", "created_at": "Wed Oct 03 20:27:59 +0000 2012"}, {"text": "Blogpost:  Natural Products Association opposes California GMO labelling proposition http://t.co/I2oHnO5d", "created_at": "Wed Oct 03 20:18:04 +0000 2012"}, {"text": "YouTube censors 'Organic Spies' video exposing Whole Foods employees lying about GMOs http://t.co/O89VzVIf", "created_at": "Wed Oct 03 20:36:02 +0000 2012"}, {"text": "@WyoWeeds I'm intimidated by how little I know about statistics. Thanks for your latest analysis of the GMO pesticide article.", "created_at": "Wed Oct 03 21:45:57 +0000 2012"}, {"text": "National Non-GMO month...here are some GMO facts. http://t.co/qqd2G1i7", "created_at": "Wed Oct 03 15:31:24 +0000 2012"}, {"text": "RT @motherjones: In 2011, farms using GMO seeds used 24% more herbicide than non-GMO farms planting same crops http://t.co/QTX9LrHA", "created_at": "Wed Oct 03 18:30:51 +0000 2012"}, {"text": "Top contributor by far against California #Prop37 (requires labeling on GMO foods): Monsanto. Not surprised. I'm definitely voting yes.", "created_at": "Wed Oct 03 18:31:46 +0000 2012"}, {"text": "Aaron Dykes Breaks Down 'Whole Foods' GMO Deception http://t.co/PfQfc3x3", "created_at": "Wed Oct 03 18:28:55 +0000 2012"}, {"text": "YouTube censors 'Organic Spies' video exposing Whole Foods employees lying about GMOs http://t.co/tRFJwxMn via @HealthRanger", "created_at": "Wed Oct 03 18:18:26 +0000 2012"}, {"text": "GMO Guide (Genetically modified organisms) --By Jay Greene on Oct 3--Max Bid: $42.50: Looking for\u2026 http://t.co/122SKnM9 #writing #work", "created_at": "Wed Oct 03 18:52:55 +0000 2012"}, {"text": "Check out the FREE showing of Genetic Roulette on 10/11/12 by the GMO Free Project of Tucson http://t.co/Z4QhbUpz", "created_at": "Wed Oct 03 23:02:44 +0000 2012"}, {"text": "Watch out! It's the Rise of the \"Superweeds!\"\u2026 Pesticide use ramping up as GMO crop technology backfires http://t.co/Wnz5z5rV #prop37", "created_at": "Wed Oct 03 19:25:58 +0000 2012"}, {"text": "#CONSPIRACY #LatestHeadlines Americans Waking Up to the Dangers of GMO Foods http://t.co/UKMkYOgW", "created_at": "Wed Oct 03 08:11:06 +0000 2012"}, {"text": "Say \"No\" to GMO http://t.co/nbKnoSbQ", "created_at": "Thu Oct 04 02:07:32 +0000 2012"}, {"text": "@Joreth LOVE this vid... except the bit about food irradiation and GMO crops.", "created_at": "Thu Oct 04 02:32:20 +0000 2012"}, {"text": "\"@RealAlexJones: GMO cows to produce \u2018engineered\u2019 milk for human babies!http://t.co/EJCaS5bq http://t.co/t5J9FWKy\" sick and scary.", "created_at": "Wed Oct 03 13:08:01 +0000 2012"}, {"text": "Whole Foods Hidden Camera GMO Sting - Organic Spies - CENSORED by YouTube - NaturalNews.tv http://t.co/mf2iNCj7 via @HealthRanger", "created_at": "Wed Oct 03 13:12:19 +0000 2012"}, {"text": "GMO Crops Leading to Increased Pesticide Use in US http://t.co/TJI000xw", "created_at": "Wed Oct 03 13:59:10 +0000 2012"}, {"text": "900 scientists from the U.N. were forced to admit that GMOs cannot solve world hunger and are outperformed by traditional organic farming.", "created_at": "Thu Oct 04 01:09:07 +0000 2012"}, {"text": "\"@vcobb34: Omg\" gmo", "created_at": "Thu Oct 04 01:48:52 +0000 2012"}, {"text": "@MichelleObama For the love of our daughters, please research GMOs and use your influence to stop this gov't supported bioterrorism", "created_at": "Sat Oct 06 22:30:19 +0000 2012"}, {"text": "Tell Trader Joe's to support labeling of GMO food: http://t.co/PYVydHVd (via @Sum_Of_Us)", "created_at": "Sat Oct 06 22:43:00 +0000 2012"}, {"text": "@OrganicLiveFood WOW perfect opening for more GMOs with new school \"guidelines\" for fruits, vegs. New menus=$$$$$$$  Wonder who profits.....", "created_at": "Sat Oct 06 22:14:42 +0000 2012"}, {"text": "Tell grocery store CEOs to reject GMO apples before they hit the shelves http://t.co/60vcjWFN @CREDOMobile #p2", "created_at": "Sat Oct 06 16:56:17 +0000 2012"}, {"text": "@MichelleObama fuck you watoosie tribe bitch! I'm not voting for your husband! You globalist supporting GMO cocksuckers.", "created_at": "Sat Oct 06 16:49:02 +0000 2012"}, {"text": "Calif. initiative will test appetite for GMO food: Food labels tell consumers about the calories, ... http://t.co/bmcMw3ah #Health #News", "created_at": "Sat Oct 06 16:59:01 +0000 2012"}, {"text": "Tell Trader Joe's to support labeling of GMO food: http://t.co/0SSa2d4v (via @Sum_Of_Us)", "created_at": "Sun Oct 07 00:34:36 +0000 2012"}, {"text": "Tell Trader Joe's to support labeling of GMO food: http://t.co/NJ7BnNBz (via @Sum_Of_Us)", "created_at": "Sun Oct 07 00:10:52 +0000 2012"}, {"text": "\"BANNED FROM YOU TUBE AND WHOLE FOODS\" Whole Foods Hidden Camera GMO Sting - Organic Spies - CENSORED http://t.co/xlbxdj0H #WholeFoods #GMO", "created_at": "Sun Oct 07 00:50:42 +0000 2012"}, {"text": "Tell grocery store CEOs to reject GMO apples before they hit the shelves http://t.co/RY1RLdvB @CREDOMobile #p2", "created_at": "Sat Oct 06 17:04:53 +0000 2012"}, {"text": "Free Dowload to GMOs Myths and Truths http://t.co/waBDAJyv http://t.co/8Ol5kUfh", "created_at": "Sat Oct 06 20:22:07 +0000 2012"}, {"text": "Tell Trader Joe's to support labeling of GMO food: http://t.co/a6ar7R6q (via @Sum_Of_Us) - Soon, I will not be able to shop anywhere...", "created_at": "Sat Oct 06 20:55:06 +0000 2012"}, {"text": "http://t.co/cf1F2H18 Transgenic rice with inducible ethylene production exhibits broad-spectrum disease resistance... http://t.co/sXJP83nu", "created_at": "Sat Oct 06 21:33:33 +0000 2012"}, {"text": "Trader Joe's: Support GMO labeling! http://t.co/Hyx9YNJx", "created_at": "Sat Oct 06 21:25:52 +0000 2012"}, {"text": "Tell grocery store CEOs to reject GMO apples before they hit the shelves http://t.co/vuQt3Ji8 @CREDOMobile #p2", "created_at": "Sat Oct 06 21:13:04 +0000 2012"}, {"text": "Calif. initiative will test appetite for GMO food: LOS ANGELES &amp;mdash; Calories. Nutrients. Serving size. How ab... http://t.co/ID5kqKoc", "created_at": "Sat Oct 06 21:05:40 +0000 2012"}, {"text": "Tell grocery store CEOs to reject GMO apples before they hit the shelves http://t.co/6h2GkUAR @CREDOMobile #p2", "created_at": "Sat Oct 06 14:20:01 +0000 2012"}, {"text": "Tell grocery store CEOs to reject GMO apples before they hit the shelves http://t.co/9R6caa4A @CREDOMobile #p2", "created_at": "Sat Oct 06 14:55:00 +0000 2012"}, {"text": "Tell grocery store CEOs to reject GMO apples before they hit the shelves http://t.co/AkSzObXF @CREDOMobile #p2", "created_at": "Sat Oct 06 14:56:10 +0000 2012"}, {"text": "Tell grocery store CEOs to reject GMO apples before they hit the shelves http://t.co/BGodoCxU @CREDOMobile #p2", "created_at": "Sat Oct 06 14:05:32 +0000 2012"}, {"text": "Wanna see something Awesome?http://t.co/qUnEphNF health gmo radiation water preparedness economic collapse NWO ww3 oil  @RickSnyderNews", "created_at": "Sat Oct 06 15:35:50 +0000 2012"}, {"text": "Wanna see something Awesome?http://t.co/qUnEphNF health gmo radiation water preparedness economic collapse NWO ww3 oil  @SMMTrafficCafe", "created_at": "Sat Oct 06 15:35:54 +0000 2012"}, {"text": "Wanna see something Awesome?http://t.co/qUnEphNF health gmo radiation water preparedness economic collapse NWO ww3 oil  @saintsantiago", "created_at": "Sat Oct 06 15:52:20 +0000 2012"}, {"text": "GMO Ticking Time Bomb - Part 2 - VIDEO 15.23 via @pdjmoo | @scoopit http://t.co/s9CZZfSH", "created_at": "Sat Oct 06 15:36:31 +0000 2012"}, {"text": "Tell grocery store CEOs to reject GMO apples before they hit the shelves http://t.co/2fovS0yJ @CREDOMobile #p2", "created_at": "Sat Oct 06 18:32:38 +0000 2012"}, {"text": "Tell Trader Joe's to support labeling of GMO food: http://t.co/vPCwjHr8 (via @Sum_Of_Us)", "created_at": "Sat Oct 06 23:03:34 +0000 2012"}, {"text": "Tell Trader Joe's to support labeling of GMO food: http://t.co/mU1sj3P6 (via @Sum_Of_Us)", "created_at": "Sat Oct 06 19:55:01 +0000 2012"}, {"text": "Tell grocery store CEOs to reject GMO apples before they hit the shelves http://t.co/q8WixAQo @CREDOMobile #p2", "created_at": "Sat Oct 06 19:13:41 +0000 2012"}, {"text": "Tell Trader Joe's to support labeling of GMO food: http://t.co/6tx6MkpK (via @Sum_Of_Us) Please support this! It`s important to health!", "created_at": "Sun Oct 07 03:33:38 +0000 2012"}, {"text": "Pesticide Use Proliferating With GMO Crops, Study Warns http://t.co/w9dMbKy3 via @huffingtonpost", "created_at": "Sat Oct 06 11:02:35 +0000 2012"}, {"text": "GMO Ticking Time Bomb - Gary Null - Part 1:THE CRIMES OF MONSANTO http://t.co/YFjJrtMO via @youtube", "created_at": "Sat Oct 06 13:35:32 +0000 2012"}, {"text": "New Study Confirms GMO Crops Causing More Pesticide Use, Superweeds | NationofChange http://t.co/T9YTqnXP via @nationofchange", "created_at": "Sun Oct 07 01:45:48 +0000 2012"}, {"text": "Seattle (WA) Times-Business: PCC joins push for new law requiring GMO labeling", "created_at": "Mon Oct 01 07:23:03 +0000 2012"}, {"text": "Monsanto\u2019s Fading Grasp \u2013 Group Calls on South Africa to Ban GMO Corn | NationofChange http://t.co/Ssru39I9 via @nationofchange", "created_at": "Mon Oct 01 17:20:36 +0000 2012"}, {"text": "Russia bans GMO corn after French study shows cancer risks - St. Louis liberal | http://t.co/O42UG9qo http://t.co/1S4EpEOZ", "created_at": "Mon Oct 01 17:58:11 +0000 2012"}, {"text": "Monsanto's Michale Taylor in the FDA is NOT going to tell Americans that GMOs may destroy their health .@worldmist1 @Honxqp @Liberalibrarian", "created_at": "Mon Oct 01 17:03:41 +0000 2012"}, {"text": "Tell grocery store CEOs to reject GMO apples before they hit the shelves http://t.co/fYxcK4zn @CREDOMobile #p2", "created_at": "Mon Oct 01 20:16:01 +0000 2012"}, {"text": "@YourAnonNews Great to see taxpayers money going into riot cops protecting Monsanto's major GMO corn outlet! http://t.co/HbkvrtdO", "created_at": "Mon Oct 01 21:55:13 +0000 2012"}, {"text": "Support NYC's fundraisor tonight @GustOrganics: California's #Proposition37 to label GMOs with this http://t.co/sMpNc8tH", "created_at": "Mon Oct 01 14:13:05 +0000 2012"}, {"text": "The Dangerous Health Effects of Eating GMO Foods: http://t.co/w5xF3v4w via @youtube", "created_at": "Mon Oct 01 15:57:59 +0000 2012"}, {"text": "THE PEOPLE'S POST: Monsanto\u2019s Fading Grasp \u2013 Group Calls on South Africa to Ban GMO Corn http://t.co/DqZB9ur7", "created_at": "Mon Oct 01 15:48:26 +0000 2012"}, {"text": "Vote YES on Prop 37 to require GMO labeling! See who gave $ to block GMO labeling(video)! You'd be shocked! #GMO ... http://t.co/Xf449ZiX", "created_at": "Mon Oct 01 15:19:08 +0000 2012"}, {"text": "GMO Technology, Glyphosate Toxicity Leaving Men Sterile\nhttp://t.co/0lrigtUM", "created_at": "Mon Oct 01 18:19:32 +0000 2012"}, {"text": "I am Giant Tumor Rat. I only eat Monsanto GMO corn loaded with Round-up. Vote Yes on Prop 37. Obey me or become me.", "created_at": "Mon Oct 01 18:19:44 +0000 2012"}, {"text": "Russia Bans GMO Corn Over Cancer Fears as Pressure Builds on Monsanto: http://t.co/yeSXDVWH", "created_at": "Mon Oct 01 23:55:09 +0000 2012"}, {"text": "The evil of Monsanto &amp; GMOs explained: Bad technology, endless greed and the destruction of humanity http://t.co/3drUxSvS via @HealthRanger", "created_at": "Mon Oct 01 23:06:59 +0000 2012"}, {"text": "Tell grocery store CEOs to reject GMO apples before they hit the shelves http://t.co/uadUHgrJ @CREDOMobile #p2", "created_at": "Mon Oct 01 23:00:48 +0000 2012"}, {"text": "@InterbayWFM WFM stands to make the most money off offering only non-GMO food. Their inaction towards supporting GMO labeling laws is either", "created_at": "Mon Oct 01 19:33:03 +0000 2012"}, {"text": "It's not too late to stop GMOs if we all work together! The trailer is free to watch on this link. Also, There... http://t.co/tZcn4gkm", "created_at": "Mon Oct 01 19:05:20 +0000 2012"}, {"text": "Russia bans all GM corn imports; EU may also ban Monsanto GMO in wake of shocking cancer findings http://t.co/CWVsJ3AU", "created_at": "Mon Oct 01 08:12:19 +0000 2012"}, {"text": "Tell grocery store CEOs to reject GMO apples before they hit the shelves http://t.co/F0jMgwpB @CREDOMobile #p2", "created_at": "Mon Oct 01 13:51:06 +0000 2012"}, {"text": "Mainstream media called 4 complete blackout on GMO health risks.No wonder people R not reacting! http://t.co/4R5LSQCZ via @HealthRanger", "created_at": "Mon Oct 01 13:15:43 +0000 2012"}, {"text": "@Tara1230 @jjauthor dont matter she can only buy fake chemical and gmo foods with those death stamps,she's going to die from poor nutrition.", "created_at": "Tue Oct 02 01:42:28 +0000 2012"}, {"text": "GMO Foods \u2013 Myths And Truths http://t.co/MQ4bl9Ht", "created_at": "Tue Oct 02 01:04:51 +0000 2012"}, {"text": "http://t.co/V6EfRI5y = Pesticide use ramping up as GMO crop technology backfires: study: (Reuters) - U.S. far... http://t.co/YybiZEb6 #fb", "created_at": "Tue Oct 02 01:54:07 +0000 2012"}, {"text": "The connection between GMOs, gluten sensitivity, and how GMOs are destroying our guts: Scary-&gt;http://t.co/s6C3J6oF", "created_at": "Wed Oct 24 22:23:16 +0000 2012"}, {"text": "Scientist That Discovered GMO Health Hazards Immediately Fired, Team Dismantled http://t.co/JFjbFVrC", "created_at": "Wed Oct 24 16:41:54 +0000 2012"}, {"text": "Scientist that discovered GMO health hazards immediately fired, team dismantled http://t.co/o8uKpBZg via @HealthRanger", "created_at": "Wed Oct 24 07:07:34 +0000 2012"}, {"text": "Top 10 Lies Told by Monsanto on GMO Labeling in California http://t.co/BDjT9AY9 via @HuffPostGreen", "created_at": "Wed Oct 24 17:30:29 +0000 2012"}, {"text": "Scientist that discovered GMO health hazards immediately fired, team dismantled http://t.co/lRRR0lOf", "created_at": "Wed Oct 24 17:37:38 +0000 2012"}, {"text": "Buying The Vote On GMOs http://t.co/ItWLwCpl", "created_at": "Wed Oct 24 17:39:53 +0000 2012"}, {"text": "@TDJ1964  Morton Salt opposes GMO labling? Are they really genetically modofying salt now??", "created_at": "Wed Oct 24 20:41:58 +0000 2012"}, {"text": "#lifestyle Scientist that discovered GMO health hazards immediately fired, team dismantled http://t.co/0dxkaLO9", "created_at": "Wed Oct 24 21:36:08 +0000 2012"}, {"text": "@HuffingtonPost it's not a question of if these gmo foods contain the same vitamins. It's a question of what health defects they cause", "created_at": "Wed Oct 24 14:09:24 +0000 2012"}, {"text": "Scientist that discovered GMO health hazards immediately fired, team dismantled http://t.co/eUFYESTO", "created_at": "Wed Oct 24 15:10:48 +0000 2012"}, {"text": "Join the Democratic Food Movement, Demand GMO Labeling http://t.co/5OVsCcCA", "created_at": "Wed Oct 24 15:10:55 +0000 2012"}, {"text": "GMO Labeling: How Vulnerable is Proposition 37 to a Legal Challenge? http://t.co/fVTNHt11", "created_at": "Wed Oct 24 19:29:40 +0000 2012"}, {"text": "&lt;3 Halloween Candy that Contains GMO Ingredients. &lt;3 http://t.co/LbIKKT1t", "created_at": "Wed Oct 24 06:16:27 +0000 2012"}, {"text": "Food Fight: Debating Prop 37, California's Landmark Initiative to Label GMO Food http://t.co/lxA6q5by @democracynow", "created_at": "Thu Oct 25 02:15:31 +0000 2012"}, {"text": "GMO PAMPHLETS ARE READY for your FREE Downloads, click here! http://t.co/faZYnFPX", "created_at": "Thu Oct 25 02:41:04 +0000 2012"}, {"text": "Whole Foods Hidden Camera GMO Sting - Organic Spies - CENSORED by YouTube - NaturalNews.tv http://t.co/cLxTVjii via @HealthRanger", "created_at": "Thu Oct 25 04:16:48 +0000 2012"}, {"text": "GMO crops actually require INCREASED pesticide use? Well surprise, surprise! http://t.co/dZDbDs4k @coopportunity", "created_at": "Thu Oct 04 22:27:39 +0000 2012"}, {"text": "Got allergies?  Try some milk from a GMO cow!  Does this seem backwards to anybody else??? http://t.co/FNoPVkHs", "created_at": "Fri Oct 05 00:11:44 +0000 2012"}, {"text": "Conventional Farmer Troy Rousch Supports GMO Labeling Prop 37 http://t.co/OKNbUJhT via @organicconnect", "created_at": "Thu Oct 04 09:42:07 +0000 2012"}, {"text": "RT @Mookdha424: It's true! Whole Foods CEO has publicly confirmed the company sells masses of GMOs across its... http://t.co/PoxYxhh7", "created_at": "Thu Oct 04 09:54:32 +0000 2012"}, {"text": "Strategic Diagnostics Sells Assets Of Foods Basic safety And GMO To Romer Labs http://t.co/ZqEp6W5m", "created_at": "Thu Oct 04 12:23:33 +0000 2012"}, {"text": "@nihaozhaoqi Microfarm ur own Costa Rica coffee online. 1 yr plot lease, make choices as we farm, roast, privat label ur coffee, no GMOs", "created_at": "Thu Oct 04 17:33:04 +0000 2012"}, {"text": "EXTRACT FROM PRISON PLANET on Monsato and GMO food! A Must read! The evil of Monsanto and GMOs: Bad technology,... http://t.co/o4iexFON", "created_at": "Thu Oct 04 17:26:01 +0000 2012"}, {"text": "Feldversuch: Eichh\u00f6rnchen w\u00e4hlen zwischen GMO und Bio-Mais: http://t.co/s4qRvfkS via @johnd4020man", "created_at": "Thu Oct 04 20:15:56 +0000 2012"}, {"text": "Russia Bans GMO Corn Over Cancer Fears as Pressure Builds on Monsanto http://t.co/NIebAr5j", "created_at": "Fri Oct 05 05:14:22 +0000 2012"}, {"text": "Whole Foods and GMO Labeling: The Whole Truth:  Click here to read this article http://t.co/wnEvqIXd", "created_at": "Thu Oct 04 14:47:47 +0000 2012"}, {"text": "Look for the Non-GMO Project logo on products that pass third-party verification, avoiding the intentional use of GMOs http://t.co/JkumF9mc", "created_at": "Thu Oct 04 15:30:34 +0000 2012"}, {"text": "http://t.co/4QPooMvg Transgenic studies on homeobox genes in nervous system development: spina bifida in Isl1... http://t.co/zriO06sL", "created_at": "Thu Oct 04 19:56:33 +0000 2012"}, {"text": "How GMOs Unleashed a Pesticide Gusher http://t.co/lkgYMoDu via @motherjones", "created_at": "Thu Oct 04 19:38:52 +0000 2012"}, {"text": "Pesticide Use Proliferating With GMO Crops, Study Warns http://t.co/yZNv1DAT via @HuffPostGreen", "created_at": "Fri Oct 05 02:02:40 +0000 2012"}, {"text": "Pesticide use proliferating with GMO crops, study warns http://t.co/tTQPwoEI", "created_at": "Fri Oct 05 03:45:15 +0000 2012"}, {"text": "Thanx for nothing Monsanto! - Pesticide Use Proliferating With GMO Crops, Study Warns http://t.co/eKoWzK7h via @HuffPostGreen", "created_at": "Fri Oct 05 03:52:17 +0000 2012"}, {"text": "GMO It\u2019s in Your Food! Jeffrey Smith Talks About Health Risks http://t.co/erLzCGEn #Occupy #OWS #OpESR #OccupyHQ", "created_at": "Thu Oct 04 13:52:13 +0000 2012"}, {"text": "I think GMO labeling will compile me to buy more Organic.", "created_at": "Fri Oct 05 04:53:41 +0000 2012"}, {"text": "Question, Anyone Kids or adults in the Toronto ,Ontario Area ,supports idea  to have labels on GMO FOODS? Look forward to your response.\nR", "created_at": "Fri Oct 05 04:12:24 +0000 2012"}, {"text": "The food industry knows that labeling GMO will hurt the sales because nobody in their mind will buy #GMO chickens http://t.co/auXB7d2v", "created_at": "Fri Oct 05 04:00:05 +0000 2012"}, {"text": "GMO Film Project Sizzler http://t.co/dcLj650L", "created_at": "Thu Oct 11 22:36:32 +0000 2012"}, {"text": "Tell grocery store CEOs to reject GMO apples before they hit the shelves http://t.co/NDtzFWla @CREDOMobile #p2", "created_at": "Thu Oct 11 22:48:12 +0000 2012"}, {"text": "Kashi's \"natural\" claim on GMO cereal would be banned if we pass the Nov 2012 GMO labeling initiative! http://t.co/DYpaKAUA", "created_at": "Thu Oct 11 16:09:07 +0000 2012"}, {"text": "The Case for Proposition 37: GMO Labeling http://t.co/sy3KhAXs", "created_at": "Thu Oct 11 16:36:10 +0000 2012"}, {"text": "Hey @_bannedinBoston and @jaykelly26 - Russia banned GMO #Monsanto seeds from being imported. Fuck #BigFarm.", "created_at": "Fri Oct 12 00:22:28 +0000 2012"}, {"text": "#infolimit si @radenayupricele anak GMO yg gagak move on nya overdosis limit tuh! yg liat RT-_- awas aja gak RT beliin gue pulsa lu semua", "created_at": "Thu Oct 11 12:48:11 +0000 2012"}, {"text": "@onepiece_rayhan kok GMO sih.. BMO", "created_at": "Thu Oct 11 10:33:10 +0000 2012"}, {"text": "Yet Another Reason GMOs Suck: http://t.co/3fecx4tT", "created_at": "Thu Oct 11 17:11:21 +0000 2012"}, {"text": "Get The Label #GMO App! Filled with vital and eye-opening facts on the dangers of GMO Foods. http://t.co/tnkK2Knb #YesOn37 #StopMonsanto", "created_at": "Thu Oct 11 17:11:59 +0000 2012"}, {"text": "Willing to be convinced that GMO crops are more about saving the world than about rent seeking. http://t.co/9tiLQvv9", "created_at": "Thu Oct 11 17:32:49 +0000 2012"}, {"text": "I'm often asked about GMOs &amp; how they affect kids- My family has opted out of the GMO experiment- sides argued here:  http://t.co/7I8P5p0Q", "created_at": "Thu Oct 11 17:19:17 +0000 2012"}, {"text": "Rt @MarielHemingway: there r things t/ u can do to make ur environment a little more sustainable, eat local, seasonal recycle Say no to GMO", "created_at": "Thu Oct 11 20:49:38 +0000 2012"}, {"text": "Pepsi and Coke have joined with Monsanto to defeat Prop 37 in California (a YES vote gets GMO warning labels on human food) Not nice!", "created_at": "Thu Oct 11 20:19:54 +0000 2012"}, {"text": "@johnnyspastrami  Putting together a story on Prop 37 - GMOs requiring labeling. Could you send me a quick quote on your views?", "created_at": "Thu Oct 11 21:55:36 +0000 2012"}, {"text": "Article: Why We Must Label GMO Foods  http://t.co/SUcnGqp1", "created_at": "Thu Oct 11 21:05:23 +0000 2012"}, {"text": "Study: GMO toxins found in nearly all pregnant women, unborn babies http://t.co/JoCzyXdt stay healthy http://t.co/0uROLJT6 #GMO #babies", "created_at": "Thu Oct 11 14:56:29 +0000 2012"}, {"text": "The Right to Know About GMO Food http://t.co/LEsGT0zO YouTube - GoodFoodnH20 Click here to help us get this ad on the air: ...", "created_at": "Thu Oct 11 14:54:23 +0000 2012"}, {"text": "Voteres most battered by economy still favor Obama b/c they don't know that the cheap food they are forced to buy is GMO .@libfirebrand", "created_at": "Thu Oct 11 15:37:10 +0000 2012"}, {"text": "@EDarier Pls RT ACTION ALERT! Godiva Chocolates gave $ to defeat Prop 37, even though they are GMO free. Ask them why???? \n800-962-1413T", "created_at": "Thu Oct 11 18:41:37 +0000 2012"}, {"text": "@MicheleRSimon. Read my take on the AND GMO policy flip flop at: http://t.co/GiSCdAjA", "created_at": "Thu Oct 11 23:53:09 +0000 2012"}, {"text": "Que sucede con el gobierno federal, en cuestion de la \u00a1SEC! porque permite que se vendan las plazas, Gmo Padres lo aprovo en Sonora", "created_at": "Thu Oct 11 08:29:53 +0000 2012"}, {"text": "MT @DrLisaLauND - Majority of 'gluten-free' foods found to contain GMOs http://t.co/HyLHvUvd - Plus they spike insulin just like wheat...", "created_at": "Thu Oct 11 06:00:16 +0000 2012"}, {"text": "France Launches Major Investigation Into GMOs Following Tumor Study http://t.co/GFMQfDo7 via @TrueActivist", "created_at": "Thu Oct 11 06:00:16 +0000 2012"}, {"text": "I uploaded a @YouTube video http://t.co/SvdmvRmg Fast Food Choices : Purple Prickly Pear vs GMO town?", "created_at": "Fri Oct 12 02:48:11 +0000 2012"}, {"text": "@Ray09Johnny HAHAHAHAHAH gmo", "created_at": "Fri Oct 12 02:32:06 +0000 2012"}, {"text": "The United State of GMOs \u2013 Keeping Us in the Dark | Food Babe http://t.co/hiLPUOV4", "created_at": "Fri Oct 12 03:17:31 +0000 2012"}, {"text": "Ocean Robbins: Gamechanging News About GMOs http://t.co/TiAzQgzC #GMO", "created_at": "Mon Oct 15 00:46:00 +0000 2012"}, {"text": "[WATCH]: GMO Foods? How To Tell, Truth About Genetically Modified Foods &amp; Label GMO Psychetruth Nutrition http://t.co/3vUYZlGK", "created_at": "Sun Oct 14 10:05:34 +0000 2012"}, {"text": "Please donate ,need to wake up CanadaHelp make it happen GMOs Kids Right To Know Walk on @indiegogo http://t.co/BV1nbUrD\n\n YES to CA Prop 37", "created_at": "Sun Oct 14 17:49:30 +0000 2012"}, {"text": "RT @skepticalradio: We're live in one hour, talking GMOs with @kjhvm, @geneticmaize &amp; @kevinfolta. Join the chat live! http://t.co/4Jqptsuc", "created_at": "Sun Oct 14 23:01:38 +0000 2012"}, {"text": "Healthy Budget: Growing with Non GMO Seed for Home Garden http://t.co/eJXmLWMt\n #Organic", "created_at": "Mon Oct 15 02:27:58 +0000 2012"}, {"text": "@senatormilne Just like the GMO industry worldwide we have to swallow poison because they say its safe.", "created_at": "Mon Oct 15 02:22:56 +0000 2012"}, {"text": "Bring GMO Labeling &amp; \"Prop 37\" to KS! - The Petition Site http://t.co/ztQIzyRj", "created_at": "Mon Oct 15 02:18:59 +0000 2012"}, {"text": "@GlennBeck Watch the vid's of French scientists+ discussing GMOs &amp; how Roundup caused grotesque cancer tumors in mice:http://t.co/fQATxBsN", "created_at": "Mon Oct 15 02:19:04 +0000 2012"}, {"text": "I want some of my gmo cooking.", "created_at": "Mon Oct 15 03:13:42 +0000 2012"}, {"text": "Biotech Scientist: It\u2019s \u2018Awesome\u2019 That GMOs Cause Infertility, Death (Video) - Oh really?? That's a bit surpr\u2026 http://t.co/mOn0RQTI", "created_at": "Mon Oct 15 01:46:32 +0000 2012"}, {"text": "I'm SERIOUSLY voting for Roseanne Barr. I just LOVE the idea of recalling ALL GMO seed .@Cagsil @TheDemocrats", "created_at": "Mon Oct 15 17:45:17 +0000 2012"}, {"text": "New blog posting, GMO Cloud Releases APIs for Public Cloud Service - http://t.co/8DRWr95w", "created_at": "Mon Oct 15 20:45:08 +0000 2012"}, {"text": "COMMON SENSE, SAYS, NOT GOOD ! \u2014 Massive Advertising Campaign Erodes Support for California GMO ... http://t.co/Vi542FQk", "created_at": "Mon Oct 15 20:11:02 +0000 2012"}, {"text": "Find out where your retailer stands on labeling GMOs in your food. http://t.co/fytlStnu", "created_at": "Mon Oct 15 21:37:12 +0000 2012"}, {"text": "@BasedNigger yeah, I was out supporting my bucks &amp; I know, I saw GMO &amp; asked for you &amp; he said you left *sigh* I'll catch you next time", "created_at": "Mon Oct 15 21:32:07 +0000 2012"}, {"text": "@CARightToKnowPR @JillianMichaels Labeling GMOs could be one Huge Accomplishment this year. Send $, make it happen. Put ur skin in it!", "created_at": "Tue Oct 16 05:45:57 +0000 2012"}, {"text": "USDA Steps Back and Gives Monsanto More Power Over GMO Seeds http://t.co/rW7C6AUN via @naturalsociety", "created_at": "Tue Oct 16 05:57:09 +0000 2012"}, {"text": "War? Yet we care little, it seems, that our food is unhealthy and leads to tumors, organ failure and Death. STOP GMOs .@IHSBVM @ToadonaWire", "created_at": "Mon Oct 15 15:55:20 +0000 2012"}, {"text": "TOXIC GMO FOODS MADE THIS DOCTOR CRY http://t.co/JlPpJLvp", "created_at": "Mon Oct 15 18:48:01 +0000 2012"}, {"text": "Say No to GMO http://t.co/vZdkm4UA via @weebly", "created_at": "Mon Oct 15 19:06:25 +0000 2012"}, {"text": "How Canadians Became Mice in a GMO Study http://t.co/QPbnb6TZ", "created_at": "Tue Oct 16 02:12:32 +0000 2012"}, {"text": "Even China label its #GMO. GMO Sci &amp; Industry Refuse to Label #GMO in North-America http://t.co/9DMa7Npl", "created_at": "Mon Oct 15 13:55:23 +0000 2012"}, {"text": "On World Food Day, it is necessary to affirm again that genetically-modified crops and animals are a dangerous http://t.co/pMHYU8FA #GMOs", "created_at": "Tue Oct 16 04:50:58 +0000 2012"}, {"text": "@finnamored Oh and prop 37 is the California ballot initiative to make it mandatory to label GMO food.", "created_at": "Tue Oct 23 22:27:30 +0000 2012"}, {"text": "@paulrogers002 I have a choice to buy or not. A choice on who to buy from. A choice for GMO or non-GMO. @skepticalvegan @cropdoc2", "created_at": "Tue Oct 23 22:13:32 +0000 2012"}, {"text": "GMOs in 10 Surprising Places http://t.co/3dYIsPb3", "created_at": "Tue Oct 23 16:34:14 +0000 2012"}, {"text": "yikes! RT @thetomatotart: GMO corn causing tumors = bad  #tweet4good", "created_at": "Wed Oct 24 00:25:50 +0000 2012"}, {"text": "Are you feeding GMOs to your kids? http://t.co/cFD1PUmc", "created_at": "Tue Oct 23 07:55:17 +0000 2012"}, {"text": "Scientist that discovered GMO health hazards immediately fired, team dismantled http://t.co/TJqZRuRY via @HealthRanger", "created_at": "Wed Oct 24 05:56:08 +0000 2012"}, {"text": "Hundreds of Chefs Endorse GMO Labeling Prop 37: \n\n\n\n\nProposition 37 supporters Incude: Dan Barber, Mar... http://t.co/tjaLx9XP", "created_at": "Tue Oct 23 14:39:59 +0000 2012"}, {"text": "@LynnHasselbrgr @OrganicLiveFood I think that it GMO opponents that are the global warming denialists of the left http://t.co/ubny65iP", "created_at": "Tue Oct 23 18:07:08 +0000 2012"}, {"text": "Gmo gmo gmo", "created_at": "Tue Oct 23 23:56:05 +0000 2012"}, {"text": "*crickets* RT @HuffingtonPost GMO labeling: good idea or waste of money? http://t.co/QG5qSsIf", "created_at": "Tue Oct 23 23:21:47 +0000 2012"}, {"text": "Monsanto's Lies and the GMO Labeling Battle | Common Dreams http://t.co/hF7LhhgR", "created_at": "Tue Oct 23 19:10:13 +0000 2012"}, {"text": "Video: GMO Ticking Time Bomb: This video reveals some of the health problems caused by GMOs, including infertili... http://t.co/4f5a7oA3", "created_at": "Tue Oct 23 06:58:34 +0000 2012"}, {"text": "oh so sad.RT @NonGMOProject: The most common GMOs are canola, soy, corn, cotton, sugar beets, and papaya http://t.co/n7mJShbL #HolisticMoms", "created_at": "Wed Oct 24 02:18:30 +0000 2012"}, {"text": "RT @NonGMOProject: Tip 1: Kick-out the high GMO risk breakfast cereal #holisticmoms", "created_at": "Wed Oct 24 02:32:10 +0000 2012"}, {"text": "GMOs Are Back \nhttp://t.co/j4wz440Y", "created_at": "Wed Oct 24 04:55:34 +0000 2012"}, {"text": "Amy Ziff: Top 5 List of the Best, Good-for-You Halloween Candy (Psst... GMOs Are Not Invited) http://t.co/tAr5LSPj", "created_at": "Thu Oct 25 22:21:31 +0000 2012"}, {"text": "@FuriousPete soy is GMO and full of estrogen.", "created_at": "Thu Oct 25 07:10:06 +0000 2012"}, {"text": "@patrickharvie FYI @Judgenap: Hungary destroys illegal GM corn fields, plans to make distributing GMO seeds a felony http://t.co/aFN9r3K8", "created_at": "Thu Oct 25 17:15:31 +0000 2012"}, {"text": "Seven Things to Tell Your Friends About GMOs http://t.co/kAWfuapU", "created_at": "Thu Oct 25 20:56:38 +0000 2012"}, {"text": "Make sure you give Halloween treats without GMOs\n\nhttp://t.co/FzVU5vbH\u2026gmos-additives/", "created_at": "Thu Oct 25 20:49:31 +0000 2012"}, {"text": "Little donation would be nice ! Be part of the change ! I'm org walk for GMOs - Kids Right To Know Walk on  http://t.co/rHw2FWKB", "created_at": "Thu Oct 25 21:54:33 +0000 2012"}, {"text": "Natural News announces $10,000 cash donation to Proposition 37 GMO labeling ballot measure http://t.co/4N4gXItk via @HealthRanger", "created_at": "Thu Oct 25 21:36:35 +0000 2012"}, {"text": "Michael Pollan: California\u2019s Prop 37 Fight to Label GMOs Could Galvanize Growing U.S. Food Movement. http://t.co/umn72r74", "created_at": "Thu Oct 25 18:42:28 +0000 2012"}, {"text": "Great mock PSA re: GMOs - #sarcasm http://t.co/0rADAtCx", "created_at": "Thu Oct 25 19:22:57 +0000 2012"}, {"text": "Our Organic Story: GMOs in Certified Organic Food. http://t.co/yEwNSFXy", "created_at": "Thu Oct 25 19:24:24 +0000 2012"}, {"text": "Dr. Oz endorses GMO labeling, interviews Jeffrey Smith about health dangers http://t.co/uqjK0DKP via @HealthRanger", "created_at": "Thu Oct 25 13:56:27 +0000 2012"}, {"text": "16 yr study: GMO crops cause more superweeds &amp; pesticide use. BUT, farm bill will deregulate GMO. Thx Monsanto &amp; govt: http://t.co/Ic6z861X", "created_at": "Mon Oct 08 22:04:23 +0000 2012"}, {"text": "Do you know the dangers of what you are eating? New Study Finds GMO Corn Causes Cancer In Rats http://t.co/uVjNDHAA via @TrueActivist", "created_at": "Mon Oct 08 22:38:24 +0000 2012"}, {"text": "\u2018Biofarms\u2019 to Integrate Vaccines, Pharmaceuticals into GMO \u2018Biopharmaceutical\u2019 Crops: http://t.co/LQiiaq7X", "created_at": "Mon Oct 08 16:56:39 +0000 2012"}, {"text": "\u2018Biofarms\u2019 to Integrate Vaccines, Pharmaceuticals into GMO \u2018Biopharmaceutical\u2019 Crops http://t.co/i8xJBy1e #gmo #foodsec #nwo #pharma", "created_at": "Mon Oct 08 16:49:23 +0000 2012"}, {"text": "Whole Foods caught in GMO marketing deception, false advertising - here's the proof http://t.co/oD700kLF", "created_at": "Mon Oct 08 16:48:15 +0000 2012"}, {"text": "Whole Foods caught in GMO marketing deception, false advertising - here's the proof http://t.co/hU1uZFHX via @zite", "created_at": "Mon Oct 08 12:55:03 +0000 2012"}, {"text": "Iseehear: SoftMouse DB Transgenic Mouse Breeding &amp; Colony Management Database Software http://t.co/bGcUCwkv @iseehear", "created_at": "Mon Oct 08 07:09:31 +0000 2012"}, {"text": "A Farmer Debunks the GMO Labeling Opposition http://t.co/wfQCtpJw", "created_at": "Mon Oct 08 17:19:42 +0000 2012"}, {"text": "My tweets are free of GMOs and BS! RT @melissahughey: @andybellatti you're keeping it real! Appreciate it! #FNCE", "created_at": "Mon Oct 08 20:52:26 +0000 2012"}, {"text": "#4: Organic Steel Cut Whole Kernel Yellow Corn Grits 5lb Pkg Gluten Free Non GMO http://t.co/B6guokfG", "created_at": "Mon Oct 08 20:19:17 +0000 2012"}, {"text": "Obama and Romney have intimate ties with the GMO industry yet won't eat them themselves, WTF? http://t.co/x0xVzxdu", "created_at": "Tue Oct 09 05:45:56 +0000 2012"}, {"text": "RT @HuffPostFood: California could lead the way on the GMO food labeling fight http://t.co/9oESFTB5", "created_at": "Mon Oct 08 14:05:03 +0000 2012"}, {"text": "Whole Foods caught in GMO marketing deception, false advertising \u2013 here\u2019s the proof http://t.co/RNFxNeFp", "created_at": "Mon Oct 08 18:46:22 +0000 2012"}, {"text": "Nothing Artificial Ever: Whole Foods caught in GMO marketing deception proof - http://t.co/lCOjCyRS  @candledv", "created_at": "Mon Oct 08 23:03:20 +0000 2012"}, {"text": "GMO Watch is out! http://t.co/Su85nQra \u25b8 Top stories today via @ArtedUp", "created_at": "Mon Oct 08 19:23:39 +0000 2012"}, {"text": "In my quest for longevity &amp; vitality I'm now seeing being vegetarian just isn't enough. So many GMO products in ALL dressings &amp; flavorings.", "created_at": "Mon Oct 08 19:05:02 +0000 2012"}, {"text": "Whole Foods caught in GMO marketing deception, false advertising - here's the proof http://t.co/6CnY29IF", "created_at": "Mon Oct 08 06:25:26 +0000 2012"}, {"text": "#security Supreme Court To Decide If Monsanto GMO Patents Are Valid http://t.co/HIovZfEV", "created_at": "Mon Oct 08 06:13:47 +0000 2012"}, {"text": "Tell Trader Joe's to support labeling of GMO food: http://t.co/O8HObEUk (via @Sum_Of_Us)   Be blessed, Joy", "created_at": "Tue Oct 09 03:59:28 +0000 2012"}, {"text": "PLEASE Tell Trader Joe's to support labeling of GMO food: http://t.co/UqBDBfRj (via @Sum_Of_Us)", "created_at": "Mon Oct 08 11:55:01 +0000 2012"}, {"text": "Prop. 37 Will Test California's Appetite For GMO Food  http://t.co/nkTSMbZ7", "created_at": "Mon Oct 08 13:10:29 +0000 2012"}, {"text": "Whole Foods caught in GMO marketing deception, false advertising - here's the proof http://t.co/CINU8YdN via @HealthRanger Please read label", "created_at": "Tue Oct 09 01:55:53 +0000 2012"}, {"text": "Tell Trader Joe's to support labeling of GMO food: http://t.co/dA52KY6l (via @Sum_Of_Us)", "created_at": "Tue Oct 09 22:04:20 +0000 2012"}, {"text": "Tell Trader Joe's to support labeling of GMO food: http://t.co/r9e8gKjG (via @Sum_Of_Us)", "created_at": "Tue Oct 09 16:30:00 +0000 2012"}, {"text": "Just Label It - New GMO labeling music video released by the Health Ranger: You&amp;#039;ll immediately notice this ... http://t.co/5VeiENgr", "created_at": "Tue Oct 09 16:03:39 +0000 2012"}, {"text": "\"@dtnswbns: @BBEXDre @blackenterprise @majoracarter @marclamonthill STOP GMO FOODS and Obesity will decrease\" &lt;~ Real Talk", "created_at": "Wed Oct 10 00:35:48 +0000 2012"}, {"text": "Right to Know if GMOs are in your Food: Vote Yes on Prop 37 | Health Impact News http://t.co/oR1lmfzb via @HealthyNews2day", "created_at": "Wed Oct 10 00:31:39 +0000 2012"}, {"text": "Whole Foods has admitted to selling 90% GMO foods.... Wat u gonna do dam, I guess I got to  start farming myself... http://t.co/weYdf7n7", "created_at": "Wed Oct 10 00:16:54 +0000 2012"}, {"text": "Just played: GMO Feat Beth Gibbons - JJ DOOM - KEY TO THE KUFFS - CLEAN(unknown)", "created_at": "Tue Oct 09 12:59:55 +0000 2012"}, {"text": "cmebgreen: You have the right\u2026 Label GMO foods\nVote on Prop 37 http://t.co/5vNbIELR #CARightToKnow", "created_at": "Tue Oct 09 17:16:20 +0000 2012"}, {"text": "@veganbeer Do you think a GMO tomato should be allowed to be labeled \"organic?\"", "created_at": "Tue Oct 09 20:02:28 +0000 2012"}, {"text": "GMOs = cancer + rare diseases", "created_at": "Wed Oct 10 05:19:13 +0000 2012"}, {"text": "Michelle Obama: Tell Barack to honor his campaign promise to label GMOs http://t.co/2k9qnoCW @signon", "created_at": "Tue Oct 09 14:07:31 +0000 2012"}, {"text": "@spacefroot @ashleysergeant Remember, though, that there's no legal requirement to label GMO with an 8. Completely optional.", "created_at": "Tue Oct 09 14:18:39 +0000 2012"}, {"text": "Michelle Obama: Tell Barack to honor his campaign promise to label GMOs http://t.co/NV87AMka @signon", "created_at": "Tue Oct 09 15:50:03 +0000 2012"}, {"text": "Is Whole Foods Sincere About Its Support for Labeling Genetically Modified ...: That GMO food labeling is best l... http://t.co/XtVDqy6G", "created_at": "Tue Oct 09 18:10:06 +0000 2012"}, {"text": "GMO is a NO NO! Read on. http://t.co/4pE1c3dX", "created_at": "Tue Oct 09 18:47:48 +0000 2012"}, {"text": "WHOLE FOODS CAUGHT IN GMO MARKETING DECEPTION, FALSE ADVERTISING \u2013 HERE\u2019S THE PROOF.\n\nA bombshell investigative... http://t.co/hDLe3lO6", "created_at": "Tue Oct 09 08:18:55 +0000 2012"}, {"text": "LIL CODY &amp;amp; GMO - FIRE (MOB).. http://t.co/yRBpaysS", "created_at": "Tue Oct 09 06:03:46 +0000 2012"}, {"text": "Whole Foods caught in GMO marketing deception, false advertising - here's the proof http://t.co/X44JJQEh via @HealthRanger", "created_at": "Wed Oct 10 02:48:05 +0000 2012"}, {"text": "Whole Foods caught in GMO marketing deception, false advertising - here's the proof http://t.co/JKxRPgIe", "created_at": "Wed Oct 10 03:41:11 +0000 2012"}, {"text": "YouTube Removes Undercover Video Showing Whole Foods GMO Misinformation | NationofChange http://t.co/bcaP3TpG via @nationofchange", "created_at": "Wed Oct 10 03:05:58 +0000 2012"}, {"text": "Mitt Romney: GMO food OK for you, but not for the Romneys:  http://t.co/8gjIcTAb #gotVirtual", "created_at": "Tue Oct 09 13:37:37 +0000 2012"}, {"text": "Corn is one of the primary genetically-modified crops. However, no corn ingredients are used in the manufacturing of Baby's Only Organic\u00ae f\u2026", "created_at": "Fri Oct 12 16:15:19 +0000 2012"}, {"text": "An interesting AD on labeling GMOs in the US.... --&gt; http://t.co/GOPE1teO", "created_at": "Fri Oct 12 16:46:20 +0000 2012"}, {"text": "@nelderini personally, i think the measure is too weak. dairy and meat products produced from animals fed gmos are exempt...", "created_at": "Sat Oct 13 00:45:23 +0000 2012"}, {"text": "@lifeonprint We avoid GMOs in my home, but I REALLY want more choices. Then when we go outside, they are EVERYWHERE! #mamavation #labelGMOs", "created_at": "Fri Oct 12 17:25:16 +0000 2012"}, {"text": "\u201c@sebacarcamo: @adpingui gracias por la info, y las del mall las conoces ?\u201d/ solo gmo y no tengo muy buena impresi\u00f3n", "created_at": "Fri Oct 12 14:02:16 +0000 2012"}, {"text": "@Evan_Almightee Specifically the subsidized GMO corn. Eugenics sir, Voegtlin might have been right about paleo", "created_at": "Fri Oct 12 14:17:03 +0000 2012"}, {"text": "The United State of GMOs \u2013 Keeping Us in the Dark http://t.co/E0iMvxDZ via @thefoodbabe", "created_at": "Fri Oct 12 14:48:10 +0000 2012"}, {"text": "Tell grocery store CEOs to reject GMO apples before they hit the shelves http://t.co/H6vtR9eh @CREDOMobile #p2", "created_at": "Sat Oct 13 01:27:32 +0000 2012"}, {"text": "GMO Foods: Why We Shouldn't Label (Or Worry About) Genetically Modified Products http://t.co/JczHs8TQ", "created_at": "Wed Oct 17 22:57:04 +0000 2012"}, {"text": "California, VOTE YES on 37 = Labeling GMO Foods http://t.co/7Coe26QD", "created_at": "Wed Oct 17 22:18:20 +0000 2012"}, {"text": "someone needs to ask Mr. President and Mr. Mayor what they think about GMO foods.", "created_at": "Wed Oct 17 16:04:41 +0000 2012"}, {"text": "Michael Pollan: GMO Labeling Brings Food Policy Into Politics - BlissTree http://t.co/q5btgNE2", "created_at": "Wed Oct 17 16:13:01 +0000 2012"}, {"text": "We are helping customers and team members get informed about GMOs via our in-store info centers.\n\nVisit one in our... http://t.co/9HY6nJYp", "created_at": "Wed Oct 17 17:00:17 +0000 2012"}, {"text": "GMO madness: modified chickens they claim will halt avian flu transmission - http://t.co/2gA3M9r5 http://t.co/J9QTWsks via @sharethis", "created_at": "Wed Oct 17 20:47:47 +0000 2012"}, {"text": "GMOs MUST become labeled. Join us in this fight 10/17 at 10pm EST, http://t.co/N9f6yXce  #yeson37 #labelGMOs", "created_at": "Wed Oct 17 21:24:01 +0000 2012"}, {"text": "GMO Study Broadcast: Russian GMO Rat Experiment to be Broadcast 24/7 | MyScienceAcademy - http://t.co/6EQ7MMA9 awesome!", "created_at": "Wed Oct 17 14:26:19 +0000 2012"}, {"text": "We are helping customers and team members get informed about GMOs via our in-store info centers. Visit one in our stores today.", "created_at": "Wed Oct 17 15:30:08 +0000 2012"}, {"text": "We are helping customers and team members get informed about GMOs via our in-store info centers. Visit one in our stores today.", "created_at": "Wed Oct 17 15:30:23 +0000 2012"}, {"text": "Watch Jeffrey Smith on Dr. Oz, Wednesday, October 17th, explain why GMO foods are dangerous to your health!... http://t.co/zJmp9wyz", "created_at": "Wed Oct 17 15:02:59 +0000 2012"}, {"text": "Shaun Schoeffler liked GMOs and Whole Foods Market in St. Louis: But this is not the case. WFM actually labels food\u2026 http://t.co/RZl9d8BM", "created_at": "Wed Oct 17 15:26:40 +0000 2012"}, {"text": "Mexico - masters of Corn (over 300 Varieties) attacked by Monsanto GMO that \" sterilizes \" http://t.co/4wiS06z0  @geraldcelente @CNN @kr3at", "created_at": "Wed Oct 17 18:40:46 +0000 2012"}, {"text": "@heatherb102 @ALFAnimalLib so why label GMOs but not products of atomic gardening? http://t.co/HFewZOFi", "created_at": "Wed Oct 17 18:50:55 +0000 2012"}, {"text": "@cjn1505 @grainman34 I got my start in grain biz there when they first started non gmo in '98 with @StAFeeney first job out of college", "created_at": "Wed Oct 17 18:00:45 +0000 2012"}, {"text": "Dr. Oz In Favor of GMO Labeling http://t.co/5OeEelWv via @sharethis", "created_at": "Wed Oct 17 23:06:32 +0000 2012"}, {"text": "I watched the Dr Oz show today about GMO and here is the documentary his wife Lisa narrated in.  It is truly an... http://t.co/7geSvO5X", "created_at": "Wed Oct 17 23:05:33 +0000 2012"}, {"text": "The FDA is supposed to give warnings about UNSAFE food. GMOs are UNSAFE. GMOs cause pain, ill health, organ failure .@Political_Bill", "created_at": "Wed Oct 17 19:43:18 +0000 2012"}, {"text": "@SenSanders @usnews Today = the last day u can watch this  informative movie about GMOs free of charge. Please retweet: http://t.co/PgaIs3Ip", "created_at": "Wed Oct 17 19:52:19 +0000 2012"}, {"text": "Eek RT @YourOrganicLife GMOs that enter body via skincare don't go thru digestive process-straight to bloodstream/organs #LabelGMOs #YesOn37", "created_at": "Thu Oct 18 02:30:30 +0000 2012"}, {"text": "Q3 80% OR MORE OF UR GROCERY STORE CONTAINS GMOS RIGHT NOW. WOULD U AVOID IF YOU KNEW WHERE? WHY? #YesOn37 #LabelGMOs", "created_at": "Thu Oct 18 02:28:58 +0000 2012"}, {"text": "RT @thefoodbabe: Not labeling GMOs is the most UN-AMERICAN thing I can think of! We have the right to know! #labelGMOs #yeson37", "created_at": "Thu Oct 18 02:52:01 +0000 2012"}, {"text": "@MangoTomato No clue. I just know GMOs kill lab animals and most wont eat GMOs unless forced. Also they have killed humans, long story", "created_at": "Thu Oct 18 02:52:38 +0000 2012"}, {"text": "RT @bookieboo: The US government does NOT require safety studies of GMOs and there are no long-term human health studies #yeson37 #labelGMOs", "created_at": "Thu Oct 18 02:17:15 +0000 2012"}, {"text": "LOVE THAT BANNER! good morning X great feed! hullo all Just say NO to GMO and MSM! (live at http://t.co/pEqBPNXP)", "created_at": "Wed Oct 17 13:03:41 +0000 2012"}, {"text": "GMO Foods: Are They Dangerous to Your Health? | The Dr. Oz Show http://t.co/Y2AzGw8B", "created_at": "Wed Oct 17 13:32:39 +0000 2012"}, {"text": "Hai hand too yaa;3 RT @mutiiaraayu: Hai morning,hand yaap;--)RT @hannyNM_: RT @.annisoooo: RT @.YASYOSS: Gmorning:-)\"mutiiaraayu: Ucapin gmo", "created_at": "Thu Oct 18 04:07:22 +0000 2012"}, {"text": "I uploaded a @YouTube video http://t.co/TVEACxX3 Charles Bodony Talks About His GMO Experiences (Yes On Prop 37)", "created_at": "Sun Oct 28 22:50:22 +0000 2012"}, {"text": "I only eat GMO from now on. #monsanto i love you.", "created_at": "Sun Oct 28 16:49:23 +0000 2012"}, {"text": "I've always said that if shown evidence I'd change my mind: GMO dangers: The film Monsanto doesn\u2019t want you to see http://t.co/jW76DfKS", "created_at": "Sun Oct 28 16:28:32 +0000 2012"}, {"text": "awwwww he txt me gmo beautiful :) he gets some pts lol", "created_at": "Sun Oct 28 16:06:30 +0000 2012"}, {"text": "I uploaded a @YouTube video http://t.co/MGwjwPjU Talk on GMOs by Jacob Gallmann 10/27/2012", "created_at": "Mon Oct 29 00:25:37 +0000 2012"}, {"text": "Thats uRT @NatasyaJaneVM -_- busmulRT sheeniyaa: HuaammRT NatasyaJaneVM Kadang-kadang jiRT sheeniyaa: Gmo mmgkiRT (cont) http://t.co/25S68o", "created_at": "Sun Oct 28 10:00:19 +0000 2012"}, {"text": "Does GMO Corn Really Cause Tumors in Rats? http://t.co/Uc4WtZ7p", "created_at": "Sun Oct 28 17:56:33 +0000 2012"}, {"text": "GMO Codes on your food... http://t.co/C6WwGSIP", "created_at": "Sun Oct 28 20:01:37 +0000 2012"}, {"text": "I wish the hurricane would go destroy GMO crops.", "created_at": "Sun Oct 28 23:51:41 +0000 2012"}, {"text": "You'll laugh, you'll be scared: @billmaher on GMOs w Gary Hirshberg --&gt; http://t.co/4QARhvos #YesOn37 PLS RT", "created_at": "Sun Oct 28 19:01:33 +0000 2012"}, {"text": "Eh cha, makasih yah kmren, sorry gra2 gw hape lo lowbad RT @IchaaIccho: Coba hr ni kyk kmaren,- ngumpul ama ank GMO u,u ktmu rio ktmu rfm --", "created_at": "Mon Oct 29 02:05:19 +0000 2012"}, {"text": "Are biotech GMO corporations plotting to steal the election on Proposition 37? http://t.co/18aMa6mZ via @HealthRanger", "created_at": "Sun Oct 28 13:53:34 +0000 2012"}, {"text": "GMO science is pocked with financial strings attached....that, not coincidentally, are directly tied to denying consumer's right to know.", "created_at": "Sun Oct 28 13:56:44 +0000 2012"}, {"text": "@tomphilpott Big Ag Spends Big Bucks to Keep GMOs in Your Food Secret http://t.co/uD41lQnH", "created_at": "Sun Oct 28 13:31:31 +0000 2012"}, {"text": "Prop 37 Opponents Spending Millions To Oppose GMO Label Law http://t.co/FakJdROb via @huffingtonpost", "created_at": "Mon Oct 29 04:12:32 +0000 2012"}, {"text": "GMO?  Just Say NO!\nevery $ you spend supports/rejects it!\n50 countries require GMO labels\nGE should be pround to label\n http://t.co/tXqsObKm", "created_at": "Sat Oct 13 16:22:31 +0000 2012"}, {"text": "99\u00a2 SALE! KINDLE Ascent of Evil, Goldcraft's horror thriller. Harrison Van Gilter...a transgenic predator! ns - http://t.co/VQzAeDrU", "created_at": "Sun Oct 14 00:20:10 +0000 2012"}, {"text": "Celebrities Supporting California's GMO Labeling Prop 37  http://t.co/3ttEv9FW #prop37 #Celebrities #GMO #Label #Monsanto", "created_at": "Sat Oct 13 15:56:32 +0000 2012"}, {"text": "Tumors - Rats and GMO New Roundup study linked to premature Death and Cancer. I couldn't quite see t http://t.co/542mS2J9", "created_at": "Sat Oct 13 11:22:11 +0000 2012"}, {"text": "Stop the Monsanto bill that allows planting of GMOs even if a Federal Court rules against it - subverting USDOJ http://t.co/4Jra5J9w @signon", "created_at": "Sun Oct 14 01:12:21 +0000 2012"}, {"text": "For those who don't believe the devil exists. Boicot #Monsanto RT @reuters: California's GMO labeling proposal  http://t.co/ihsdHLbz", "created_at": "Fri Oct 26 22:45:28 +0000 2012"}, {"text": "I rather spend more on REAL food then eat GMO CRAP.  My health is more important than new shoes, new coat or new TV. http://t.co/7gVxAmih", "created_at": "Fri Oct 26 16:20:46 +0000 2012"}, {"text": "@robbwolf We use this beef for our #paleo #foodtruck Maybe you'll C more quality product if GMOs get labeled! http://t.co/CMisrxja", "created_at": "Fri Oct 26 16:50:07 +0000 2012"}, {"text": "Are biotech GMO corporations plotting to steal the election on Proposition 37? http://t.co/7JFIV4T8", "created_at": "Fri Oct 26 12:02:18 +0000 2012"}, {"text": "+1 RT @nytdining: 100s of chefs are backing California's Proposition 37, which requires food companies to label GMOs http://t.co/ju7sq3om", "created_at": "Fri Oct 26 12:26:40 +0000 2012"}, {"text": "Goede column Louise Fresco over GMO labeling: http://t.co/N7i45qen", "created_at": "Fri Oct 26 07:52:53 +0000 2012"}, {"text": "we must vote YES on prop 37. does anyone really want to consume GMO foods?... http://t.co/TCFGMsDD", "created_at": "Fri Oct 26 21:02:08 +0000 2012"}, {"text": "The Effect Of Big Food And GMOs On Children - http://t.co/ela6UxVw via http://t.co/PnetlZIi", "created_at": "Sat Oct 27 05:00:42 +0000 2012"}, {"text": "California! YES on #Prop37- GMOs are slowly killing us.Nothing will be done til it can be proved. Don't use us as test subjects! #backwards", "created_at": "Fri Oct 26 14:57:57 +0000 2012"}, {"text": "INFOGRAPHIC - What Halloween Candy Contains GMO - And Is it Safe for Your Kids? http://t.co/H0GkSkH3", "created_at": "Fri Oct 26 14:02:14 +0000 2012"}, {"text": "@simonsam give a shout for prop 37 gmo labels vote yes! As California goes America follows", "created_at": "Fri Oct 26 23:55:06 +0000 2012"}, {"text": "#DefendOccupy Are biotech GMO corporations plotting to steal the election on Proposition 37? http://t.co/cGaanxRv via @HealthRanger", "created_at": "Fri Oct 26 23:07:31 +0000 2012"}, {"text": "@beckhopkinswine @TylerFlorence @mkhoury check out HU KITCHEN BEST new restaurant in NYC all non gmo back to basics. Brilliant and delicious", "created_at": "Fri Oct 26 23:37:13 +0000 2012"}, {"text": "GMO in Gluten Free Flour -- We CAN make a difference! http://t.co/GfAN7npf", "created_at": "Sat Oct 27 02:23:14 +0000 2012"}, {"text": "@grist GMO is Soilent Green!", "created_at": "Sat Oct 27 03:36:07 +0000 2012"}, {"text": "Prop 37 Opponents Spending Millions To Oppose GMO Label Law http://t.co/ImU41kfK via @HuffPostFood", "created_at": "Sat Oct 27 01:11:29 +0000 2012"}, {"text": "@DBurgessreports.    What Presidential candidate doesn't?   He isn't going to label GMos either.  And will probably increase fracking.", "created_at": "Sat Oct 27 04:20:20 +0000 2012"}, {"text": "GMO floats my boat no on proposition 37", "created_at": "Sat Oct 27 04:33:33 +0000 2012"}, {"text": "Frankenscientists announce mutant GMO cows to produce hormone-induced 'engineered' milk for humans http://t.co/bSckeAL0 via @HealthRanger", "created_at": "Tue Oct 02 22:38:33 +0000 2012"}, {"text": "WTF @WholeFoods??!!! Operation \u00a0Whole Foods Hidden Camera GMO Sting  -  Bait Organic, Switch ...: http://t.co/ppPeQKnO via @youtube", "created_at": "Tue Oct 02 22:38:44 +0000 2012"}, {"text": "ah que bom / Frankenscientists announce mutant GMO cows to produce hormone-induced 'engineered' milk for human babies http://t.co/80ir9prS", "created_at": "Tue Oct 02 16:49:47 +0000 2012"}, {"text": "@Marina_Oridel I wish....they're too busy in bed with the companies making GMO foods...pray to God prop 37 doesn't pass in CA #NoFrankenfood", "created_at": "Wed Oct 03 00:57:28 +0000 2012"}, {"text": "Why would stopping world hunger matter if the food being scientifically made hurts people more than it nourishes them? GMO food sucks dick", "created_at": "Tue Oct 02 12:11:35 +0000 2012"}, {"text": "New: Mainstream media called out for complete blackout on GMO health risks http://t.co/j8su7YIm #Corrupt #Fraud #GMO", "created_at": "Tue Oct 02 17:03:46 +0000 2012"}, {"text": "\" OBAMA one of the most friendly GMO Pres ever \" Great reporting from @AbbyMartin hidden by @CNN @foxnews @msnbc http://t.co/KIm9WGDu @cbs", "created_at": "Tue Oct 02 20:38:36 +0000 2012"}, {"text": "These celebs want GMOs labeled http://t.co/P4zSEdfZ via @grist", "created_at": "Tue Oct 02 20:37:35 +0000 2012"}, {"text": "Americans Waking Up to the Dangers of GMO Foods - http://t.co/cxayGHRe", "created_at": "Tue Oct 02 20:37:37 +0000 2012"}, {"text": "Whole Foods Censors GMO Expose - http://t.co/HlG4kaU5. Yes it's true, Whole Foods AKA Whole Paycheck sells GMO foods.", "created_at": "Tue Oct 02 21:43:35 +0000 2012"}, {"text": "NewsDaily: Pesticide use ramping up as GMO crop technology backfires: study http://t.co/gL4Qeki0 #OWS #p2 #p2b", "created_at": "Tue Oct 02 21:00:35 +0000 2012"}, {"text": "\u201c@RealAlexJones: GMO cows to produce \u2018engineered\u2019 milk for human babies!http://t.co/SxTMjt91 http://t.co/BB51rOBT\u201d #bfcafe wtf?", "created_at": "Wed Oct 03 05:13:38 +0000 2012"}, {"text": "Mainstream media called out for complete blackout on GMO health risks http://t.co/TKXFnou3", "created_at": "Tue Oct 02 14:39:34 +0000 2012"}, {"text": "Frankenscientists announce  GMO cows to produce hormone-induced 'engineered' milk 4 human babies http://t.co/RRxxneo2 via @HealthRanger", "created_at": "Tue Oct 02 14:19:37 +0000 2012"}, {"text": "GMOs - getting a lot of attention lately. http://t.co/OXtiYOF3", "created_at": "Tue Oct 02 15:35:41 +0000 2012"}, {"text": "Pls RT! Undercover video: did #WholeFoods sell GMOs 4 decade yet staff lies 2 customers, say they don't? Pls RT! ... http://t.co/RCN2RY92", "created_at": "Tue Oct 02 15:09:52 +0000 2012"}, {"text": "Frankenscientists Announce Mutant GMO Cows to Produce \u2018Engineered\u2019 Milk for Human Babies http://t.co/LBt4ZPaI", "created_at": "Tue Oct 02 23:23:25 +0000 2012"}, {"text": "Pesticide use ramping up as GMO crop technology backfires: study http://t.co/DMJ9nrgN via @reuters", "created_at": "Tue Oct 02 23:00:52 +0000 2012"}, {"text": "Shock findings in new GMO study: Rats fed lifetime of GM corn grow horrifying tumors http://t.co/FQ5Qgc1M via @HealthRanger", "created_at": "Tue Oct 02 19:09:26 +0000 2012"}, {"text": "Tell grocery store CEOs to reject GMO apples before they hit the shelves http://t.co/1aBgw9PO @CREDOMobile #p2", "created_at": "Tue Oct 02 19:44:20 +0000 2012"}, {"text": "New post: GMO Cloud Offers Managed Services http://t.co/yjDG0JxZ #Cloud #Managed #Offers #DV8edDesigns", "created_at": "Tue Oct 02 08:11:59 +0000 2012"}, {"text": "Mainstream media called out for complete blackout on GMO health risks http://t.co/8WaMcG8P", "created_at": "Wed Oct 03 03:48:00 +0000 2012"}, {"text": "Monsanto\u2019s Fading Grasp \u2013 Group Calls on South Africa to Ban GMO Corn http://t.co/UgIdPVWx", "created_at": "Tue Oct 02 13:08:19 +0000 2012"}, {"text": "Our GMO exports are banned in most of the civilized world, but we can't even label it? #ThatsCrazy. We have a #RightToKnow; #LabelGMOs.", "created_at": "Tue Oct 02 13:54:44 +0000 2012"}, {"text": "Whole Foods Censors GMO Expose?:  http://t.co/uf02sB34", "created_at": "Wed Oct 03 01:07:25 +0000 2012"}, {"text": "Well, someone just cited that discredited French study an the fact Russia banned GMO corn. Yea, because we want to be just like Russia.", "created_at": "Sat Oct 27 22:20:47 +0000 2012"}, {"text": "GMO Eggs &amp; Toxic Ham by Leslie Sheridan http://t.co/cUgBbsD5 via @causes", "created_at": "Sat Oct 27 16:25:45 +0000 2012"}, {"text": "http://t.co/19CqBb6s Prop 37 Opponents Spending Millions To Oppose GMO Label Law", "created_at": "Sat Oct 27 12:26:54 +0000 2012"}, {"text": "@_ItsTanaBitchxD gmo :o", "created_at": "Sat Oct 27 07:51:01 +0000 2012"}, {"text": "#Yeson37 No GMO Bro F MoNsAnTo! These guys know what up! http://t.co/QWWtz8NM", "created_at": "Sat Oct 27 10:52:09 +0000 2012"}, {"text": "GMO Eggs &amp; Toxic Ham by Leslie Sheridan | Say NO to MONSANTO | http://t.co/A2BwOghN http://t.co/8qJ32XJO", "created_at": "Sat Oct 27 20:33:15 +0000 2012"}, {"text": "Healthy Budget: Growing with Non GMO Seed for Home Garden http://t.co/eJXmLWMt\n #Organic", "created_at": "Sat Oct 27 20:05:02 +0000 2012"}, {"text": "Folks, GMO labeling is not a science debate. Many things currently required to be labeled, just to give consumers relevant info. #yeson37", "created_at": "Sat Oct 27 21:01:59 +0000 2012"}, {"text": "@louisepatdxx gmo", "created_at": "Sat Oct 27 18:34:20 +0000 2012"}, {"text": "GMO Companies Lying to Public to Fight Prop 37 http://t.co/5F92MYDq", "created_at": "Sat Oct 27 18:16:08 +0000 2012"}, {"text": "RT @mybrandonboyd How bout them apples?@HuffingtonPost: Major food companies spending millions to oppose GMO label law http://t.co/aUfBU2BP\u201d", "created_at": "Sat Oct 27 19:15:17 +0000 2012"}, {"text": "GMO Companies Lying to Public to Fight Prop 37: http://t.co/kIahcJqY via @youtube", "created_at": "Sat Oct 27 06:26:05 +0000 2012"}, {"text": "Sincere question.  Do you think labeling GMOs is important or not really a big deal?", "created_at": "Sun Oct 28 01:19:08 +0000 2012"}, {"text": "Hey guys I don't really know anything about GMOs or actual science but I hear its cool to bash them so I'll just mislead my followers!", "created_at": "Sat Oct 20 17:19:25 +0000 2012"}, {"text": "Americans Consume Nearly 200 Pounds of GMOs Each Year http://t.co/BzlaUhXl", "created_at": "Sat Oct 20 21:38:10 +0000 2012"}, {"text": "Side effects of GMOs - Ask your doctor if CANCER is right for you http://t.co/Xx6FSVuf", "created_at": "Sun Oct 21 05:17:58 +0000 2012"}, {"text": "Side effects of GMOs - Ask your doctor if CANCER is right for you http://t.co/7HOiigVu", "created_at": "Sun Oct 21 05:17:59 +0000 2012"}, {"text": "GMO World Map\u2014Color Me Labelled -  http://t.co/8BgC4VRn #GMO #Map #Monsanto #Food", "created_at": "Sat Oct 20 18:20:49 +0000 2012"}, {"text": "Drinking milk from genetically-modified cows will make dairy allergies much more prevalent http://t.co/50V0hT0p via @HealthRanger", "created_at": "Sat Oct 20 23:56:02 +0000 2012"}, {"text": "Get the word out. YES on 37. Label those foods and put a stop to GMO http://t.co/IT1LN4En", "created_at": "Sat Oct 20 23:03:32 +0000 2012"}, {"text": "@victoriarowell Thanks for the follow!I A small donation will help me org Toronto GMOs - Kids Right to Know Walk! http://t.co/p2W9ONyh \u2026", "created_at": "Sun Oct 21 03:51:51 +0000 2012"}, {"text": "@_zkhr sakit ya, dia aja gak ngucapin lho waktu aku, namanya juga gak ada rasa sih mau dipaksa juga gak bisa :') APA ?!? GMO ? CIEEEEE~~~", "created_at": "Sat Oct 20 11:39:28 +0000 2012"}, {"text": "OK, perhaps farmers will feel the effects from consumers awakening to the GMO food reality. All will ultimately benefit from truth &amp; health.", "created_at": "Sun Oct 21 01:25:25 +0000 2012"}, {"text": "The top 10 breakfast cereals most likely to contain Monsanto's GMO corn http://t.co/uKHdWugS", "created_at": "Sun Oct 21 01:50:23 +0000 2012"}, {"text": "@sinnsage @SashaGrey @Sammie_Rhodes @SarahShevon I BEG you to RT this about GMOs http://t.co/otOx5WJ3 &amp; You Know I NEVER Beg.", "created_at": "Sun Oct 21 22:20:42 +0000 2012"}, {"text": "Letter From The Editor: Fooducate\u2019s GMO App http://t.co/XrxaEoDx", "created_at": "Sun Oct 21 16:39:24 +0000 2012"}, {"text": "an arrogation is a dunghill: broadband, transgenic", "created_at": "Mon Oct 22 00:15:46 +0000 2012"}, {"text": "Side effects of GMOs - Ask your doctor if CANCER is right for you http://t.co/osWKOrn0", "created_at": "Mon Oct 22 00:41:36 +0000 2012"}, {"text": "Jeffrey Smith GMO update January, 2012 - GMO labeling initiate in California, bad science and more - NaturalNews.tv http://t.co/9mk4XMzF", "created_at": "Sun Oct 21 12:07:32 +0000 2012"}, {"text": "Dot Earth Blog: French Science Academies Slam Seralini Study Finding GMO Cancer Threat: France's science academi... http://t.co/5ZbhDZcP", "created_at": "Sun Oct 21 12:57:44 +0000 2012"}, {"text": "Side effects of GMOs - Ask your doctor if CANCER is right for you http://t.co/DAkfXZe0", "created_at": "Sun Oct 21 07:56:59 +0000 2012"}, {"text": "Side effects of GMOs \u2013 Ask your doctor if CANCER is right for you http://t.co/eRHXenmp", "created_at": "Sun Oct 21 10:21:51 +0000 2012"}, {"text": "Assad bans GMOs in food \u2018to preserve the health of human beings\u2019 http://t.co/SWTntP8J\n via @kr3at headlines", "created_at": "Sun Oct 21 10:39:40 +0000 2012"}, {"text": "Kids are not a science experiment. Watch this label GMOs video for #YesOn37 &amp; share it too: http://t.co/z59bzt78", "created_at": "Sun Oct 21 17:10:30 +0000 2012"}, {"text": "Kids don't look young anymore. Strange. Guessing it has to do with GMO food, unhealthy diets.", "created_at": "Sun Oct 21 17:41:21 +0000 2012"}, {"text": "My interest in GMOs came from discovering that eating them could cause our B12 levels to decrease. B12 comes from bacteria.", "created_at": "Sun Oct 21 21:43:08 +0000 2012"}, {"text": "Get out and vote YES on Proposition 37.  Funny video with Danny Devito and others on GMO labeling.  Love the... http://t.co/dUSRo4AF", "created_at": "Sun Oct 21 21:57:53 +0000 2012"}, {"text": "Help win the battle for GMO labeling by supporting California's fight to pass Prop 37! http://t.co/oWVTJdus via @causes", "created_at": "Sun Oct 21 15:55:29 +0000 2012"}, {"text": "Side effects of GMOs \u2013 Ask your doctor if CANCER is right for you http://t.co/mw6ueXxr", "created_at": "Sun Oct 21 23:58:36 +0000 2012"}, {"text": "Genetically-Modified Organisms #GMOs: What Are You &lt;i&gt;Really&lt;/i&gt; Eating? http://t.co/Pf0vr1Yi via @HealthyLiving a Smart doc asks ?s", "created_at": "Sun Oct 21 23:05:44 +0000 2012"}, {"text": "GMO Ticking Time Bomb  http://t.co/xjulo0Nz", "created_at": "Sun Oct 21 19:17:47 +0000 2012"}, {"text": "Yg baca rawi siapa ? Pahaji nanyain gue ga ? RT @arie_alzzie: jana gmo nyanyi, kga tw gw juga acra apaan org di dpn", "created_at": "Sun Oct 21 08:56:25 +0000 2012"}, {"text": "At GMO today so many people said nice things !!! Totally cheered me up", "created_at": "Sun Oct 21 06:19:51 +0000 2012"}, {"text": "GMO Debate Heats Up: Critics Say Biotech Industry Manipulating Genes, And Science http://t.co/l3l7RXWA via @HuffPostGreen", "created_at": "Mon Oct 22 02:33:42 +0000 2012"}, {"text": "Scientists who tell the truth about the serious dangers of gmo foods are being attack'd by corporate thugs. http://t.co/tU00odrA #monsanto", "created_at": "Sun Oct 21 13:26:34 +0000 2012"}, {"text": "OMG GMO OGM", "created_at": "Mon Oct 22 01:29:19 +0000 2012"}, {"text": "GMO Ticking Time Bomb - Part 1 http://t.co/VMyyjOeK", "created_at": "Fri Oct 05 16:23:56 +0000 2012"}, {"text": "Is there organic grits? I love grits. But I don't wanna eat GMO grits. I miss grits. Help! @WFMProspectSt @bittman @michaelpollan", "created_at": "Sat Oct 06 00:02:13 +0000 2012"}, {"text": "New GMO study finds tumours in rats fed genetically modified corn http://t.co/iHbkbCDG", "created_at": "Fri Oct 05 10:50:48 +0000 2012"}, {"text": "TGIF! Host a movie night and have organic popcorn! Did you know organic corn is grown without the use of GMO seed?", "created_at": "Fri Oct 05 17:30:02 +0000 2012"}, {"text": "Don't stop believing!!! We can live in a real world with safe food and air, no to GMO we r almost there! http://t.co/oLHf71MO", "created_at": "Fri Oct 05 20:53:00 +0000 2012"}, {"text": "What's in your food? GMO http://t.co/shHMrYK9", "created_at": "Fri Oct 05 20:07:24 +0000 2012"}, {"text": "The FACT is that OBAMA put Monsanto's Taylor in the FDA. Obama did that. No warnings for us from FDA re GMOs .@hool36 @MittRomney", "created_at": "Fri Oct 05 21:39:26 +0000 2012"}, {"text": "Congress is in the back pocket of Monsanto. Stop waiting for Govt. to protect you.take back the food supply!\nDon't eat GMO", "created_at": "Fri Oct 05 14:13:22 +0000 2012"}, {"text": "I'm confused. Weren't GMOs sold to the public as a way to cut back our use of toxic pesticides? http://t.co/ykYX9WmA", "created_at": "Fri Oct 05 15:17:11 +0000 2012"}, {"text": "This week lard is making a comeback, salt may improve your coffee &amp; why we aren\u2019t eating more GMO animals http://t.co/A4lCHEw3", "created_at": "Fri Oct 05 18:02:14 +0000 2012"}, {"text": "Pesticide Use Proliferating With GMO Crops, Study Warns http://t.co/bgwQ8MCT via @huffingtonpost", "created_at": "Fri Oct 05 19:07:45 +0000 2012"}, {"text": "['\ud0c1\uad6c\uacf5\ub9cc\ud55c \uc885\uc591'... \ud504\ub791\uc2a4 \uc5f0\uad6c\ud300, GMO \uc720\ud574\uc131 \ubc1d\ud600]...\uadf8\ub7f4\ub9ac\uac00... \ub77c\uba74\uc11c \ud074\ub9ad\ud588\ub354\ub2c8 \ucd9c\ucc98\uac00 \uc624\ub9c8\uc774\ub274\uc2a4... \uadf8\ub798 \uc624\ub9c8\uc774\ub274\uc2a4\ub77c\uba74 \uc774\ub807\uac8c \uc4f8\ubc95\ub3c4 \ud558\uc9c0...", "created_at": "Fri Oct 05 08:59:11 +0000 2012"}, {"text": "\u2624 : Americans Waking Up to The Dangers of GMO Foods: Special ReportAmericans Waking Up to The Dangers of GMO... http://t.co/2X3a11en \u2622", "created_at": "Fri Oct 05 11:11:56 +0000 2012"}, {"text": "Scientists speaking out against GMOs at CoP", "created_at": "Fri Oct 05 11:32:18 +0000 2012"}, {"text": "Mesothelioma Could be Treated with Genetically-Modified Immune Cells\nhttp://t.co/PtoJOfjL", "created_at": "Fri Oct 05 13:28:22 +0000 2012"}, {"text": "@Glenn_Howerton im against gmo's.  My dad is a farmer and is for gmo.  He believes if we don't have gmo we'll not have enough food.  Wth!?", "created_at": "Wed Oct 31 00:23:10 +0000 2012"}, {"text": "@tasyaramaeta GMo ka wee T_T", "created_at": "Tue Oct 30 12:40:12 +0000 2012"}, {"text": ". @kathleenblastpr @HersheysKisses GMO corn syrup? we'll never know until Hersheys explains why they spent that money #yeson37", "created_at": "Tue Oct 30 20:14:03 +0000 2012"}, {"text": "@myssgwencali @twitlertwit it is disgusting to know how much of it is GMO. I only know of one seed company (local, family own) not using GMO", "created_at": "Wed Oct 31 05:32:56 +0000 2012"}, {"text": "GMO fight is heating up in Washington state: An initiative signature-gathering campaign is already underway here... http://t.co/bdnqaxfs", "created_at": "Tue Oct 30 15:08:01 +0000 2012"}, {"text": "Chefs rally nationwide to support GMO labeling, Proposition 37 http://t.co/SQDqWYho via @HealthRanger", "created_at": "Tue Oct 30 15:35:12 +0000 2012"}, {"text": "Koen pisan \"@grey_agung: gagal move on --\" RT @dallypunklow Ga tau \"@grey_agung: tau artinya ga? RT @dallypunklow GMO \"@grey_agung: dasar G", "created_at": "Tue Oct 30 23:13:59 +0000 2012"}, {"text": "WA's effort to label GMO food is now on twitter. Follow 'em at @labelitwa --and sign i-522!", "created_at": "Tue Oct 30 19:57:46 +0000 2012"}, {"text": "Shock findings in new GMO study: Rats fed lifetime of GM corn grow horrifying tumors, 70% of females http://t.co/yRCHT0Wk", "created_at": "Wed Oct 31 03:15:38 +0000 2012"}, {"text": "Why Preppers Should Be Concerned About GMO Crops - 10/30/12 #fb http://t.co/a5TccQdg #gardening #GMO #organic", "created_at": "Wed Oct 31 03:45:34 +0000 2012"}, {"text": "Infowars Exposed selling GMOs with NEUROTOXINS Share truth: http://t.co/8FJepyyK via @youtube", "created_at": "Wed Oct 31 03:57:42 +0000 2012"}, {"text": "@anthonyjhilder=&gt;&gt;FELLOW  LAB RATS EAT GMO GROW YOUR OWN TUMOUR BIG PHARMA IS HERE TO HELP! http://t.co/84JnhUiR via @BeforeItsNews", "created_at": "Tue Oct 30 11:42:44 +0000 2012"}, {"text": "GMO http://t.co/D1ZSc6b4", "created_at": "Sun Oct 07 12:23:31 +0000 2012"}, {"text": "YouTube censors 'Organic Spies' video exposing Whole Foods employees lying about GMOs http://t.co/hEMN8Bie", "created_at": "Sun Oct 07 12:44:41 +0000 2012"}, {"text": "\u201c@RachelsNews: How Canadians Became Mice in a GMO Study http://t.co/QQyafsRW via @HuffPostCanada\u201d", "created_at": "Sun Oct 07 10:16:54 +0000 2012"}, {"text": "Elite 1% Austerity Agenda 21 NDAA: Europe to use GMO Corn Plus! Brings Europe To Knees, World Next,If Not Stopped\n http://t.co/AJXkACJT \u2026", "created_at": "Sun Oct 07 17:37:40 +0000 2012"}, {"text": "Tell major grocery store CEOs: Refuse GMO apples http://t.co/jvKpPWF8", "created_at": "Sun Oct 07 17:19:22 +0000 2012"}, {"text": "TAKE ACTION: Tell Trader Joe's to support labeling of GMO food: http://t.co/5iZqXgHW", "created_at": "Sun Oct 07 20:04:05 +0000 2012"}, {"text": "\"Calif. initiative will test appetite for GMO food\" on http://t.co/4HS1Hqzf", "created_at": "Sun Oct 07 20:14:41 +0000 2012"}, {"text": "@DotGreenTLD Microfarm ur Costa Rica coffee online. 1 yr plot lease, make choices as we farm, roast, privat labl ur beans, sent 2u no GMO", "created_at": "Sun Oct 07 21:43:15 +0000 2012"}, {"text": "Tell Trader Joe's to support labeling of GMO food: http://t.co/5fUeB9L9 (via @Sum_Of_Us)", "created_at": "Sun Oct 07 15:43:18 +0000 2012"}, {"text": "Tell grocery store CEOs to reject GMO apples before they hit the shelves http://t.co/CdEyqtzj @CREDOMobile #p2", "created_at": "Mon Oct 08 02:45:24 +0000 2012"}, {"text": "Why California Needs GMO Labeling Prop 37 http://t.co/oXl5Affc via @organicconnect", "created_at": "Sun Oct 07 11:14:04 +0000 2012"}, {"text": "Wal-Mart Selling GMO Corn Without Labeling It so: http://t.co/SUxTIpbo via @youtube", "created_at": "Sun Oct 07 13:22:51 +0000 2012"}, {"text": "Help win the battle for GMO labeling by supporting California's fight to pass Prop 37! http://t.co/1LBm72yg via @causes", "created_at": "Fri Oct 19 16:11:12 +0000 2012"}, {"text": "@Earthnik But it's not a fair critique of #gmo nor is it relevant to labeling. IP law is a real problem. GMO isn't.", "created_at": "Fri Oct 19 16:52:59 +0000 2012"}, {"text": "Bursting the GMO Foods Bubble http://t.co/EY29tSEF via @organicconnect", "created_at": "Fri Oct 19 17:07:22 +0000 2012"}, {"text": "@K_Mowers allergens just built up as you were eating them, which why GMO is so dangerous. I am 44 and am lucky my only allergen is to cod.", "created_at": "Sat Oct 20 05:56:03 +0000 2012"}, {"text": "Don't celebrate yet, but a grassroots victory against GMO deception is now inevitable http://t.co/Oh1NGdCh via @HealthRanger", "created_at": "Fri Oct 19 14:22:38 +0000 2012"}, {"text": "Americans Consume Nearly 200 Pounds of GMOs Each Year | NationofChange http://t.co/J28qoOCu via @nationofchange", "created_at": "Fri Oct 19 19:05:37 +0000 2012"}, {"text": "10 Celebrities Who Support GMO Food Labeling  http://t.co/OpTuxQCl via @TakePart", "created_at": "Fri Oct 19 08:33:28 +0000 2012"}, {"text": "@JeffFowle Sorry you're mistaken.  And btw, GMOS were not created by God.", "created_at": "Sat Oct 20 03:19:24 +0000 2012"}, {"text": "Dot Earth Blog: French Science Academies Slam Seralini Study Finding GMO Cancer Threat: France's science academi... http://t.co/QAr34bbd", "created_at": "Sat Oct 20 04:26:35 +0000 2012"}, {"text": "WE ARE GETTING READY FOR THIS THURSDAY'S GMO EVENT!!!\nOctober 25th from 11AM- 1PM - PLEASE JOIN US! http://t.co/nhXdYVyj", "created_at": "Mon Oct 22 22:54:22 +0000 2012"}, {"text": "10/22//2012 Commission authorises GMO maize MIR162 http://t.co/LfmmCoap", "created_at": "Mon Oct 22 22:38:12 +0000 2012"}, {"text": "GMO makes me #gilaaaa", "created_at": "Mon Oct 22 16:24:10 +0000 2012"}, {"text": "what gmo is, what it does... http://t.co/xBQ4ayPS", "created_at": "Mon Oct 22 17:20:29 +0000 2012"}, {"text": "India May Ban GMO Crop Field Trials for 10 Years: \n\nhttp://t.co/TVPS7aIN", "created_at": "Mon Oct 22 17:11:26 +0000 2012"}, {"text": "GMO Ticking Time Bomb http://t.co/wqp8B7q3\n via @kr3at headlines", "created_at": "Mon Oct 22 20:25:40 +0000 2012"}, {"text": "GMO LABELING PROP 37 \"Watch What I Eat\" - POP Campaign\n\nPLEASE forward this message to as many people as... http://t.co/uWsvosDQ", "created_at": "Mon Oct 22 21:21:40 +0000 2012"}, {"text": "I uploaded a @YouTube video http://t.co/59ZJ9Jin Beverly Goldie Facilitator GMO Awareness Group of the North Olympic Peninsula", "created_at": "Tue Oct 23 05:17:04 +0000 2012"}, {"text": "GMO=God Move Over. Creating new forms of life is unethical, serving GMO food is unhealthy &amp;unholy. I'll take my food as GOD intended it TYVM", "created_at": "Mon Oct 22 18:22:40 +0000 2012"}, {"text": "Activist Post: India May Ban GMO Crop Field Trials for 10 Years http://t.co/Q2ZZnVb0", "created_at": "Mon Oct 22 19:33:24 +0000 2012"}, {"text": "we're there RT @MsCALLI0PE\nThe GMO food will lead to mass mental retardation in a decade, maybe less.", "created_at": "Tue Oct 23 03:10:39 +0000 2012"}, {"text": "Hehe gagal move on maksutnya ,, ikutan dong bikin baju GMO ,, WKWKWKW RT @prtwanggun: Amasa? Tuh yg pengen (cont) http://t.co/WMUvDBUq", "created_at": "Mon Oct 22 11:58:05 +0000 2012"}, {"text": "#Food: Prevalent GMOs in US: Soybeans 93% Corn 86% Sugar beets 95% Canola 87% Cotton 93% papaya  80% Processed food 2003 estimate 70-75%.", "created_at": "Mon Oct 22 13:20:19 +0000 2012"}, {"text": "Six largest pesticide corporations funding effort to try to defeat GMO labeling Proposition 37\n: http://t.co/ZWprzmV7", "created_at": "Tue Oct 23 04:25:12 +0000 2012"}]