[{"text": "It didn't show on the last post, but GMO sweet corn has  pesticides inserted into the corn's DNA that destroys... http://t.co/EBV27S2P", "created_at": "Thu Aug 16 22:53:48 +0000 2012"}, {"text": "It's crazy how GMO farmers get subsidies, and that if an organic farmer sues for contamination of crops, he gets nothing!", "created_at": "Thu Aug 16 16:10:53 +0000 2012"}, {"text": "nytimesscience: RT @nytimesscience: Dot Earth Blog: A Song Tries to Go Beyond the 'OMG' Reaction to GMOs http://... http://t.co/28kgMU9O", "created_at": "Thu Aug 16 16:58:05 +0000 2012"}, {"text": "Dot Earth Blog: A Song Tries to Go Beyond the 'OMG' Reaction to GMOs http://t.co/S2B9Y8gS", "created_at": "Thu Aug 16 16:52:04 +0000 2012"}, {"text": "Will you buy products that don't support GMO labeling? http://t.co/fCRS3VHt", "created_at": "Fri Aug 17 00:48:32 +0000 2012"}, {"text": "Dot Earth Blog: A Song Tries to Go Beyond the 'OMG' Reaction to GMOs http://t.co/tkUrh1K1", "created_at": "Thu Aug 16 17:02:28 +0000 2012"}, {"text": "A Song Tries to Go Beyond the 'OMG' Reaction to GMOs http://t.co/NvVNUfnj", "created_at": "Thu Aug 16 17:19:24 +0000 2012"}, {"text": "Which \"healthy\" brands are pro- GMO (and which are on the up &amp; up)? Find out with this handy chart http://t.co/sTVvhQyg", "created_at": "Thu Aug 16 20:25:50 +0000 2012"}, {"text": "FINISHING UP #TEAM GO CRAZY  : GMO : AND @bdbread_boi_t video shoot tonite @ Tandb films studio ...MADEWEST : #HNIC promo drops", "created_at": "Thu Aug 16 20:16:25 +0000 2012"}, {"text": "Onion Cortland (Allium cepa) 460 GMO Free Organic Hybrid Seeds per Packet by D... http://t.co/quP5jqwo via @amazon", "created_at": "Thu Aug 16 15:21:35 +0000 2012"}, {"text": "Pumpkin Marina Di Chioggia 30 GMO Free Heirloom Seeds per Packet by David's Ga... http://t.co/jEN6J6XL via @amazon", "created_at": "Thu Aug 16 15:03:46 +0000 2012"}, {"text": "it's pervasive~health advice by those paid to \"sell\" certain things~ from drugs like Vioxx to GMOs in almost all processd food .@StCyrlyMe2", "created_at": "Thu Aug 16 18:09:59 +0000 2012"}, {"text": "Too bad gmo is only good at madden cause I just ripped him a new one in fifa hahahahahahaah ;) #BeastMode #Milan", "created_at": "Thu Aug 16 18:28:29 +0000 2012"}, {"text": "Which companies are against GMO labeling in California... http://t.co/n4qiLxfl", "created_at": "Fri Aug 17 03:08:38 +0000 2012"}, {"text": "$25-50 mill from PepsiCo, GeneraMills, Cargill, MonsantoCo, to fight to keep consumers unaware of GMOs in foods in CA. http://t.co/S7ihaKmy", "created_at": "Fri Aug 17 03:33:11 +0000 2012"}, {"text": "California GMO labeling opponents\u2019 campaign exposed by new study? http://t.co/zh6lXRcO #Libertarian", "created_at": "Thu Aug 16 13:18:02 +0000 2012"}, {"text": "@Gluonsrule @mcdonalds IT DOESN'T SAY 100% natural!! It says no preservatives. There's hormones and antibiotics and the cows eat GMO Corn!!", "created_at": "Thu Aug 16 13:16:26 +0000 2012"}, {"text": "UNREAL Candy Leaves Out the Artificial Colors, Flavors, and GMOs @getunreal #giveaway http://t.co/SjjgOxuo", "created_at": "Fri Aug 17 04:38:05 +0000 2012"}, {"text": "Why is @PepsiCo fighting GMO labeling in California? http://t.co/tKrRUWD3", "created_at": "Fri Aug 10 22:00:22 +0000 2012"}, {"text": "Big Ag Spends Big Bucks to Keep GMOs in Your Food Secret http://t.co/5NqqJfcd via @motherjones", "created_at": "Sat Aug 11 00:45:49 +0000 2012"}, {"text": "Getting pumped 7pm PST #Yeson37 \u201cOne Million More\u201d to Label GMOs Twitter Party \u2014 Mamavation - http://t.co/5D9yysbX", "created_at": "Sat Aug 11 00:33:29 +0000 2012"}, {"text": "Biotech Giants Are Bankrolling a GMO Free-for-All http://t.co/pDwetqGM\n via @kr3at headlines", "created_at": "Fri Aug 10 10:29:50 +0000 2012"}, {"text": "Say No to GMO canola http://t.co/fA7cBidb Oregon dept. of Ag wants to plant it along freeways and it will kill our native flowers&amp;our crops", "created_at": "Fri Aug 10 17:42:58 +0000 2012"}, {"text": "Biotech Giants Are Bankrolling a GMO Free-for-All http://t.co/Cfkpcqtb via @motherjones", "created_at": "Fri Aug 10 23:32:49 +0000 2012"}, {"text": "The New Food Wars: Globalization GMOs and Biofuels: http://t.co/0TcmZgIb via UCtelevision @youtube", "created_at": "Fri Aug 10 06:03:57 +0000 2012"}, {"text": "They have labels for calories, fats, sodium, etc. Why don't I know If I'm eating a GMO or not? #Yeson37 #labelGMOs", "created_at": "Sat Aug 11 02:08:34 +0000 2012"}, {"text": "@Gods_Smile GMOs are NOT on labels right now dear. You would never know if they were there or not. #yeson37 #labelGMOs", "created_at": "Sat Aug 11 02:55:55 +0000 2012"}, {"text": "Cesar y Sebasti\u00e1n parece que compraron gafas 2x1 en GMO @gabodelascasas", "created_at": "Sat Aug 11 02:31:02 +0000 2012"}, {"text": "Q2: Putting GMO labeling on foods gives us the freedom of choice becuz we have full knowledge of what we r putting in our bodies@ #labelGMOs", "created_at": "Sat Aug 11 02:21:10 +0000 2012"}, {"text": "GMO adds some serious analysis to my argument on healthy expected equity returns https://t.co/14hUFhnF", "created_at": "Sat Aug 11 03:09:13 +0000 2012"}, {"text": "Michelle Obama: Tell Barack to honor his campaign promise to label GMOs http://t.co/mcPUcL73 @signon", "created_at": "Fri Aug 31 16:02:15 +0000 2012"}, {"text": "#sbosm How Nestl\u00e9\u2019s GMO debacle makes the case for corporate transparency http://t.co/kKz8xSpi", "created_at": "Sat Sep 01 00:29:41 +0000 2012"}, {"text": "2 Minutes on Monsanto and GMOs http://t.co/Bo9jNYsl via @youtube", "created_at": "Fri Aug 31 17:53:16 +0000 2012"}, {"text": "Via @SBoSM How Nestl\u00e9\u2019s GMO debacle makes the case for corporate transparency: This week, food production giant ... http://t.co/LGZ475yV", "created_at": "Fri Aug 31 14:05:16 +0000 2012"}, {"text": "Michelle Obama: Tell Barack to honor his campaign promise to label GMOs http://t.co/8mMhDIZR @signon", "created_at": "Fri Aug 31 15:15:58 +0000 2012"}, {"text": "AMA: Test GMO products prior to sale http://t.co/tXhlVY5h http://t.co/v70eJPj1 is 100% Organic.  See Well Live Well!", "created_at": "Fri Aug 31 15:26:00 +0000 2012"}, {"text": "Unite America Mr President .@BarackObama Let's Move on GMO labeling! http://t.co/7bG9DGSh @food_democracy Please RT", "created_at": "Fri Aug 31 23:47:31 +0000 2012"}, {"text": "Unite America Mr President .@BarackObama Let's Move on GMO labeling! http://t.co/eXeMUmHl @food_democracy Please RT", "created_at": "Fri Aug 31 23:06:12 +0000 2012"}, {"text": "Healthy Budget: Growing with Non GMO Seed for Home Garden http://t.co/eJXmLWMt\n #Organic", "created_at": "Sat Sep 01 02:21:54 +0000 2012"}, {"text": "Most of you know I'm a Larabar Ambassador and have asked my thoughts on Prop 37 concerning GMO labeling. Agree or... http://t.co/BmY5WWKA", "created_at": "Wed Aug 29 16:15:01 +0000 2012"}, {"text": "Shopping Blind: The Connecticut GMO Labeling Bill: Consumers increasingly want to know where ... http://t.co/Uv0T3sG9 #connecticut #news", "created_at": "Wed Aug 29 16:37:59 +0000 2012"}, {"text": "rt @OrganicConsumer Approval of New Chemical-Resistant GMOs Likely to Prompt Pesticide Escalation http://t.co/PjK85QRv", "created_at": "Wed Aug 29 17:07:21 +0000 2012"}, {"text": "I only eat organic soy, because most of the rest is GMO and heavily pesticide laden, But now they want to use... http://t.co/qzks2D0n", "created_at": "Wed Aug 29 20:12:02 +0000 2012"}, {"text": "Doctors and farmers find that eliminating GMOs prevents disease http://t.co/UL1KZlw9 via @HealthRanger", "created_at": "Wed Aug 29 15:34:46 +0000 2012"}, {"text": "GMO Apples That Won't Brown Could be Hitting Stores in 2014 http://t.co/6FvjR6a1 via @OrganicAuthorit", "created_at": "Wed Aug 29 19:43:20 +0000 2012"}, {"text": "TMRW 8PM Topic: GMO foods, High fructose corn syrup  + y unhealthy food is so cheap #UAreAWhatUEat http://t.co/35YXjk2G @OnTheRoxxRadio", "created_at": "Wed Aug 29 19:26:50 +0000 2012"}, {"text": "Doctors and farmers find that eliminating GMOs prevents disease http://t.co/42kjmzJQ via @HealthRanger", "created_at": "Thu Aug 30 02:55:21 +0000 2012"}, {"text": "Fresh quality gamebirds for sale Raised on our family farm under net in large flight pens GMO FREE government inspected Great special idea!", "created_at": "Thu Aug 30 02:54:35 +0000 2012"}, {"text": "Michelle Obama: Tell Barack to honor his campaign promise to label GMOs http://t.co/cYXTuT3D @signon", "created_at": "Thu Aug 30 04:58:26 +0000 2012"}, {"text": "The start of Stopping GMO crops. Please RT http://t.co/7oAM9r2a", "created_at": "Sat Aug 18 22:31:22 +0000 2012"}, {"text": "Kashi, 'Natural' Cereal Brand, Faces GMO Controversy http://t.co/VfV1vW1C", "created_at": "Sat Aug 18 16:59:17 +0000 2012"}, {"text": "The Misleading Campaign Behind California's GMO Labeling Initiative: Pro-labelers have been aggressive in demoni... http://t.co/wQp9Y49j", "created_at": "Sat Aug 18 14:43:18 +0000 2012"}, {"text": "PATIO : #10: Survival Seed Kit, High Protein, 100% Heirloom/non GMO (Protein can be dangerously low in other seed kits) http://t.co/EUElSqLG", "created_at": "Sat Aug 18 14:26:25 +0000 2012"}, {"text": "Tomato Combo Pack 10 Varieties 1000 Organic Heirloom GMO Free Seeds by David's... http://t.co/mmZ7rNhV via @amazon", "created_at": "Sat Aug 18 18:25:39 +0000 2012"}, {"text": "Legume Pea 4010 Field (Pisum sativum) 5 Pounds of GMO Free Organic Seeds by Da... http://t.co/4TnW6G08 via @amazon", "created_at": "Sat Aug 18 19:22:11 +0000 2012"}, {"text": "Natural brands betray consumers over GMO labeling http://t.co/qtgMSmDa", "created_at": "Sat Aug 18 19:56:49 +0000 2012"}, {"text": "Legume Pea 4010 Field (Pisum sativum) 1 Pound of GMO Free Organic Seeds by Dav... http://t.co/tnlF0uOA via @amazon", "created_at": "Sat Aug 18 19:21:15 +0000 2012"}, {"text": "Legume Pea Field Maxum (Pisum sativum) 1 Pound of GMO Free Seeds by David's Ga... http://t.co/0FG5m2ga via @amazon", "created_at": "Sat Aug 18 19:21:58 +0000 2012"}, {"text": "Prop 37: California GMO Fight Pits Big Food Against Activists (VIDEO) http://t.co/ZbksuTlh", "created_at": "Sat Aug 18 08:30:23 +0000 2012"}, {"text": "Vegetable Seeds: I recently stumbled upon http://t.co/LA8TL6Iw wow, what a great selection of non GMO vegetable s... http://t.co/HwAV3DEG", "created_at": "Sat Aug 18 06:53:21 +0000 2012"}, {"text": "Schumer and Gillibrand voted to prevent GMO labeling in the states that wanted to do so via a federal law. Now,... http://t.co/oG1mIFIP", "created_at": "Sun Aug 19 02:58:35 +0000 2012"}, {"text": "These companies don\u2019t want GMOs labeled in California http://t.co/1pBRZtky via @grist", "created_at": "Sun Aug 19 01:34:33 +0000 2012"}, {"text": "Monsanto's GMO Seeds Cause Farmer Suicides Every 30 Minutes http://t.co/t7h7mxEA via @sharethis; You've GOT 2 B kidding me!", "created_at": "Sun Aug 19 01:25:52 +0000 2012"}, {"text": "Ask your local candidates if they support GMO labeling and let us know their response.  It's Our Right To Know!... http://t.co/88dtAGpo", "created_at": "Fri Aug 03 17:13:03 +0000 2012"}, {"text": "Artificial butter flavor linked to Alzheimer\u2019s, the value of \u201ccheat day\u201d &amp; why to vote for GMO labels http://t.co/zJX0GbZj", "created_at": "Fri Aug 03 17:46:21 +0000 2012"}, {"text": "Food Lobby\u2019s \u2018Highest Priority\u2019 Is Fighting GMO Labeling in California | Cornucopia Institute - http://t.co/xGlvroqy", "created_at": "Fri Aug 03 14:58:04 +0000 2012"}, {"text": "You Think GMO Is Scary? Nano Tech is Here, In Your Store  http://t.co/J3EDrCL9", "created_at": "Fri Aug 03 15:40:08 +0000 2012"}, {"text": "GMO Watch is out! http://t.co/Su85nQra \u25b8 Top stories today via @ShiJiHao @HealthMinded71 @stefanie_sacks", "created_at": "Fri Aug 03 19:25:02 +0000 2012"}, {"text": "What are you eatting? Are all local foods equal? A good read on GMOs sent in by a concerned citizen. http://t.co/eB9OqPGt", "created_at": "Sat Aug 04 01:44:24 +0000 2012"}, {"text": "RT @bittman: Biotech Giants Are Bankrolling a GMO Free-for-All (Philpott) http://t.co/jjbJI9IT", "created_at": "Mon Aug 06 16:20:56 +0000 2012"}, {"text": "Insight on the Big 6 #GMOFoods: Biotech Giants Are Bankrolling a GMO Free-for-All via @ MotherJones #Yeson37 http://t.co/W5quFZe0", "created_at": "Mon Aug 06 16:16:05 +0000 2012"}, {"text": "Ushawahi try? RT @_swagi_: maze,GMO ni fake! RT @kvaati: Its GMO RT @_swagi_: The marijuana #KOT smoke..SMH!", "created_at": "Mon Aug 06 09:33:14 +0000 2012"}, {"text": "What's it doing to us then? ... Monsanto GMO corn causes organ failure in mammals via @huffpostg... http://t.co/eJw9zlCN via @HuffPostGreen", "created_at": "Mon Aug 06 17:53:27 +0000 2012"}, {"text": "The Mutant Strength of GMO Corn. http://t.co/3UTYxtn5 #GMO", "created_at": "Mon Aug 06 20:00:16 +0000 2012"}, {"text": "Monsanto and \u201cBig 6\u201d pesticide corporations funding effort to stop GMO labeling http://t.co/4xmEpbRY", "created_at": "Mon Aug 06 15:13:37 +0000 2012"}, {"text": "GMOs cause animals to lose their ability to reproduce, Russian scientists discover http://t.co/u2j1Cu3D", "created_at": "Mon Aug 06 06:51:55 +0000 2012"}, {"text": "FACT: Transgenic predators - vampires - are concealed from human perception by our own mythology. But they are real! http://t.co/LsO7oXh2", "created_at": "Tue Aug 07 02:34:16 +0000 2012"}, {"text": "Monsanto's Quiet Coup: Will Congress Limit Scope and Time for GMO Reviews? http://t.co/8Gj5aKBe", "created_at": "Tue Aug 07 03:18:52 +0000 2012"}, {"text": "Another type of damage caused by GMOs http://t.co/mz00fBeP #gmo #food #libertarian @libertycrier", "created_at": "Tue Aug 07 01:26:34 +0000 2012"}, {"text": "I'm at GMO ind\u00fastria e com\u00e9rcio - Pinhais - PR http://t.co/kaqUSJjE", "created_at": "Wed Aug 01 16:57:33 +0000 2012"}, {"text": "Join the PAC: Fighting GMO Labeling in California is Food Lobby\u2019s \u201cHighest Priority\u201d http://t.co/JXegN8Tg #Socialist #Network", "created_at": "Wed Aug 01 16:29:02 +0000 2012"}, {"text": "S**t FOOD AND HORMONE LACED AND GMO PROCESSED FOOD MAKES ONE FAT !RT @yonifreedhoff Weight is Food.  Health is Fitness. http://t.co/A2zl9xCX", "created_at": "Thu Aug 02 00:29:43 +0000 2012"}, {"text": "Let's Stop 'em! RT Will Those Sneaky GMO Amendments Pass through an Underhanded Maneuver? http://t.co/wSsMAkpA", "created_at": "Wed Aug 01 06:35:38 +0000 2012"}, {"text": "A Month Without Monsanto: What Does it Take to Avoid the GMO Giant? http://t.co/Q4PWjTDJ", "created_at": "Wed Aug 01 06:57:07 +0000 2012"}, {"text": "RT @marionnestle: Just discovered the GMO song: \"OMG GMOs!\"   Fast paced, balanced, clever.  http://t.co/6X9ykjgH", "created_at": "Fri Aug 24 16:50:06 +0000 2012"}, {"text": "A List of Food Companies that Hide GMOs http://t.co/KSShi320", "created_at": "Fri Aug 24 12:43:04 +0000 2012"}, {"text": "Wired News: Genetically-modified algae must undergo independent study, ecologists say http://t.co/E9xNxEgd", "created_at": "Fri Aug 24 15:35:37 +0000 2012"}, {"text": "No need # GMO to stop hungry: School Gardens! every school should do: teaching our children how to eat, how to... http://t.co/MwVFwi2a", "created_at": "Fri Aug 24 13:03:57 +0000 2012"}, {"text": "Food Lobby\u2019s \u2018Highest Priority\u2019 is Fighting GMO Labeling in California | NationofChange http://t.co/OXtjxSuF via @nationofchange", "created_at": "Sat Aug 04 20:51:09 +0000 2012"}, {"text": "Why PepsiCo Is Fighting GMO Labeling in California http://t.co/nUf26uD6", "created_at": "Sat Aug 11 07:26:44 +0000 2012"}, {"text": "Radish D'Avignon (Raphanus sativus) 265 GMO Free Seeds per Packet by David's G... http://t.co/ifMenOhH via @amazon", "created_at": "Sat Aug 11 10:54:59 +0000 2012"}, {"text": "David's Red Hybrid Tomato Cobra (Solanum lycopersicum) 15 GMO Free Hybrid Seed... http://t.co/3eeemvPk via @amazon", "created_at": "Sat Aug 11 10:39:52 +0000 2012"}, {"text": "Top 10 GMO Foods to Avoid | NationofChange http://t.co/AXmTobXC via @nationofchange", "created_at": "Sun Aug 12 02:09:27 +0000 2012"}, {"text": "approved for consumption Monsanto GMO corn causes organ failure in mammals http://t.co/11OF4h3D via @HuffPostGreen @EcoInteractive", "created_at": "Sat Aug 11 11:07:04 +0000 2012"}, {"text": "Carrot Hercules (Daucus carota var. sativus) 500 GMO Free Seeds per Package by... http://t.co/K8SvAhaf via @amazon", "created_at": "Sat Aug 11 11:04:06 +0000 2012"}, {"text": "Why you should care about GMO labeling http://t.co/yg66hyyF", "created_at": "Sat Aug 11 11:01:58 +0000 2012"}, {"text": "\"Monsanto...again!\"\nGMO company used US officials to lobby Pope for greater access to sell products http://t.co/be7GH3WX via @examinercom", "created_at": "Tue Aug 14 22:59:39 +0000 2012"}, {"text": "Wahay! Just discovered soy protein in @Stoats Sports Bars is indeed GMO free. An easy, locally produced way to get some extra #protein in.", "created_at": "Tue Aug 14 10:33:25 +0000 2012"}, {"text": "Chemical Industry Spent Almost $10 Million Against GMO Labeling - http://t.co/wI6KFxqU", "created_at": "Tue Aug 14 20:10:49 +0000 2012"}, {"text": "@mattpowersmusic they're anti GMO and hormones. Esp Shatto. They pretty much worship their cows. Also reuseable glass bottle deposit system.", "created_at": "Tue Aug 14 21:59:37 +0000 2012"}, {"text": "Prop 37 GMO labeling legislation attracting cash.  Opponents raised $12 million vs. $2.8 million for proponents. http://t.co/kHPTwHNv", "created_at": "Tue Aug 14 14:31:39 +0000 2012"}, {"text": "Transgenic Organisms: Biological and Social Implications: Selected papers from an unidentified meeting in 1995 o... http://t.co/tO377Gpk", "created_at": "Tue Aug 14 15:27:50 +0000 2012"}, {"text": "The Gaia Reports by investigative journalist Theodora Filis - Close Ties With Monsanto Makes Selling GMOs Very Easy http://t.co/EUFvh5iW", "created_at": "Tue Aug 14 18:45:16 +0000 2012"}, {"text": "Gourd Autumn Wings Blend (Cucurbita pepo) 30 GMO Free Seeds per Packet by Davi... http://t.co/6TNZCbXN via @amazon", "created_at": "Wed Aug 15 01:51:20 +0000 2012"}, {"text": "Oregon seed, farm groups sue state over GMO canola - Reuters http://t.co/rC0Jt94W", "created_at": "Wed Aug 15 22:27:09 +0000 2012"}, {"text": "Oregon seed, farm groups sue state over GMO canola: (Reuters) - A U.S. farm group, seed producers and biotech cr... http://t.co/e5FjyguG", "created_at": "Wed Aug 15 22:02:02 +0000 2012"}, {"text": "@ChipotleTweets shame on you! \"10 Companies that Support GMO Food Labeling\" http://t.co/sostpJUT", "created_at": "Wed Aug 15 22:03:12 +0000 2012"}, {"text": "Wal-Mart to Sell Monsanto\u2019s \u2018Sustainable\u2019 GMO Sweet Corn http://t.co/MMj5NL2B", "created_at": "Wed Aug 15 09:11:11 +0000 2012"}, {"text": "Herb Basil Asian Cinnamon (Ocimum basilicum) 100 GMO Free Organic Seeds per Pa... http://t.co/M3WJElBA via @amazon", "created_at": "Wed Aug 15 17:32:46 +0000 2012"}, {"text": "Survey Says: L.A. Grocery Shoppers Want GMO Labels:  Much has been written about genetically engineered foods in... http://t.co/VnYrQmbP", "created_at": "Wed Aug 15 20:45:40 +0000 2012"}, {"text": "#VTAG Donovan, Sorrell ask each other Q's. Sorrell asks what GMO labeling would pass legal standard. Donovan says he'd bring in experts.", "created_at": "Wed Aug 15 21:30:22 +0000 2012"}, {"text": "Chemical Industry Spent Almost $10 Million Against GMO Labeling | NationofChange http://t.co/zLZSgoSB via @nationofchange", "created_at": "Wed Aug 15 15:59:35 +0000 2012"}, {"text": "3D Printed Meats May Soon Be on the Menu - GMO isn't the term I'm looking for but I don't know what it is?! http://t.co/lVODmrZF @mashable", "created_at": "Wed Aug 15 19:25:32 +0000 2012"}, {"text": "Monsanto donates $4.2 million to defeat California GMO labeling initiative http://t.co/TqpfoWol", "created_at": "Thu Aug 16 02:08:14 +0000 2012"}, {"text": "Monsanto donates $4.2 million to defeat California GMO labeling initiative http://t.co/xfUZNtJT #p2", "created_at": "Thu Aug 16 02:51:59 +0000 2012"}, {"text": "@r343l agreed. A good intro to the real issues the anti gmo crowd are ignoring. Less choice is coming if 37 passes.", "created_at": "Thu Aug 16 03:14:50 +0000 2012"}, {"text": "@daggy1 #GMO Pollen Infecting Neighbors Non Gmo Crop and #Monsanto Sues", "created_at": "Thu Aug 16 01:08:41 +0000 2012"}, {"text": "18 Companies That Oppose GMO Food Labeling - Boycott http://t.co/s9a9hn7y via @TakePart", "created_at": "Thu Aug 16 01:13:47 +0000 2012"}, {"text": "http://t.co/ZiHf0c4i that paid over 1 million to stop GMO labels on foods.", "created_at": "Thu Aug 16 04:28:11 +0000 2012"}, {"text": "Michelle Obama: Tell Barack to Honor His Campaign Promise to Label GMOs http://t.co/x6GBZYCr @signon", "created_at": "Thu Aug 23 22:30:06 +0000 2012"}, {"text": "hahaaRT @nindarninda kepoo~ RT: @Uzand7777: @wulanda97 @ikayuliaa pada ngapain sih -_- @nindarninda GMO apaan? -_-", "created_at": "Thu Aug 23 22:36:54 +0000 2012"}, {"text": "Ban GMO Music Now! http://t.co/yZeW1Hs0", "created_at": "Thu Aug 23 16:45:02 +0000 2012"}, {"text": "Food Giants Explain: \u2018Why We\u2019re Against GMO Labeling\u2019 http://t.co/dNxmkFgO via @TakePart", "created_at": "Thu Aug 23 16:55:32 +0000 2012"}, {"text": "it's really hard to find nonGMO soy products. Little did I know that Organic companies support NOT labeling GMOs http://t.co/wttUM9p5", "created_at": "Thu Aug 23 16:23:19 +0000 2012"}, {"text": "ready to tear up gmo tomorrow night wit my girrrrls :) #UAlreadyKnow", "created_at": "Fri Aug 24 00:30:52 +0000 2012"}, {"text": "GMO (Genetically Modified Organisms) \u0e04\u0e37\u0e2d \u0e01\u0e32\u0e23\u0e15\u0e01\u0e41\u0e15\u0e48\u0e07\u0e2a\u0e32\u0e23\u0e1e\u0e31\u0e19\u0e18\u0e38\u0e01\u0e23\u0e23\u0e21 \u0e42\u0e14\u0e22\u0e01\u0e32\u0e23\u0e40\u0e1b\u0e25\u0e35\u0e48\u0e22\u0e19\u0e23\u0e39\u0e1b\u0e41\u0e1a\u0e1a \u0e02\u0e2d\u0e07\u0e2a\u0e34\u0e48\u0e07\u0e21\u0e35\u0e0a\u0e35\u0e27\u0e34\u0e15\u0e18\u0e23\u0e23\u0e21\u0e0a\u0e32\u0e15\u0e34 \u0e43\u0e2b\u0e49\u0e40\u0e1b\u0e47\u0e19\u0e2a\u0e34\u0e48\u0e07\u0e21\u0e35\u0e0a\u0e35\u0e27\u0e34\u0e15\u0e0a\u0e19\u0e34\u0e14\u0e43\u0e2b\u0e21\u0e48", "created_at": "Thu Aug 23 12:00:16 +0000 2012"}, {"text": "@paulorendain artistas d Tonala!Mi abuelo Gmo Hdez fue alfarero trabajo c/paco padilla para Paloma Picasso cuando el restaurant Picasso nGDL", "created_at": "Thu Aug 23 17:36:32 +0000 2012"}, {"text": "Michelle Obama: Tell Barack to Honor His Campaign Promise to Label GMOs http://t.co/c2tHsfv1 @signon", "created_at": "Thu Aug 23 20:55:09 +0000 2012"}, {"text": "Friends and Enemies of Your Right to Know about GMO Foods http://t.co/Y2bbYak8", "created_at": "Thu Aug 23 21:09:53 +0000 2012"}, {"text": "RT @/yums_villeRT @disinfo: #Walmart To Sell Unlabeled GMO #Corn From #Monsanto http://t.co/xcP2oXKy #news #agribusiness #food #gmos", "created_at": "Thu Aug 23 21:24:23 +0000 2012"}, {"text": "Avoiding Top 10 GMOs in Your Daily Life http://t.co/kgbfaL0X", "created_at": "Thu Aug 23 18:55:06 +0000 2012"}, {"text": "Legume Crimson Clover (Trifolium incarnatum) 5 Organic GMO Free Pounds of Seed... http://t.co/G49STCJr via @amazon", "created_at": "Thu Aug 23 18:38:01 +0000 2012"}, {"text": "Legume Vetch Hairy (Vicia villosa) 1/4 Pound of Organic GMO Free Seeds by Davi... http://t.co/jkq52RyF via @amazon", "created_at": "Thu Aug 23 18:37:19 +0000 2012"}, {"text": "Legume Pea Field Maxum (Pisum sativum) 1/4 Pound of GMO Free Seeds by David's ... http://t.co/BIT2IFdA via @amazon", "created_at": "Thu Aug 23 18:29:52 +0000 2012"}, {"text": "Legume Clover Mammoth Red (Trifolium pratense) 1/4 Pound of GMO Free Seeds by ... http://t.co/gvlQ0lmS via @amazon", "created_at": "Thu Aug 23 18:12:18 +0000 2012"}, {"text": "Soy and Your Health: GMO foods: They are easy to avoid. Genetically modified products may be a cause for concern... http://t.co/KlkjEK49", "created_at": "Thu Aug 23 18:06:07 +0000 2012"}, {"text": "Another photo from GMO member Austin.  :) http://t.co/HGDpUWcz", "created_at": "Thu Aug 23 19:07:48 +0000 2012"}, {"text": "bouta go sit next to ma nigga Gmo tho(:", "created_at": "Thu Aug 23 19:52:49 +0000 2012"}, {"text": "@MediaCowgirl hey gf - hope U R well - am revising &amp; addint 2012 GMO info to book - ready in a week for re-upload", "created_at": "Fri Aug 24 02:31:17 +0000 2012"}, {"text": "Google GMOs and find out what's behind your food. Eat organic as much as possible.", "created_at": "Fri Aug 24 03:53:21 +0000 2012"}, {"text": "List of food companies that hide GMOs: Familiar \"health food\" brands funding the attack on GMO labeling such as ... http://t.co/xf3lJ8g3", "created_at": "Fri Aug 24 03:37:20 +0000 2012"}, {"text": "Stop Syngenta's New Insecticidal GMO Bt Corn http://t.co/uuzrZ0N8", "created_at": "Fri Aug 24 03:46:15 +0000 2012"}, {"text": "Stop Syngenta's New Insecticidal GMO Bt Corn! - http://t.co/zVSyBHwD via http://t.co/GHaojxpw", "created_at": "Sat Aug 25 19:00:11 +0000 2012"}, {"text": "Natural brands betray consumers over GMO labeling: NaturalNews issues boycott of Kashi, Silk, Larabar and more http://t.co/8gUdBsuW", "created_at": "Sun Aug 26 02:16:49 +0000 2012"}, {"text": "@PamelaJuanita me equivoque fueron 8 cuando Lukas Tudor le marc\u00f3 7 goles, los 10 goles fueron a Gmo Rojas de Reg Atacama", "created_at": "Sun Aug 26 03:59:18 +0000 2012"}, {"text": "Remember the GMO sweet corn I mentioned in my recent harvest post? It's here - and Wal-Mart will sell it unlabeled. http://t.co/FmSKIfvJ", "created_at": "Thu Aug 09 00:21:34 +0000 2012"}, {"text": "@worriedmoms point of clarification: I am not opposed to GMO label \"per se\" = No ideological opposition. However I find them unjustified.", "created_at": "Wed Aug 08 17:02:08 +0000 2012"}, {"text": "GMO FOOD MYTH 002 \u2022  \"But Chef Ahki, Natural Food Is Sooo Expensive!  I Can't Afford To Eat Healthy!\" - (Seaweed... http://t.co/eKuwtyT1", "created_at": "Wed Aug 08 14:40:15 +0000 2012"}, {"text": "Carrot Navarino (Daucus carota var. sativus) 500 GMO Free Seeds per Packet by ... http://t.co/tE75D5tg via @amazon", "created_at": "Wed Aug 08 15:13:25 +0000 2012"}, {"text": "@Sasha5169 @tinky105 Lol Bol Lmao ! Gmo Ewwwwwwwwww No !", "created_at": "Wed Aug 08 06:01:17 +0000 2012"}, {"text": "New post: Why PepsiCo is Fighting GMO Labeling in California http://t.co/YpF1Pg8Z", "created_at": "Wed Aug 08 13:02:05 +0000 2012"}, {"text": "Join A Twitter Chat to Help Get GMOs Labeled http://t.co/RPkyCc9g via @dietsinreview", "created_at": "Thu Aug 09 01:00:52 +0000 2012"}, {"text": "#Food #Health Why PepsiCo Is Fighting GMO Labeling in California: Written by Michele Simon ... http://t.co/F01lX7uj http://t.co/J6NMYAw0", "created_at": "Thu Aug 09 22:51:00 +0000 2012"}, {"text": "Say it Isn't So: Organic Brands Backing the Campaign to Defeat GMO Labeling http://t.co/tbfwkhRM", "created_at": "Thu Aug 09 17:41:30 +0000 2012"}, {"text": "Rapeseed renamed to sound better GMO to da max http://t.co/SI0zIuhc", "created_at": "Thu Aug 09 17:59:23 +0000 2012"}, {"text": "Say it Isn't So: Organic Brands Backing the Campaign to Defeat GMO Labeling http://t.co/LE7Bri8b", "created_at": "Thu Aug 09 23:26:14 +0000 2012"}, {"text": "Say it Isn't So: Organic Brands Backing the Campaign to Defeat GMO Labeling: http://t.co/wi04c2B7 via @AddThis", "created_at": "Thu Aug 09 19:18:32 +0000 2012"}, {"text": "Bean Flagrano (Phaseolus vulgaris) 200 GMO Free Seeds per Packet by David's Ga... http://t.co/gfc1a7pp via @amazon", "created_at": "Fri Aug 10 01:46:15 +0000 2012"}, {"text": "@Drizzy_Jess @kasshthebaddest @gmo32 Gmo looks all inflated \ud83d\ude02 and I look like a bean \ud83d\ude14\ud83d\ude02", "created_at": "Fri Aug 10 04:42:07 +0000 2012"}, {"text": "Gmo da next one up if he keep on balling I already know Iowa State or somebody go offer my nigga", "created_at": "Fri Aug 10 04:13:34 +0000 2012"}, {"text": "Survey Shows Strong Voter Support for Labeling GMO Foods in California. http://t.co/ZrPbNbCw #News #GMO", "created_at": "Sun Aug 12 20:58:06 +0000 2012"}, {"text": "Gourd Harrowsmith Select (Cucurbita pepo) 30 GMO Free Seeds per Packet by Davi... http://t.co/KBHIQ9e1 via @amazon", "created_at": "Mon Aug 13 02:39:33 +0000 2012"}, {"text": "Gourd Autumn Wings Blend (Cucurbita pepo) 30 GMO Free Seeds per Packet by Davi... http://t.co/ifl69a9h via @amazon", "created_at": "Mon Aug 13 02:52:57 +0000 2012"}, {"text": "Monsanto so believes in choice they are spending millions to STOP labeling of GMO foods in America. What's wrong with this food. #Monsanto", "created_at": "Mon Aug 13 02:05:50 +0000 2012"}, {"text": "Why Zrii? GMO Free. NO Synthetic Vitamins. Certified Vegan! Low Glycemic. Gluten Free. AND a 100% Satisfaction... http://t.co/FQXetDvP", "created_at": "Mon Aug 13 01:53:24 +0000 2012"}, {"text": "@60Minutes GMO poisons in our food,Mike Tyler a monsanto crony running the FDAm you people are truly cowards,cover some truth 4 once", "created_at": "Mon Aug 13 01:54:03 +0000 2012"}, {"text": "You can avoid GMOs without the labeling: Do your homework before you shop. This site has tests hundreds of thous... http://t.co/8xNw9Sdo", "created_at": "Fri Aug 17 22:26:57 +0000 2012"}, {"text": "MT @grist: These companies don\u2019t want GMOs labeled in California, by @twyspy http://t.co/o0xEs4i8 #CARightToKnow #Prop37", "created_at": "Fri Aug 17 16:38:56 +0000 2012"}, {"text": "Nat'l brands betray consumers over GMO labeling: NaturalNews issues boycott of Kashi, Silk, Larabar http://t.co/MGsFrQos via @HealthRanger", "created_at": "Fri Aug 17 16:46:54 +0000 2012"}, {"text": "RT @earthislandjrnl: A visual breakdown of 20 companies that are pouring in money to fight GMO labeling law in Calif http://t.co/Ax2H6kcj", "created_at": "Fri Aug 17 20:10:50 +0000 2012"}, {"text": "Oh, kok gagal ul:\"RT @zulvhanisya25: Gagal Move On !!! RT @ellasyifalianii GMO apaan?", "created_at": "Fri Aug 17 20:55:20 +0000 2012"}, {"text": "@JayyyyBrooks for real and yea I made it, but so far it was just me you Gmo and Kyle", "created_at": "Fri Aug 17 20:07:22 +0000 2012"}, {"text": "Keeping GMOs Hidden Costs Millions http://t.co/B6dF30KX", "created_at": "Fri Aug 17 21:31:25 +0000 2012"}, {"text": "This Week On Business Matters: Food Safety \u2013 GMO crops; Nanotechnology and CAFOs. http://t.co/VkttU4Ow @businessinsider @leaderscircle", "created_at": "Fri Aug 17 21:00:08 +0000 2012"}, {"text": "Natural brands betray consumers over GMO labeling: NaturalNews issues boycott of Kashi, Silk, Larabar and more http://t.co/2C7pt8pH via @", "created_at": "Fri Aug 17 14:54:05 +0000 2012"}, {"text": "Best joke I've heard. \"does gmo need money for a tv... Stop making babies and watch some movies or tv shows\"", "created_at": "Fri Aug 17 18:27:19 +0000 2012"}, {"text": "Forage Crop Turnip Purple Top Forage (Brassica rapa) 5 Pounds of GMO Free Seed... http://t.co/ZJA39h7N via @amazon", "created_at": "Fri Aug 17 18:38:07 +0000 2012"}, {"text": "\u201c@HuffingtonPost: Should genetically-modified food be labeled? http://t.co/deksm8zc\u201d -- Yes, as 'Made In America.'", "created_at": "Fri Aug 17 18:23:08 +0000 2012"}, {"text": "NaturalNews, Health Ranger officially endorse GMO labeling ballot measure; Vote YES on 37 'Right to Know' in California http://t.co/MYja4IRi", "created_at": "Fri Aug 17 18:50:45 +0000 2012"}, {"text": "Fake Eco-Friendly Corporations Shell out Millions of $ to Stop GMO Labeling http://t.co/KILx61hO", "created_at": "Fri Aug 17 19:25:32 +0000 2012"}, {"text": "18 Companies That Oppose GMO Food Labeling http://t.co/4lgpm2oO via @TakePart", "created_at": "Fri Aug 17 08:59:43 +0000 2012"}, {"text": "#SkinnyOrDie RT @HuffingtonPost: Battle heating up over GMO food labeling http://t.co/plkH7C5G", "created_at": "Sat Aug 18 01:01:30 +0000 2012"}, {"text": "I wish Monsanto could gmo my ears.", "created_at": "Sat Aug 18 04:07:50 +0000 2012"}, {"text": "Michelle Obama: Tell Barack to honor his campaign promise to label GMOs http://t.co/XC5TRMRm @signon", "created_at": "Tue Aug 28 16:25:36 +0000 2012"}, {"text": "Michelle Obama: Tell Barack to honor his campaign promise to label GMOs http://t.co/6JfEdVbk @signon", "created_at": "Wed Aug 29 00:14:29 +0000 2012"}, {"text": "Approval of New Chemical-Resistant GMOs Likely to Prompt Pesticide Escalation | PR Watch http://t.co/FBBYKlLH", "created_at": "Tue Aug 28 17:52:25 +0000 2012"}, {"text": "Michelle Obama: Tell Barack to honor his campaign promise to label GMOs http://t.co/E0wQoPHi @signon", "created_at": "Tue Aug 28 15:22:21 +0000 2012"}, {"text": "Michelle Obama: Tell Barack to honor his campaign promise to label GMOs http://t.co/MIZPFtXs @signon", "created_at": "Tue Aug 28 15:40:14 +0000 2012"}, {"text": "Michelle Obama: Tell Barack to honor his campaign promise to label GMOs http://t.co/nhmTt5HT @signon", "created_at": "Tue Aug 28 15:36:33 +0000 2012"}, {"text": "David's Garden Seeds Radish D'Avignon (Raphanus sativus) 265 GMO Free Seeds per Packet by David's ... http://t.co/TOXRr3YQ", "created_at": "Tue Aug 28 18:34:17 +0000 2012"}, {"text": "GMO Labeling Proposition 37 Gets Its First TV Ad: \n\t\t\n\t\t\n\t\t\n\t\t\n\t\tThe GMO labeling Yes on Proposition 37 Campaign... http://t.co/u7xaPG73", "created_at": "Tue Aug 28 19:07:19 +0000 2012"}, {"text": "RT@OrganicLiveFood #stopmonsanto #GMO Nearly 2,000 sheep died after grazing on GMO cotton crops &amp; from toxicity http://t.co/igaNtlaE", "created_at": "Wed Aug 29 04:52:58 +0000 2012"}, {"text": "@AlexNeuman en Panam\u00e1 afortunadamente todavia no. Pero dejar que entren a lo loco, puede hacer que la gran parte de verduras queden GMO", "created_at": "Mon Aug 13 16:06:52 +0000 2012"}, {"text": "GMO in Bosnia?? No way! http://t.co/FdeJ9331", "created_at": "Tue Aug 14 00:01:14 +0000 2012"}, {"text": "MONDAY MOVIE CAFE TONIGHT at TheVenue: \"Bitter Seeds\" @ 7pm w/post-film discussion on GMO in Hawaii. \nPreview/details: http://t.co/QR0h6v5k", "created_at": "Mon Aug 13 17:45:46 +0000 2012"}, {"text": "Why PepsiCo Is Fighting GMO Labeling in California http://t.co/wWS7eB5h", "created_at": "Mon Aug 13 15:49:42 +0000 2012"}, {"text": "@canislibertatis \u03b8\u03b1 \u03c3\u03c5\u03bc\u03c6\u03c9\u03bd\u03bf\u03cd\u03c3\u03b1 \u03bc\u03ad\u03c7\u03c1\u03b9 \u03c4\u03bf \u03ba\u03cc\u03ba\u03ba\u03b1\u03bb\u03bf \u03b1\u03bd \u03b4\u03b5\u03bd \u03b5\u03af\u03c7\u03b1 \u03c4\u03b9\u03c2 \u03b1\u03bc\u03c6\u03b9\u03b2\u03bf\u03bb\u03af\u03b5\u03c2 \u03bc\u03bf\u03c5 \u03b3\u03b9\u03b1 \u03c4\u03bf \u03ba\u03b1\u03c4\u03ac \u03c0\u03cc\u03c3\u03bf \u03c4\u03bf \u03c0\u03b1\u03c1\u03ac\u03b4\u03b5\u03b9\u03b3\u03bc\u03b1 \u03c4\u03c9\u03bd GMO \u03b8\u03b5\u03c9\u03c1\u03b5\u03af\u03c4\u03b1\u03b9 \u03c0\u03c1\u03bf\u03bf\u03b4\u03b5\u03c5\u03c4\u03b9\u03ba\u03cc", "created_at": "Mon Aug 13 18:18:27 +0000 2012"}, {"text": "Garbanzo Beans | 100% USA Grown | Identity Preserved (We Tell You Which Farm We Grew It In) | 5 Lbs | GMO Free: ... http://t.co/EF0c6HlH", "created_at": "Mon Aug 13 06:46:44 +0000 2012"}, {"text": "GRT INFO! http://t.co/RPvQAZO9 PLZ READ \"5 Things U Need 2 Know abt GMOs Now!\" Education is key!", "created_at": "Tue Aug 14 01:33:03 +0000 2012"}, {"text": "Learn why PepsiCo is funding the fight against GMO labeling in California. http://t.co/YSLFczEL", "created_at": "Tue Aug 14 01:50:41 +0000 2012"}, {"text": "A List of Food Companies that Hide GMOs http://t.co/RIxEed1P", "created_at": "Sun Aug 26 09:40:12 +0000 2012"}, {"text": "Another GMO herbicide-resistant weed running out of control: \"pigweed on steroids\"via @pdjmoo | @scoopit http://t.co/uq69qz88", "created_at": "Sun Aug 26 07:38:07 +0000 2012"}, {"text": "Thanks Oregon. Set the standard and lets keep GMOs out. http://t.co/eCwCra4R", "created_at": "Sun Aug 26 20:36:35 +0000 2012"}, {"text": "Top 10 lies told by Monsanto on GMO labeling in California http://t.co/cN95uMg8", "created_at": "Sun Aug 26 14:11:34 +0000 2012"}, {"text": "A question about GMOs for Naked Juice, Silk, Cascadian Farm, Kashi and Honest Tea: Which side are... http://t.co/NJ2uxHgf via @marcgunther", "created_at": "Sun Aug 26 19:14:32 +0000 2012"}, {"text": "Avoiding GMOs in Your Daily Life | vid: http://t.co/0o26i1GD #health #news", "created_at": "Sun Aug 26 13:36:05 +0000 2012"}, {"text": "@vegandailynews As well as it should. GMO labeling is an anti-GMO ploy and the public is being duped. http://t.co/2VEAhtxe", "created_at": "Mon Aug 27 01:50:51 +0000 2012"}, {"text": "Open Letter to the Organic Community: The California Ballot Initiative to Label GMOs | Common Dreams #writer  http://t.co/ZymZhQJG", "created_at": "Thu Aug 02 16:09:27 +0000 2012"}, {"text": "Seeds, Science, and Struggle: The Global Politics of Transgenic Crops (Food, Health, and the Environment):  http://t.co/host8YQy", "created_at": "Thu Aug 02 10:42:59 +0000 2012"}, {"text": "From last night: Greenpeace has been fined $280,000 for destroying genetically-modified plants on a CSIRO test farm. http://t.co/ThUy1O2z", "created_at": "Fri Aug 03 02:54:15 +0000 2012"}, {"text": "Gmo literally calls me every night and it's the most pointless phone call", "created_at": "Fri Aug 03 02:19:27 +0000 2012"}, {"text": "O tym, jak to jest naprawd\u0119 z tym g\u0142odem w Nigrze. Dlatego GMO nie rozwi\u0105\u017ce tego problemu, a m\u00f3wienie, \u017ce jest... http://t.co/DZwCqe64", "created_at": "Thu Aug 02 13:04:26 +0000 2012"}, {"text": "OMG ! Why she RT that tweet ! GMO", "created_at": "Mon Aug 27 12:19:59 +0000 2012"}, {"text": "GMO Cloud America Inc. Rolls Out Multi-Location Service  http://t.co/G6t8yIlQ", "created_at": "Mon Aug 27 10:40:57 +0000 2012"}, {"text": "Brazil court rules Nestle must label GMO ingredients http://t.co/csOlKJY8", "created_at": "Mon Aug 27 14:25:26 +0000 2012"}, {"text": "Monsanto\u2019s 10 most misleading talking points on GMO labeling http://t.co/WcmkAjTe via @grist", "created_at": "Mon Aug 27 14:44:47 +0000 2012"}, {"text": "Monsanto\u2019s 10 most misleading talking points on GMO labeling http://t.co/QVkyUGYj\n@grist", "created_at": "Mon Aug 27 15:18:34 +0000 2012"}, {"text": "Monsanto\u2019s Top 7 Lies About GMO Labeling and Proposition 37 http://t.co/6nfIm5Gs", "created_at": "Mon Aug 27 15:03:24 +0000 2012"}, {"text": "GMOs are contaminating non-GMO food supplies! #GMO producers should have to prevent contamination! #Monsanto #Dupont http://t.co/YFJoeAwm", "created_at": "Mon Aug 27 19:27:41 +0000 2012"}, {"text": "VIDEO The World According to Monsanto - GMO Documentary ~ http://t.co/ZlCL1OZx ~ #CombatMonsanto", "created_at": "Tue Aug 28 02:44:04 +0000 2012"}, {"text": "@venice311 That was me. I mixed the ORGANIC with the GMO due to a bad sign. #itwasntmyfault", "created_at": "Tue Aug 28 03:45:39 +0000 2012"}, {"text": "Monsanto\u2019s 10 most misleading talking points on GMO labeling http://t.co/KKOXdrL7 #GMO", "created_at": "Tue Aug 28 03:14:01 +0000 2012"}, {"text": "A Proposal to Require Labels for GMOs Stirs Debate: \"It's organic and more people are making healthy decisions,\"... http://t.co/J8Soq1RD", "created_at": "Mon Aug 27 11:13:04 +0000 2012"}, {"text": "gmO", "created_at": "Tue Aug 28 01:00:24 +0000 2012"}, {"text": "Corporations Spending Millions to Defeat GMO Labeling Proposition - Fog City Journal http://t.co/2qDZ1cuI #osf #occupysf", "created_at": "Mon Aug 20 09:26:43 +0000 2012"}, {"text": "Activists in Argentina expect landmark ruling against agrochemicals used on GMOs http://t.co/pnI4t3kQ", "created_at": "Mon Aug 20 12:58:48 +0000 2012"}, {"text": "PepsiCo Opposes GMO Labeling in California http://t.co/uvE1edQv #PepsiCo #GMO #JustLabelIt #Corrupt", "created_at": "Mon Aug 20 17:15:11 +0000 2012"}, {"text": "Most livestock is fattened on imported feedstuffs. Most feedstuffs are GMO infected. People are consuming GMO's though meat!", "created_at": "Mon Aug 20 17:24:04 +0000 2012"}, {"text": "Vote YES on Prop 37! Big $ pouring in 2 fight GMO Labeling in Cali-Companies don't want u2 know what's in ur food http://t.co/yRltgneR", "created_at": "Mon Aug 20 20:16:13 +0000 2012"}, {"text": "GMO", "created_at": "Mon Aug 20 14:13:32 +0000 2012"}, {"text": "Food &amp; Drug Admin fails to mandate labeling of Genetically Modified Organism http://t.co/EIYA3Ko3 &lt;-Do you want GMO labeling? #Survcast", "created_at": "Mon Aug 20 14:18:56 +0000 2012"}, {"text": "Sign Petition: Will Those Sneaky GMO Amendments Pass Because of an Underhanded Maneuver? http://t.co/uesSGXeP via @sharethis", "created_at": "Mon Aug 20 15:42:09 +0000 2012"}, {"text": "I mean come on...Larabar?? U have like 3 ingredients. Why fight against proper GMO labeling? MorningStar? Lightlife? SILK? Come ON! #prop37", "created_at": "Mon Aug 20 15:02:05 +0000 2012"}, {"text": "Top 10 GMO Foods to Avoid | NationofChange http://t.co/VI2r0HAI via @nationofchange", "created_at": "Mon Aug 20 23:48:31 +0000 2012"}, {"text": "Corporations Stab Organic Consumers in the Back \u2014 Familiar Brands Funding Attack and Consumers Right to GMO Labeling http://t.co/9C7bSo06", "created_at": "Mon Aug 20 08:57:20 +0000 2012"}, {"text": "Teaching a microbe to make fuel http://t.co/lRIK5ixH GMO bugs turn waste to fuel, tailings to energy? #oilsands", "created_at": "Tue Aug 21 02:53:33 +0000 2012"}, {"text": "a GMO apple a day. What would THAT do? http://t.co/GONKiosB", "created_at": "Mon Aug 20 13:37:54 +0000 2012"}, {"text": "Monsanto's Quiet Coup: Will Congress Limit Scope and Time for GMO Reviews? http://t.co/fSTqY8tx", "created_at": "Tue Aug 21 01:44:36 +0000 2012"}, {"text": "Get Naked GMO FREE ORGANIC Beverage And The World Spins Differently! http://t.co/DATHtxpE", "created_at": "Tue Aug 21 22:06:23 +0000 2012"}, {"text": "GMO Foods Linked To Weight Gain - http://t.co/OF1g97be http://t.co/0UgSPJ0F", "created_at": "Wed Aug 22 00:33:33 +0000 2012"}, {"text": "GMO Foods: To Label Or Not To Label?: They always have the option to buy Organic, which decided not to use GMO l... http://t.co/Xg8DV8Lj", "created_at": "Wed Aug 22 00:24:33 +0000 2012"}, {"text": "Cauliflower Cheddar 15 Hybrid GMO Free Seeds by David's Garden Seeds by David'... http://t.co/hskT2L4e via @amazon", "created_at": "Tue Aug 21 17:30:06 +0000 2012"}, {"text": "Support the good guys!! These companies do NOT use GMO's and support GMO labeling. thank you for the health of it! http://t.co/LbetfPpb", "created_at": "Tue Aug 21 20:43:11 +0000 2012"}, {"text": "Walmart to start selling unlabeled insecticide-laced GMO corn from Monsanto:  America\u2019s largest bio-agriculture ... http://t.co/C0hXylYf", "created_at": "Tue Aug 21 20:23:07 +0000 2012"}, {"text": "Surprised to see some brands you thought were the good guys on this no on labeling GMOs list? What's missing Dow,... http://t.co/sbSmxI3K", "created_at": "Tue Aug 21 21:23:19 +0000 2012"}, {"text": "why? \u201c@greenforyou: Say NO to Toxic GMO Sweet Corn at Walmart! #green http://t.co/vRny4baP\u201d", "created_at": "Tue Aug 21 14:34:56 +0000 2012"}, {"text": "#AyahMengapa temenku yg satu ini GMO trus.. :\"( *colek @AqilaMaretasya (\u203e\u2323\u203e)\u2649", "created_at": "Tue Aug 21 14:41:42 +0000 2012"}, {"text": "These companies don\u2019t want GMOs labeled in California ! http://t.co/haUnutsY", "created_at": "Tue Aug 21 11:28:51 +0000 2012"}, {"text": "RT @DitchTheWheat: GMO foods and why they are bad for you.  http://t.co/ONJ6sUBE", "created_at": "Tue Aug 21 11:32:09 +0000 2012"}, {"text": "Please contact Secretary of Agriculture Vilsack and EPA Administrator Jackson and tell them we do not want 2,4,-D  GMO corn to be approved.", "created_at": "Wed Aug 22 01:07:59 +0000 2012"}, {"text": "@Walmart @WalmartGreen @WalmartHub @WalmartHealthy @WalmartAction @WalmartNewsroom Please LABEL your GMO food. Why would u hide that anyway?", "created_at": "Sun Aug 05 22:52:19 +0000 2012"}, {"text": "@KelloggCompany I say \"NO\" to GMOs and I have the right to labels on what food I buy!!!!!", "created_at": "Sun Aug 05 22:59:46 +0000 2012"}, {"text": "Check out: GMO crops so tough that farmers are turning to Kevlar tractor tires http://t.co/r0VaznSC via @therealautoblog", "created_at": "Mon Aug 06 00:35:00 +0000 2012"}, {"text": "@muchengeti_ if u look at it,ey all starvin countrys so its either  in the hunger or UN z putin sum shit in that maize. GMO", "created_at": "Sun Aug 05 12:20:35 +0000 2012"}, {"text": "If There Is No Labelling, Who Is to Protect us From GMO Products?: The multi-national corporations are lulling u... http://t.co/jEyIrvBA", "created_at": "Sun Aug 05 20:14:22 +0000 2012"}, {"text": "Are GMOs making you fat? http://t.co/bkbvBwKp", "created_at": "Sun Aug 05 18:25:55 +0000 2012"}, {"text": "Kevlar Tires Now Required to Traverse \u2018Spear-Like\u2019 GMO Crops http://t.co/f7uRc1nQ", "created_at": "Sun Aug 05 11:25:35 +0000 2012"}, {"text": "Carrot Hercules (Daucus carota var. sativus) 500 GMO Free Seeds per Package b.... http://t.co/zaCMJztK via @amazon", "created_at": "Thu Aug 30 22:26:27 +0000 2012"}, {"text": "The (secret) GMO experiment on world citizens : :: Natural Health 365 :: http://t.co/jREekOYn", "created_at": "Thu Aug 30 14:51:40 +0000 2012"}, {"text": "Michelle Obama: Tell Barack to honor his campaign promise to label GMOs http://t.co/MbIcyzRw @signon", "created_at": "Thu Aug 30 14:19:32 +0000 2012"}, {"text": "Doctors and farmers find that eliminating GMOs prevents disease http://t.co/kvgNbrrM", "created_at": "Thu Aug 30 15:31:02 +0000 2012"}, {"text": "Michelle Obama: Tell Barack to honor his campaign promise to label GMOs http://t.co/b7CXfq8J @signon", "created_at": "Thu Aug 30 18:18:54 +0000 2012"}, {"text": "6 New GMO Crops that May Soon Hit Your Dinner Table - http://t.co/dvrKv33B http://t.co/maVQTm0C via @sharethis", "created_at": "Thu Aug 30 18:48:25 +0000 2012"}, {"text": "Proposition 37: The United States' First GMO Labeling Law http://t.co/esuy7ztt via @mercola", "created_at": "Thu Aug 30 06:28:22 +0000 2012"}, {"text": "Via @blacklistednews 6 New GMO Crops that May Soon Hit Your Dinner Table http://t.co/WxepENtO #twisters #tcot", "created_at": "Thu Aug 30 11:15:55 +0000 2012"}, {"text": "Doctors and farmers find that eliminating GMOs prevents disease http://t.co/Xo9zXzzz  - #Prop37", "created_at": "Thu Aug 30 11:07:14 +0000 2012"}, {"text": "6 New GMO Crops that May Soon Hit Your Dinner Table - http://t.co/NCe5SoIO", "created_at": "Thu Aug 30 11:36:43 +0000 2012"}, {"text": "Stop Bayer's New GMO Herbicide-Addicted Soy! http://t.co/nrjXyyVd", "created_at": "Fri Aug 31 04:43:47 +0000 2012"}, {"text": "Just say NO! to GMO #SEO http://t.co/1TuyTX7D via @AvvoAnswers #lawyernomics", "created_at": "Wed Aug 08 00:10:31 +0000 2012"}, {"text": "Jeremy Grantham's Top 5 Dividend Stocks: Jeremy Grantham, founder of GMO (Image credit: Getty Images Europe via ... http://t.co/apftG6Ix", "created_at": "Tue Aug 07 14:58:32 +0000 2012"}, {"text": "Now @civileats Fighting GMO Labeling in California is Food Lobby\u2019s \u201cHighest Priority\u201d http://t.co/nXPhoO4o #foodpolitics", "created_at": "Tue Aug 07 14:02:12 +0000 2012"}, {"text": "Gluten Free, Non GMO Chocolate Cherry Hazelnut Bar. Need I say more!\n@bakeryonmain http://t.co/4Zk5krEN", "created_at": "Tue Aug 07 18:50:51 +0000 2012"}, {"text": "EPA Reverses Itself on Fluoride | Fox News http://t.co/CKAQAzW3 WOW...There are you know Firsts hope this will cont and they will lable GMOs", "created_at": "Tue Aug 07 19:25:15 +0000 2012"}, {"text": "Food industry raises millions to oppose Prop 37 on GMO labeling http://t.co/iev4t3zv via @FoodNavigatorUS", "created_at": "Wed Aug 08 02:23:25 +0000 2012"}, {"text": "@r343l @VeganGMO Here is a more comprehensive take: \"The Failure of Science\u201d: New paper Makes Damning Case Against GMOs http://t.co/wO7ejhFS", "created_at": "Wed Aug 08 04:59:35 +0000 2012"}, {"text": "km jg wanita GMO na? :o RT @Rrisdiani: Haha eta pisannn -__-RT Indriaaaaw: gagal mup on -_____- hikzRT (cont) http://t.co/PPhPDUMf", "created_at": "Sun Aug 19 10:45:01 +0000 2012"}, {"text": "RT @divatomboy: Monsanto gives $4.2 million to kill California GMO labeling.  http://t.co/uVHddFOO", "created_at": "Sun Aug 19 17:38:49 +0000 2012"}, {"text": "I'm so tired of uninformed people acting as if all GMOs are evil. Can't sum up my thoughts in one tweet, so have a link http://t.co/x5YK0vjN", "created_at": "Sun Aug 19 21:27:33 +0000 2012"}, {"text": "Michael Potter, CEO @Edenfoods discusses GMO Labeling: Whats Really Behind The Label? @TheOrganicView http://t.co/ExhYzzXA", "created_at": "Sun Aug 19 21:39:50 +0000 2012"}, {"text": "http://t.co/YCZgM2ri Take a Stand for GMO Labeling", "created_at": "Sun Aug 19 21:19:24 +0000 2012"}, {"text": "@gmofreeSoCal This is a satirical Kashi info-video about their hidden GMO use for you to enjoy &amp; share: http://t.co/u9P8FuZ1 #LabelGMOs", "created_at": "Sun Aug 19 15:59:23 +0000 2012"}, {"text": "Favorite Corporations Shell out Millions of $ to Stop GMO Labeling http://t.co/1FEi99uE via @sharethis", "created_at": "Sun Aug 19 23:52:49 +0000 2012"}, {"text": "@MStormbringer just \"/ how I try to tell my mother about the world MSG fluoride gmos what medicine to use what not to use \"/", "created_at": "Sun Aug 19 19:34:57 +0000 2012"}, {"text": "Monsanto Gives $4.2 Million to Kill California GMO Labeling http://t.co/jOT6qJZw", "created_at": "Sun Aug 19 19:25:39 +0000 2012"}, {"text": "Organic big business campaigns against GMO labelling http://t.co/o9mwuKdU Money talks...", "created_at": "Sun Aug 19 19:05:04 +0000 2012"}, {"text": "Ag giants spend big to defeat GMO labeling\nhttp://t.co/lRunoSPk", "created_at": "Mon Aug 20 03:33:39 +0000 2012"}, {"text": "When a product is labeled \"USDA Certified Organic\" there are no GMOs in the seed or soil amendments. http://t.co/NbYHtG1M", "created_at": "Sun Aug 19 11:48:25 +0000 2012"}, {"text": "Strippers (GMO feat. Sosa) by GMO HOOVER via #soundcloud http://t.co/GY7nrppG", "created_at": "Mon Aug 20 01:19:37 +0000 2012"}, {"text": "Watching a well-made doc on Weather Modification, HAARP and GMO crops. Link forthcoming...but I'm quietly getting pissed.", "created_at": "Mon Aug 20 04:02:07 +0000 2012"}, {"text": "RT @CARightToKnow Prop 37 calls for labeling GMO food &amp; giving consumers info to make informed choices about what they buy &amp; eat. #YesOn37", "created_at": "Wed Aug 22 16:49:05 +0000 2012"}, {"text": "Monsanto shells out $4.2 million to sabotage California GMO labeling initiative http://t.co/KAPvW0lx via @HealthRanger", "created_at": "Wed Aug 22 10:49:56 +0000 2012"}, {"text": "Monsanto shells out $4.2 million to sabotage California GMO labeling initiative http://t.co/KmYsY9PU via @HealthRanger", "created_at": "Wed Aug 22 17:47:03 +0000 2012"}, {"text": "Sign the Petition: Fake Eco-Friendly Corporations Shell out Millions of $ to Stop GMO Labeling http://t.co/kLrWHjnT", "created_at": "Wed Aug 22 21:34:22 +0000 2012"}, {"text": "Brazilian Court Demands Nestle Label GMO Ingredients http://t.co/W2OjVPoj via @sharethis", "created_at": "Wed Aug 22 21:02:22 +0000 2012"}, {"text": "Walmart To Sell Unlabeled GMO Corn From Monsanto http://t.co/TcwwJ1VZ", "created_at": "Wed Aug 22 21:26:06 +0000 2012"}, {"text": "lainaus kommenteista: Individual solution - eat only organic. Social/political solution - label GMO ingredients. http://t.co/SU7PwHKo", "created_at": "Wed Aug 22 14:08:12 +0000 2012"}, {"text": "Carrot Atomic Red (Daucus carota var. sativus) 500 GMO Free Seeds per Packet b... http://t.co/FfAdknPx via @amazon", "created_at": "Wed Aug 22 14:41:20 +0000 2012"}, {"text": "14\u0e04\u0e25\u0e34\u0e1b\u0e41\u0e1a\u0e1a\u0e04\u0e31\u0e14\u0e41\u0e25\u0e49\u0e27 \u0e42\u0e2e\u0e01\u0e01\u0e01\u0e01\u0e01\u0e01\u0e01\u0e01\u0e01\u0e01\u0e01 OMG GMO =[ ]=", "created_at": "Wed Aug 22 15:23:41 +0000 2012"}, {"text": "RT @bittman: Top 10 Lies Told by Monsanto on GMO Labeling in California  http://t.co/Gih6tNEu", "created_at": "Wed Aug 22 18:40:51 +0000 2012"}, {"text": "Donate to NationofChange https://t.co/OVkQy5if  Support an end to GMO in our food.  Read about Brazil &amp; illegal Monsanto influences", "created_at": "Wed Aug 22 18:44:01 +0000 2012"}, {"text": "Brazilian Court Demands Nestle Label GMO Ingredients http://t.co/cNUlh4nn", "created_at": "Wed Aug 22 23:31:19 +0000 2012"}, {"text": "GMO", "created_at": "Wed Aug 22 08:09:19 +0000 2012"}, {"text": "Do you support GMO labeling? Do you know some of the organic brands you trust are fighting against your right to... http://t.co/a8gwnso1", "created_at": "Thu Aug 23 02:49:45 +0000 2012"}, {"text": "@pepsi Why PepsiCo Is Fighting GMO Labeling http://t.co/Zo0aAkbp", "created_at": "Thu Aug 23 04:18:08 +0000 2012"}]