[{"text": "@ZenTriathlon FYI : CocaCola owns 'Odwala' &amp; GeneralMills owns 'Larabar'; both spending millions to support GMO foods &amp; oppose Proposition37", "created_at": "Mon Sep 17 00:58:20 +0000 2012"}, {"text": "US Apple: GMO Arctic raises serious marketing issues - The Packer (blog) http://t.co/ILmF7w5w", "created_at": "Sun Sep 16 10:36:02 +0000 2012"}, {"text": "Michelle Obama: Tell Barack to honor his campaign promise to label GMOs http://t.co/VLkM6YAk @signon", "created_at": "Sun Sep 16 17:43:51 +0000 2012"}, {"text": "#NEWS - Monsanto supported GMO labeling in Europe, but not in US http://t.co/y2rLdgnU", "created_at": "Sun Sep 16 21:43:05 +0000 2012"}, {"text": "Mark Bittman\u2019s Very Strange Argument About GMO Food Labelling: I thought that this argument being presented by M... http://t.co/IU4g3bvp", "created_at": "Sun Sep 16 14:02:02 +0000 2012"}, {"text": "#Michelle Obama: Tell #Barack to honor his campaign promise to #label GMOs http://t.co/cjMIRMGZ @signon", "created_at": "Sun Sep 16 14:03:29 +0000 2012"}, {"text": "Michelle Obama: Tell Barack to honor his campaign promise to label GMOs http://t.co/O7XlMtWA @signon", "created_at": "Sun Sep 16 18:55:17 +0000 2012"}, {"text": "Walmart to start selling unlabeled insecticide-laced GMO corn from Monsanto \u2014 RT - http://t.co/oQDUGaGj", "created_at": "Sun Sep 16 18:24:48 +0000 2012"}, {"text": "Monsanto supported GMO labeling in Europe, but not in US http://t.co/UYHzxuDq", "created_at": "Sun Sep 16 23:01:33 +0000 2012"}, {"text": "Honeybees work themselves to death pollinating food for humans &amp; they repay them with poisonous pesticides &amp; GMO crops..\nBeyond pathetic.", "created_at": "Sun Sep 16 23:17:32 +0000 2012"}, {"text": "(H) Food Crisis: Companies That Care and Support GMO Food Labeling... http://t.co/NQzXNFAU", "created_at": "Mon Sep 17 02:51:28 +0000 2012"}, {"text": "Article updated.\n\nThis is a good GMO information article.\n\nhttp://t.co/GIDexXER", "created_at": "Sun Sep 16 11:12:35 +0000 2012"}, {"text": "Mark Bittman's Very Strange Argument About GMO Food Labelling http://t.co/LdFnEzMB", "created_at": "Sun Sep 16 13:52:33 +0000 2012"}, {"text": "\u2624 : What IS a GMO? Vote YES on Prop 37 - Label GMO Foods - By Nutiva &amp; ElevateWhat IS a GMO? Vote YES on Pro... http://t.co/w7rWDObU \u2622", "created_at": "Sun Sep 16 13:46:21 +0000 2012"}, {"text": "This movie can be viewed for FREE until 9/22; learn about the dangers of GMO foods. http://t.co/Juy8d6CF", "created_at": "Mon Sep 17 01:17:10 +0000 2012"}, {"text": "@ABC That's just silly,Moms should spend time learning about GMO n kid foods  help make it happen. #stopmonsantoFilm http://t.co/tD4WsTVj", "created_at": "Tue Sep 11 00:58:24 +0000 2012"}, {"text": "China investigates whether children used in GMO \"golden rice\" trial http://t.co/RLLMHunm", "created_at": "Tue Sep 11 05:31:02 +0000 2012"}, {"text": "Today's #kqedquest radio story: California's Prop. 37: Are GMO Labels a Scarlet Letter? More from @amystanden http://t.co/Pg7dCHdf", "created_at": "Mon Sep 10 15:30:25 +0000 2012"}, {"text": "@DisneyParks @DisneyWeddings IF  made with soy,veg shortening ,canola oil,beccel or high fructose corn syrup?all GMO http://t.co/tD4WsTVj", "created_at": "Mon Sep 10 15:47:29 +0000 2012"}, {"text": "Tell Vilsack to Stop Rubberstamping GMO crops! http://t.co/t2jJt0Ih @food_democracy Please RT No #AgentOrange #GMOs", "created_at": "Tue Sep 11 03:51:27 +0000 2012"}, {"text": "Tell Vilsack to Stop Rubberstamping GMO crops! http://t.co/AnuD2kFH @food_democracy Please RT No #AgentOrange #GMOs", "created_at": "Tue Sep 11 03:37:04 +0000 2012"}, {"text": "Tell Vilsack to Stop Rubberstamping GMO crops! http://t.co/oBKmGn0R @food_democracy Please RT No #AgentOrange #GMOs", "created_at": "Tue Sep 11 01:15:04 +0000 2012"}, {"text": "Michelle Obama: Tell Barack to honor his campaign promise to label GMOs http://t.co/CV4K7Jru @signon", "created_at": "Sat Sep 29 16:53:06 +0000 2012"}, {"text": "Bait and Switch; @WholeFoods busted for selling unlabled GMO foods as \"natural\".  http://t.co/VIRILcWV #p2 #tcot #tlot #tprog", "created_at": "Sat Sep 29 16:04:52 +0000 2012"}, {"text": "Michelle Obama: Tell Barack to honor his campaign promise to label GMOs http://t.co/hUL1CPGE @signon", "created_at": "Sat Sep 29 16:54:21 +0000 2012"}, {"text": "Tell grocery store CEOs to reject GMO apples before they hit the shelves http://t.co/MJpsFyvZ @CREDOMobile #p2", "created_at": "Sat Sep 29 16:21:18 +0000 2012"}, {"text": "What The Gov\u2019t Doesn\u2019t Want You to Know About GMO http://t.co/xHQ5mY9X #Truth #Freedom", "created_at": "Sat Sep 29 16:05:29 +0000 2012"}, {"text": "Is The End of Monsanto Near? Prop 37 Succeeding as Nations Ban GMO Crops http://t.co/cCPIcZu6", "created_at": "Sat Sep 29 07:10:56 +0000 2012"}, {"text": "Tell grocery store CEOs to reject GMO apples before they hit the shelves http://t.co/Bbd7izei @CREDOMobile #p2", "created_at": "Sat Sep 29 07:12:56 +0000 2012"}, {"text": "Rat reality show: Russian scientists to broadcast GMO experiment http://t.co/7MIgyCbi #WeThePeople", "created_at": "Sat Sep 29 17:36:15 +0000 2012"}, {"text": "Michelle Obama: Tell Barack to honor his campaign promise to label GMOs http://t.co/fOt4S2OZ @signon", "created_at": "Sat Sep 29 21:35:22 +0000 2012"}, {"text": ": Why is the stubborn opposition to GMO labeling so... stubborn?Why is the stubborn opposition to GMO labeling s... http://t.co/hJO0kxip", "created_at": "Sat Sep 29 21:02:45 +0000 2012"}, {"text": "@Road2ParadiseAZ is that the homie GMO", "created_at": "Sat Sep 29 14:43:59 +0000 2012"}, {"text": "Tell grocery store CEOs to reject GMO apples before they hit the shelves http://t.co/KVGqEfEr @CREDOMobile #p2", "created_at": "Sat Sep 29 18:03:24 +0000 2012"}, {"text": "Up next: Activist of the Week: Zofia Hausman, director of the documentary @agtivists, a movie about people fighting dangers of GMOs in food", "created_at": "Sat Sep 29 18:19:45 +0000 2012"}, {"text": "Science finally challenges propaganda - EU long-term study: big tumors in GMO fed rats http://t.co/xEcTedhn #bigbane #ows #monsanto #nogmos", "created_at": "Sat Sep 29 23:56:19 +0000 2012"}, {"text": "Michelle Obama has an organic garden, maybe she;ll tell her husband we want one too? No GMOs http://t.co/Cn7CZ4Sw", "created_at": "Sat Sep 29 19:27:36 +0000 2012"}, {"text": "Michelle Obama: Tell Barack to honor his campaign promise to label GMOs http://t.co/zxLVtMbF @signon", "created_at": "Sat Sep 29 19:43:43 +0000 2012"}, {"text": "Tell grocery store CEOs to reject GMO apples before they hit the shelves http://t.co/5bDNqM8N @CREDOMobile #p2", "created_at": "Sun Sep 30 02:59:48 +0000 2012"}, {"text": "Michelle Obama: Tell Barack to honor his campaign promise to label GMOs http://t.co/dBiSs3fE @signon", "created_at": "Sat Sep 29 13:27:01 +0000 2012"}, {"text": "Tell grocery store CEOs to reject GMO apples before they hit the shelves http://t.co/wz6J1Wxv @CREDOMobile #p2", "created_at": "Sat Sep 29 13:17:40 +0000 2012"}, {"text": "Michelle Obama: Tell Barack to honor his campaign promise to label GMOs http://t.co/VBL14n7r @signon", "created_at": "Sun Sep 30 01:14:47 +0000 2012"}, {"text": "@MyVeganProblems I'm pretty sure that Silk was one of the companies who paid money to oppose gmo labeling in CA..", "created_at": "Sun Sep 30 04:23:43 +0000 2012"}, {"text": "France to maintain ban on GMO crops (http://t.co/qN2lrDKR) #climatejustice", "created_at": "Tue Sep 18 17:55:03 +0000 2012"}, {"text": "GMO corn extremely toxic according to new french study on impact on rats describing it as a powerful rat poison! http://t.co/E9IkVUDY", "created_at": "Wed Sep 19 05:41:01 +0000 2012"}, {"text": "Organic Brands Caught In Fight Over California's Prop 37 GMO Debate http://t.co/fWzhKgu9 via @brandchannelhub", "created_at": "Tue Sep 18 06:48:14 +0000 2012"}, {"text": "This is what #GMO labeling looks like. The UK &amp; Europeans don't have to eat GMOs unless they want to. http://t.co/aygXEaUJ", "created_at": "Mon Sep 03 22:04:28 +0000 2012"}, {"text": "GMO CLOUD K.K. http://t.co/qxPqeFbH.", "created_at": "Tue Sep 04 00:00:12 +0000 2012"}, {"text": "In a Surprising Contradiction, Nestl\u00e9 Official Says GMOs Aren\u2019t Necessary http://t.co/7YACWYjZ", "created_at": "Mon Sep 03 07:27:31 +0000 2012"}, {"text": "GMO - JJ DOOM &gt;&gt;&gt;&gt;&gt;&gt;&gt;&gt;&gt;&gt;&gt;&gt;&gt;", "created_at": "Mon Sep 03 17:27:48 +0000 2012"}, {"text": "@NonGMOProject  \u2605 THIS IS WHAT\"THEY\" LIKE TO FEED US \u26056 New GMO Crops that May Soon Hit Your Dinner Table http://t.co/tNITRMcH", "created_at": "Mon Sep 03 19:07:24 +0000 2012"}, {"text": "Monsanto Launches Massive Campaign to Stop GMO Labeling - http://t.co/tf6BAw3x", "created_at": "Mon Sep 03 19:46:34 +0000 2012"}, {"text": "Michelle Obama: Tell Barack to honor his campaign promise to label GMOs http://t.co/wiH9saho @signon. Polls:90% want GMOs labeled.", "created_at": "Mon Sep 03 08:12:00 +0000 2012"}, {"text": "kada posle deset dana u frizideru pronadjes paradajz u istom stanju u kojem si ga ostavio! GMO much?", "created_at": "Mon Sep 03 06:10:23 +0000 2012"}, {"text": "Yes on Prop 37 - California GMO Labeling AD http://t.co/igtAW6O6", "created_at": "Tue Sep 04 04:00:33 +0000 2012"}, {"text": "Nestl\u00e9 Exec Says: GMOs Are Unnecessary, But Our Customers Demand Them | Care2 Causes - http://t.co/pGmBzFhx #stopmonsanto", "created_at": "Fri Sep 07 00:34:27 +0000 2012"}, {"text": "Important: Flawed organic foods study really just a media psyop to confuse the public about organics while pushing GMOs http://t.co/Fa1LzfO4", "created_at": "Thu Sep 06 17:12:04 +0000 2012"}, {"text": "$300-$400 increase in annual grocery bill?  What about the cost increase of my health care GMOs create?  Think, people. #NoProp37 #Prop37", "created_at": "Thu Sep 06 20:49:20 +0000 2012"}, {"text": "Stanford study on organic foods and nutrition forgets the GMO corollary of pesticide and genetically mutated seed species with no labels", "created_at": "Thu Sep 06 20:44:23 +0000 2012"}, {"text": "Flawed organic foods study is just a media psyop to confuse YOU about organics while pushing GMOs http://t.co/S540NHbf via @HealthRanger", "created_at": "Thu Sep 06 15:18:43 +0000 2012"}, {"text": "Michele Simon: Top 10 Lies Told by Monsanto on GMO Labeling in California http://t.co/60Nlzhe7", "created_at": "Thu Sep 06 18:40:07 +0000 2012"}, {"text": "Yes on Prop 37 - California Right To Know of GMOs - YouTube http://t.co/kVW7NxPU", "created_at": "Thu Sep 06 23:12:08 +0000 2012"}, {"text": "The Bible never said that its horsemen weren't genetically-modified mutants working for a self-important villain with a massive mouth.", "created_at": "Thu Sep 06 06:08:38 +0000 2012"}, {"text": "@Ldaprodigalson I stay away from gmos I don't care if they're mythical or not... its just not natural", "created_at": "Thu Sep 06 06:04:39 +0000 2012"}, {"text": "Monsanto Gives $4.2 Million to Kill California GMO Labeling Initiative http://t.co/x3fqA60K", "created_at": "Thu Sep 06 11:44:43 +0000 2012"}, {"text": "Michelle Obama: Tell Barack to honor his campaign promise to label GMOs http://t.co/CvqPZDUo @signon i did!", "created_at": "Sat Sep 01 16:05:25 +0000 2012"}, {"text": "@josephokia In Mulago there is a whole Biotechnology laboratory running PCRs, you need to visit them and have a chat about GMOs", "created_at": "Sat Sep 01 09:01:40 +0000 2012"}, {"text": "Think Your Vitamin Is Non GMO Think Again: Corn Startch, Soy, And Sugar Beets Loaded With GMO 99.99% http://t.co/yjTQ2Wd3", "created_at": "Sat Sep 01 07:02:49 +0000 2012"}, {"text": "6 New GMO Crops that May Soon Hit Your Dinner Table http://t.co/r8LxMOK2 via @naturalsociety", "created_at": "Sat Sep 01 17:14:34 +0000 2012"}, {"text": "Unite America Mr President .@BarackObama Let's Move on GMO labeling! http://t.co/DvcEl5h5 @food_democracy Please RT", "created_at": "Sat Sep 01 17:52:36 +0000 2012"}, {"text": "Boarded into 7255 and 40015 for my train, 2861 with off link GMO 28001 &amp; MAS-ASN with 22026.  :-)", "created_at": "Sat Sep 01 17:05:26 +0000 2012"}, {"text": "@Meghan_leann I think you should. Enjoy some non-campus dining and relax! Let Gmo cook for you!", "created_at": "Sat Sep 01 20:14:58 +0000 2012"}, {"text": "GMO .", "created_at": "Sat Sep 01 18:40:30 +0000 2012"}, {"text": "@Etsy and it appears to be GMO free ;-)", "created_at": "Sat Sep 01 23:01:51 +0000 2012"}, {"text": "It\u2019s a Monsanto Government: Congress Sides With Monsanto Over GMO Battle http://t.co/qYc8vbSu", "created_at": "Sun Sep 02 02:55:52 +0000 2012"}, {"text": "Michelle Obama: Tell Barack to honor his campaign promise to label GMOs http://t.co/IGNd99K9 @signon", "created_at": "Sat Sep 01 11:30:27 +0000 2012"}, {"text": "@McDonalds Your food is GMO garbage.", "created_at": "Sat Sep 01 13:11:29 +0000 2012"}, {"text": "Growing Change by Simon Cunich http://t.co/uOYZI0MW via @mercola somthing to think about considering Monsanto is corning the market with gmo", "created_at": "Sat Sep 01 13:57:07 +0000 2012"}, {"text": "Under Controlled: Why the New GMO Panic Is More Sensational Than Sense | The Crux http://t.co/WZrg9BLI", "created_at": "Mon Sep 24 22:47:29 +0000 2012"}, {"text": "Thanks @kimseverson for posting story. GMOs or not, canned bean dip is just wrong. http://t.co/7JmIPKti", "created_at": "Mon Sep 24 16:13:57 +0000 2012"}, {"text": "From my inbox - The GMO debate is over; GM crops must be immediately outlawed; Monsanto halted from threatening huma... http://t.co/DQqAm0fL", "created_at": "Mon Sep 24 09:46:57 +0000 2012"}, {"text": "Michelle Obama: Tell Barack to honor his campaign promise to label GMOs http://t.co/MSBmxiYq @signon", "created_at": "Mon Sep 24 12:43:51 +0000 2012"}, {"text": "Back from a great show at #ExpoEast; thanks for your support for Prop. 37 to label GMO foods. Now for all the follow up!...", "created_at": "Mon Sep 24 17:10:18 +0000 2012"}, {"text": "Renewed Boycott Announced Against GMO Pushing Mega-Corporations http://t.co/Dd0AY0B0", "created_at": "Mon Sep 24 17:06:42 +0000 2012"}, {"text": "+@ConsiderThis1 I'm not saying you shouldn't be concerned about GMOs but they are just one issue of many.", "created_at": "Mon Sep 24 20:20:11 +0000 2012"}, {"text": "GMO labeling needs to happen!  We must have the right to know what is in our food!", "created_at": "Mon Sep 24 20:50:27 +0000 2012"}, {"text": "First long term animal study on the health effects of GMO corn on rats. There are NO human health studies! http://t.co/pqYHQns5  #chickens?", "created_at": "Mon Sep 24 20:59:07 +0000 2012"}, {"text": "GMO debate is over; GM crops must be immediately outlawed; Monsanto halted from threatening humanity http://t.co/SZqK2adV via @HealthRanger", "created_at": "Mon Sep 24 21:25:03 +0000 2012"}, {"text": "Prop 37: The Moment of Truth for GMO Labeling http://t.co/PUZBjlM6 via @HealthRanger", "created_at": "Mon Sep 24 21:47:05 +0000 2012"}, {"text": "@kingsthings @billmaher What do u think about the GMO study that just came out ?  How can we help get prop 37 passed ?", "created_at": "Tue Sep 25 05:14:12 +0000 2012"}, {"text": "#GMO Sci: disrupting Science Sound Principles - Precautionary Principle &amp; GMOs - ISIS Institute of Science in Society http://t.co/2bCGlmnr", "created_at": "Mon Sep 24 14:06:26 +0000 2012"}, {"text": "Whole Foods supports mandatory labeling of GMO foods. Realll libertarian of ya, John Mackey: http://t.co/nTNutoca via @jordanmcgillis", "created_at": "Mon Sep 24 18:09:36 +0000 2012"}, {"text": "From Zyklon B to GM corn: How GMOs transformed food into a globalist weapon http://t.co/RkBxPXcb via @HealthRanger", "created_at": "Mon Sep 24 23:20:35 +0000 2012"}, {"text": "From Zyklon B to GM corn: How GMOs transformed food into a globalist weapon", "created_at": "Mon Sep 24 19:53:54 +0000 2012"}, {"text": "@onthe_frontline Pure coincidence I asked a few days before the story broke IF Barroso waseating GMO which scientists at Monsnto DON'T eat.", "created_at": "Mon Sep 24 08:45:25 +0000 2012"}, {"text": "RT @bookieboo: Interview with @Beanitos CEO LIVE about GMOs on #Mamavation TV #NowPlaying http://t.co/AeGrWv2k #yeson37 #LabelGMOs", "created_at": "Tue Sep 25 02:20:02 +0000 2012"}, {"text": "RT @bookieboo: Interview with @Beanitos CEO LIVE about GMOs on #Mamavation TV #NowPlaying http://t.co/1oa04Z00 #yeson37 #LabelGMOs", "created_at": "Tue Sep 25 02:20:02 +0000 2012"}, {"text": "This Might Be Our Only Chance for GMO Labeling\u2014We Can Win This One! http://t.co/ghkkDbnh via @sharethis", "created_at": "Tue Sep 25 03:06:36 +0000 2012"}, {"text": "The latest GMO study raises more questions than it answers http://t.co/fMqkMoQ0", "created_at": "Mon Sep 24 11:28:30 +0000 2012"}, {"text": "@HeatherMarianna Let ur followers know the hit piece out in the news against Organic because of Prop 37 Full disclosure of GMO Proposition", "created_at": "Tue Sep 04 16:36:15 +0000 2012"}, {"text": "\"Big time players make big time plays\" - GMO", "created_at": "Tue Sep 04 21:34:52 +0000 2012"}, {"text": "Flawed organic foods study really just a media psyop to confuse the public about organics while pushing GMOs http://t.co/BgrUqw2r", "created_at": "Wed Sep 05 05:28:15 +0000 2012"}, {"text": "There is a big push by big money against GMO and Organic certifications and labeling. @JeffMacke  http://t.co/lja8JTD2", "created_at": "Tue Sep 04 14:26:28 +0000 2012"}, {"text": "Marin 10: Mark Squire, putting his stamp on the GMO industry: And especially, the unnatural or fake: Food that i... http://t.co/oq8hUAAm", "created_at": "Tue Sep 04 15:29:25 +0000 2012"}, {"text": "@VerbaVitae I'm on the fence about organic food, but I despise GMO food and feel it needs labelling. Hope most don't confuse the two.", "created_at": "Tue Sep 04 15:48:01 +0000 2012"}, {"text": "Monsanto shells out $4.2 million to sabotage California GMO labeling initiative  http://t.co/FpLwWqZY", "created_at": "Tue Sep 04 15:24:19 +0000 2012"}, {"text": "\u201c@HealthRanger:Flawed  study a media to confusethe publicabout organicswhile pushing GMOs http://t.co/EF38mQnl via @HealthRanger\u201d", "created_at": "Tue Sep 04 19:38:36 +0000 2012"}, {"text": "Unite America Mr President .@BarackObama Let's Move on GMO labeling! http://t.co/0H6RWIVz @food_democracy Please RT", "created_at": "Tue Sep 04 19:16:22 +0000 2012"}, {"text": "Let's Move on GMO labeling, @BarackObama ! http://t.co/Je63GDsO @food_democracy #saveorganics #realorganics Please RT", "created_at": "Tue Sep 04 19:48:24 +0000 2012"}, {"text": "My transgenic plants &gt;&gt;&gt;&gt;&gt;&gt;&gt;&gt;&gt; any boo. Sad but true at the moment....", "created_at": "Wed Sep 05 03:19:16 +0000 2012"}, {"text": "@Indiraoktarini @Niar_Nhy : skrng pd GMO hadeeehhh, ktnya dah unfol eh kuliat muji2 ckckckkck", "created_at": "Tue Sep 04 13:31:55 +0000 2012"}, {"text": "Flawed organic foods study really just a media psyop to confuse the public about organics while pushing GMOs http://t.co/FB5656EY", "created_at": "Wed Sep 05 04:14:09 +0000 2012"}, {"text": "Tell Vilsack to Stop Rubberstamping GMO crops! http://t.co/AsYXFrge @food_democracy Please RT #GMOs", "created_at": "Tue Sep 11 21:51:33 +0000 2012"}, {"text": "Pleased 2get landrover discovery back shame the bill was \u00a32000! Never buy a car from GMO penzance again! Only had it 10month c them in court", "created_at": "Tue Sep 11 21:41:34 +0000 2012"}, {"text": "Tell Vilsack to Stop Rubberstamping GMO crops! http://t.co/DFBodWqx @food_democracy Please RT #GMOs", "created_at": "Tue Sep 11 21:17:17 +0000 2012"}, {"text": "Top 10 Lies Told by Monsanto on GMO Labeling in California http://t.co/tYh4Mxnj v\u00eda @huffingtonpost", "created_at": "Tue Sep 11 18:43:31 +0000 2012"}, {"text": "Michelle Obama: Tell Barack to honor his campaign promise to label GMOs http://t.co/oWnB9pgD @signon", "created_at": "Tue Sep 11 18:09:17 +0000 2012"}, {"text": "Tell Vilsack to Stop Rubberstamping GMO crops! http://t.co/at0iJIuS @food_democracy Please RT #GMOs", "created_at": "Tue Sep 11 18:46:50 +0000 2012"}, {"text": "October is Non GMO month.. Did you know that?  http://t.co/EdMqnmtO", "created_at": "Wed Sep 12 03:37:41 +0000 2012"}, {"text": "So Vonte begging gmo fah ha eggs an baken an he jus ate", "created_at": "Fri Sep 14 16:17:25 +0000 2012"}, {"text": "It's time to stand up to Monsanto and make GMO labeling a reality! Drop the money bomb on Monsanto! #YesOn37 #LabelGMOs http://t.co/AJPEQw8K", "created_at": "Sat Sep 15 00:45:44 +0000 2012"}, {"text": "I would gladly pay more for Meat that was not Feed with GMO grain. A small price to pay to not eat Meat 2x a week \u2611 #gmo is poison to Humans", "created_at": "Sat Sep 15 00:16:42 +0000 2012"}, {"text": "GMO red alert_ GM wheat may cause liver failure, warn scientists http://t.co/m6OafQVg", "created_at": "Fri Sep 14 09:53:16 +0000 2012"}, {"text": "GREENPEACE - US and China Caught Secretly Testing GMO Rice on Children: http://t.co/kQ926oNW", "created_at": "Fri Sep 14 10:08:51 +0000 2012"}, {"text": "You can avoid GMOs without the labeling http://t.co/jRNLPrm5", "created_at": "Fri Sep 14 10:54:35 +0000 2012"}, {"text": "Comparing Natural and Transgenic GMO  http://t.co/P8PiDabH", "created_at": "Fri Sep 14 21:45:39 +0000 2012"}, {"text": "Listen to Jeffrey M. Smith talk about the health dangers of GMO foods: immune, reproductive and GI problems.... http://t.co/EJLvY6ni", "created_at": "Fri Sep 14 14:03:23 +0000 2012"}, {"text": "It was awesome; I watched it live: Occupy Monsanto GCU Field Agents Shutdown GMO Seed Distribution Facility http://t.co/cyhxM5l8", "created_at": "Fri Sep 14 18:25:53 +0000 2012"}, {"text": "Take 2...clear and simple explanation of what a GMO is: http://t.co/PLHiCpwK", "created_at": "Fri Sep 14 19:37:27 +0000 2012"}, {"text": "I'm looking for a true organic soy milk without GMO suggestion.", "created_at": "Fri Sep 14 19:52:09 +0000 2012"}, {"text": "Looking good but don't let up. RT @greenforyou: GMO food-labeling initiative cruising to victory in California #green http://t.co/hhkuc7Ln", "created_at": "Sat Sep 15 01:53:25 +0000 2012"}, {"text": "Michelle Obama: Tell Barack to honor his campaign promise to label GMOs http://t.co/0LQVhKHh @signon", "created_at": "Sat Sep 15 22:53:24 +0000 2012"}, {"text": "Michelle Obama: Tell Barack to honor his campaign promise to label GMOs http://t.co/8qZBmxU5 @signon", "created_at": "Sat Sep 15 22:14:10 +0000 2012"}, {"text": "Jeffrey Smith\u00b4s GMO update July 2012 covers latest research GMO labeling and more http://t.co/4dnMjY9q", "created_at": "Sat Sep 15 16:54:44 +0000 2012"}, {"text": "GROW FOOD.. never hurts to have too much, share or sell. natural disaster, political corporate greed eat local support farms organic NO GMO", "created_at": "Sun Sep 16 00:40:33 +0000 2012"}, {"text": "Michelle Obama: Tell Barack to honor his campaign promise to label GMOs http://t.co/pUvGrfPl @signon", "created_at": "Sun Sep 16 00:04:37 +0000 2012"}, {"text": "GMO \u0096 Genetic Roulette", "created_at": "Sat Sep 15 07:08:02 +0000 2012"}, {"text": "@_beffylove_ Do you think GMOs should be clearly identified on food product labels?", "created_at": "Sat Sep 15 20:02:50 +0000 2012"}, {"text": "Michelle Obama: Tell Barack to honor his campaign promise to label GMOs http://t.co/dsTvQFVy @signon", "created_at": "Sat Sep 15 21:22:26 +0000 2012"}, {"text": "Michelle Obama: Tell Barack to honor his campaign promise to label GMOs http://t.co/wME4q6lS @signon", "created_at": "Sat Sep 15 21:53:30 +0000 2012"}, {"text": "Michelle Obama: Tell Barack to honor his campaign promise to label GMOs http://t.co/UBkX89xz @signon", "created_at": "Sat Sep 15 21:35:49 +0000 2012"}, {"text": "Michelle Obama: Tell Barack to honor his campaign promise to label GMOs http://t.co/XTcuA2RB @signon", "created_at": "Sat Sep 15 21:07:44 +0000 2012"}, {"text": "Michelle Obama: Tell Barack to honor his campaign promise to label GMOs http://t.co/9B2yzeeJ @signon", "created_at": "Sat Sep 15 21:28:10 +0000 2012"}, {"text": "Video: Occupy Monsanto Blocks GMO Seed Distribution http://t.co/koJPQVLw", "created_at": "Sat Sep 15 21:58:33 +0000 2012"}, {"text": "@jasonmsaul A GNO GMO blog?", "created_at": "Sun Sep 16 05:59:38 +0000 2012"}, {"text": "USDA Greenlights Monsanto's Utterly Useless New GMO Corn | Mother Jones http://t.co/qJFOkwG4", "created_at": "Sat Sep 15 14:20:50 +0000 2012"}, {"text": "GMO red alert: GM wheat may cause liver failure, warn scientists ...", "created_at": "Sat Sep 15 14:09:01 +0000 2012"}, {"text": "@mbeisen Probaby NGOs cause more cancer then GMOs", "created_at": "Sat Sep 15 23:04:39 +0000 2012"}, {"text": "Monsanto Sucks: France to maintain ban on GMO crops - PM http://t.co/HsFGwSrR", "created_at": "Sat Sep 15 19:22:33 +0000 2012"}, {"text": "Be Well My Friends: 'No on 37' Campaign Against GMO Labeling Exposed a... http://t.co/BcIIMYhO", "created_at": "Sun Sep 16 02:47:36 +0000 2012"}, {"text": "Favorite Corporations Shell out Millions of $ to Stop GMO Labeling http://t.co/h9zlYJv1 via @naturalsociety", "created_at": "Sun Sep 16 01:10:43 +0000 2012"}, {"text": "GMO market share has come at the expense of consumer awareness and choice via a concerted corporate-regulatory deception.", "created_at": "Sun Sep 23 16:08:17 +0000 2012"}, {"text": "Ask you're grocer about non GMO corn and canola oil.", "created_at": "Sun Sep 23 16:31:42 +0000 2012"}, {"text": "In spite of claims of GMO substantial equivalence there can still be (mutually exclusive) substantial differences &amp; health implications.", "created_at": "Sun Sep 23 16:09:55 +0000 2012"}, {"text": "Dr. Mercola Discusses New GMO Study  http://t.co/Z16ObXPN #GMO #cancer #monsanto #food #health #prop37", "created_at": "Sun Sep 23 16:48:22 +0000 2012"}, {"text": "The evil of Monsanto and GMOs explained: Bad technology, endless greed and the destruction of humani http://t.co/ouLfzyQ7", "created_at": "Sun Sep 23 16:24:21 +0000 2012"}, {"text": "Very important info about GMO corn http://t.co/AJzziU3k", "created_at": "Mon Sep 24 00:31:19 +0000 2012"}, {"text": "News Dr. Mercola Discusses New GMO Study http://t.co/dFHSE0ES", "created_at": "Sun Sep 23 07:32:48 +0000 2012"}, {"text": "EAT ORGANIC: Is Team Organic Outspending Team Big Ag in the GMO Labeling Fight? http://t.co/vbfLjtDj", "created_at": "Sun Sep 23 10:45:25 +0000 2012"}, {"text": "Occupy GMO in St. Louis tries new tactic: annoying people. http://t.co/zihUtARS Crowd of new converts to the cause swells to... +/- 0", "created_at": "Sun Sep 23 17:28:18 +0000 2012"}, {"text": "Consumer choice before #Monstanto profits. GMO Debate Heats Up: Chttp://huff.to/R6hdnh via @HuffPostGreen", "created_at": "Sun Sep 23 20:42:32 +0000 2012"}, {"text": "The evil of Monsanto and GMOs explained: Bad technology, endless greed and the destruction of ... http://t.co/qtif6Gcm", "created_at": "Sun Sep 23 20:37:05 +0000 2012"}, {"text": "Renewed boycott announced against GMO pushing mega-corporations http://t.co/lxC0k62I Infowars #News", "created_at": "Sun Sep 23 21:35:02 +0000 2012"}, {"text": "@FearDept Top Scientists Occupy Citizens Media show on GMOs and more! #ScienceSunday http://t.co/hlDgTzzs  Pls RT", "created_at": "Sun Sep 23 21:37:14 +0000 2012"}, {"text": "From Zyklon B to GM corn: How GMOs transformed food into a globalist weapon http://t.co/zJKQPjxk", "created_at": "Mon Sep 24 05:35:29 +0000 2012"}, {"text": "@Anon_Jaccobin And I want to know why @barackobama isn't kissing my independent #FL voting ass.  We want GMO labeling already.", "created_at": "Mon Sep 24 05:02:03 +0000 2012"}, {"text": "GMO critics point to what they see as undue industry influence over what gets studied and published, as well as a... http://t.co/CnVPrI2M", "created_at": "Sun Sep 23 14:39:12 +0000 2012"}, {"text": "Top ten contributors to the No on 37 campaign, which is trying to stop GMO labeling in California http://t.co/frhnEaVC", "created_at": "Sun Sep 23 15:26:14 +0000 2012"}, {"text": "Renewed boycott announced against GMO pushing mega-corporations http://t.co/K8t41fIU via @HealthRanger", "created_at": "Sun Sep 23 18:04:41 +0000 2012"}, {"text": "My latest video: TinaB slams GMO food and why we need labeling in California - Vote Yes on Prop 37! Please share! http://t.co/ByIYqEOP", "created_at": "Sun Sep 23 18:23:17 +0000 2012"}, {"text": "carekan tah miminna! RT @Rorosiealibela: Balikna urang baseuh atuh min. Urang nebeng ka gmo -_- (cont) http://t.co/GAXdCtY6", "created_at": "Sun Sep 23 18:12:37 +0000 2012"}, {"text": "Michelle Obama: Tell Barack to honor his campaign promise to label GMOs http://t.co/3ZCHpDD3 @signon", "created_at": "Sun Sep 23 23:04:45 +0000 2012"}, {"text": "Metra Gmos 05 Onstar Gm Interface Harness Aftermarket Unit Adjustable Volume Output | Klein Tools Level http://t.co/fGpar06c", "created_at": "Sun Sep 23 19:28:07 +0000 2012"}, {"text": "The evil of Monsanto and GMOs explained: Bad technology, endless greed and the destruction of humanity http://t.co/sQNlsO0q", "created_at": "Mon Sep 24 02:51:23 +0000 2012"}, {"text": "@YourAnonNews Please RT this eye opening video about dangers from GMO foods http://t.co/byHNFdgh #gmo #monsanto", "created_at": "Mon Sep 24 03:15:26 +0000 2012"}, {"text": "Perutku brasa rame..kdang dia dikanan, trus geser kiri, kdang diatas kdang muter kbwh,klo lg gmo diganggu dielus aja lngsung nendang \u263a\u2665", "created_at": "Mon Sep 24 01:37:03 +0000 2012"}, {"text": "Michelle Obama: Tell Barack to honor his campaign promise to label GMOs http://t.co/GnExQHxO @signon", "created_at": "Mon Sep 24 01:26:53 +0000 2012"}, {"text": "The evil of Monsanto and GMOs explained: Bad technology, endless greed and the destruction of humanity http://t.co/MmtNulsP", "created_at": "Mon Sep 24 01:17:52 +0000 2012"}, {"text": "Michelle Obama: Tell Barack to honor his campaign promise to label GMOs http://t.co/N1r9Zu9o @signon", "created_at": "Tue Sep 25 22:33:00 +0000 2012"}, {"text": "I liked a @YouTube video http://t.co/QeHJ8MXP (2012) Agenda 21, GMO Poison and The Genetic Roulette [Full Documentary]", "created_at": "Tue Sep 25 22:37:13 +0000 2012"}, {"text": "@modalthetortois @lurainpenny \nI adore your assessment, Modal! If they don't want GMO labeled, they are NOT proud of it! \n #nogmo #yeson37", "created_at": "Tue Sep 25 21:20:58 +0000 2012"}, {"text": "Michelle Obama: Tell Barack to honor his campaign promise to label GMOs http://t.co/SWNtMBAd @signon", "created_at": "Tue Sep 25 21:13:34 +0000 2012"}, {"text": "@TeteMutete: @ajonyo: @tetemutete @jeanjames62 @macy_julian @ngungush  ths coconuts kwani ni ma GMO", "created_at": "Tue Sep 25 21:29:36 +0000 2012"}, {"text": "@fonteindara my dad simply refers to gmo products as 'that shit' as well. So not too much of a difference in vernacular there.", "created_at": "Wed Sep 26 05:24:09 +0000 2012"}, {"text": "GMO Debate Heats Up: Critics Say Biotech Industry Manipulating Genes, And Science.  http://t.co/nesYCLh9", "created_at": "Tue Sep 25 15:04:56 +0000 2012"}, {"text": "@maxnrgmike \u2013 Not so. There is a VAST difference between plant marriages &amp; splicing genes. Latest French study warns of tumors etc from GMO", "created_at": "Tue Sep 25 18:08:56 +0000 2012"}, {"text": "@mwellerhealth Hi I'd like to ask u a question about GMO &amp; #LIY for a report. Can you email me? bjberman@ctnow.com -subject line GMO Thanks!", "created_at": "Tue Sep 25 18:23:30 +0000 2012"}, {"text": "Michelle Obama: Tell Barack to honor his campaign promise to label GMOs http://t.co/rhFbWkEk @signon #mamavation #labelGMOs", "created_at": "Tue Sep 25 23:10:37 +0000 2012"}, {"text": "'of course gmo is an intellectual property scam to own genetic resources of agriculture &amp; it's become it's central licenser'", "created_at": "Tue Sep 25 19:38:42 +0000 2012"}, {"text": "Tell grocery store CEOs to reject GMO apples before they hit the shelves http://t.co/3GXS4VcN @CREDOMobile #p2", "created_at": "Tue Sep 25 08:43:40 +0000 2012"}, {"text": "FOOD Dangers GMO Food 2012 Holocaust GMO Food alter organ function: http://t.co/TbNduP3E via @youtube", "created_at": "Wed Sep 26 02:49:18 +0000 2012"}, {"text": "The Top 10 Breakfast Cereals Most Likely To Contain Monsanto's GMO Corn: \n\n\nMike Adams\nhttp://t.co/z0H93bT7\nBy no... http://t.co/1oPF2wvx", "created_at": "Wed Sep 26 03:05:35 +0000 2012"}, {"text": "Dokazano: GMO hrana je veoma \u0161tetna za zdravlje! - Economy.rs nauka i kompanije http://t.co/ja7t9XWS GMO je zlo", "created_at": "Tue Sep 25 11:05:11 +0000 2012"}, {"text": "Michelle Obama: Tell Barack to honor his campaign promise to label GMOs http://t.co/l9Dp6k2D @signon", "created_at": "Tue Sep 25 13:52:02 +0000 2012"}, {"text": "Panjang mak :'( intinya GMO lagi--' @astriiaci: @IchaaIccho @siti_rise15 @PuputLestarii_ @RezaAzalea @PriscellaN_ cerita dong :(", "created_at": "Wed Sep 26 01:00:55 +0000 2012"}, {"text": "70% of food these days are GMO, if ur not growing it yourself you cannot guarantee its GMO free, regardless of what the label says.", "created_at": "Sat Sep 08 16:26:31 +0000 2012"}, {"text": "Pepsico in on efforts to defeat GMO labeling in California. Nice! They sure have health of their customers in mind, don't they? #NutraSweet", "created_at": "Sun Sep 09 00:00:12 +0000 2012"}, {"text": "If Organic is Bad &amp; GMOs are Good, Shouldn't They Be Proud to Label... - http://t.co/FeZk8pC4 via http://t.co/0KHyw4j7", "created_at": "Sat Sep 08 07:00:12 +0000 2012"}, {"text": "@kasie305 gmo you've never seen jackass the movie?", "created_at": "Sat Sep 08 07:05:26 +0000 2012"}, {"text": "This is such an outrage. $28 million so far to defeat GMO Labeling in California, Monsanto in the lead, of... http://t.co/CSBOmSqc", "created_at": "Sat Sep 08 21:42:30 +0000 2012"}, {"text": "California's Prop. 37: Are GMO Labels a Scarlet Letter? http://t.co/PBF5hhol", "created_at": "Sat Sep 08 21:27:03 +0000 2012"}, {"text": "Doctors &amp; Farmers Find that Eliminating GMOs Prevents Disease #JeffreyMSmith: #RealAlexJones: http://t.co/Pb3o9B8S via @youtube", "created_at": "Sun Sep 09 02:08:46 +0000 2012"}, {"text": "FREE Yes on 37: Label GMO Sticker http://t.co/AbivHbc9", "created_at": "Sat Sep 08 11:47:51 +0000 2012"}, {"text": "Activist Post: If Organic is Bad &amp; GMOs are Good, Shouldn't They Be Proud to Label Them? http://t.co/4qKBh62E", "created_at": "Sun Sep 09 17:13:49 +0000 2012"}, {"text": "@travislouie damned GMO milk giving me linebacker shoulders.", "created_at": "Sun Sep 09 19:15:14 +0000 2012"}, {"text": "'OMG, GMO's!' Rap Song Tackles Genetically-Modified Organisms ...: How much do you know about genetically-modifi... http://t.co/6Qk2isJe", "created_at": "Sun Sep 09 06:17:34 +0000 2012"}, {"text": "http://t.co/JTwZohK5 Followers..! Click this link! Rachel says it all about GMO &amp; Monsanto. Rachel is a dear friend of the honeybees.", "created_at": "Mon Sep 10 02:28:37 +0000 2012"}, {"text": "Why do GMOs need to be labeled? http://t.co/zXSMPfW9 #labelGMOs #yeson37 #health", "created_at": "Mon Sep 10 03:13:24 +0000 2012"}, {"text": "WO2012118176A1 Fibrinogen-producing Transgenic Silkworm #C12N #C12N15 http://t.co/cmgibTvA", "created_at": "Sun Sep 09 13:19:53 +0000 2012"}, {"text": "@chriskresser Real soy or GMO shit? Pity, that article fails to cover that.", "created_at": "Mon Sep 10 01:05:53 +0000 2012"}, {"text": "@MonsantoCo U mother fuckers just keep spreading ur GMO Shit everywhere don't U. I'm sick of it u \"MURDERS\" GO TO HELL U BASTARDS.", "created_at": "Wed Sep 12 16:24:46 +0000 2012"}, {"text": "Our GMO Boycott is Changing  http://t.co/bt5P3QjB", "created_at": "Wed Sep 12 12:31:28 +0000 2012"}, {"text": "Corporate Giant Nestle Makes Contradictions Concerning GMOs | NationofChange http://t.co/JFYNoTDH via @nationofchange", "created_at": "Wed Sep 12 17:05:28 +0000 2012"}, {"text": "Massive Fund Attack on GMO Labeling Proposal in California http://t.co/Oq4AJ8le", "created_at": "Thu Sep 13 05:14:10 +0000 2012"}, {"text": "Que chuchis el taco en gmo gallardo!", "created_at": "Wed Sep 12 14:05:00 +0000 2012"}, {"text": "Broadlands HOA Companies Against GMO Labeling: The list gets longer... These companies claim there is nothing wr... http://t.co/czUURn9F", "created_at": "Wed Sep 12 15:20:04 +0000 2012"}, {"text": "Tell Vilsack to Stop Rubberstamping GMO crops! http://t.co/5Fvje7gC @food_democracy Please RT #GMOs", "created_at": "Wed Sep 12 18:38:54 +0000 2012"}, {"text": "Truth will prevail! Avoid GMO garbage RT @sensemakingstop: California\u2019s Prop 37 exposes Monsanto GMO agenda - Infowars http://t.co/IlQhDQz0", "created_at": "Wed Sep 12 19:10:29 +0000 2012"}, {"text": "GMOs are everywhere because they are more profitable than not, especially using industrial farming techniques. #labelGMOs", "created_at": "Thu Sep 13 02:33:21 +0000 2012"}, {"text": "@bookieboo A6 A huge portion of produce I thought was good for me actually contains GMOs #yeson37 #labelGMOs", "created_at": "Thu Sep 13 02:56:08 +0000 2012"}, {"text": "Fyi \u2026Trader joes brand foods are guaranteed not to have GMOs", "created_at": "Thu Sep 13 02:28:57 +0000 2012"}, {"text": "RT @skinnyjeans: #food GMOs can cause inflammation in the body. Inflam basis for most illness. ~ @JeffreyMSmith @heirloomexpo #labelGMOs", "created_at": "Thu Sep 13 02:47:07 +0000 2012"}, {"text": "Wondering why you'd want to know if there are GMOs in your food? Here are a few reasons. http://t.co/OpZe6KY5 #yeson37 @labelGMOs", "created_at": "Thu Sep 13 02:52:01 +0000 2012"}, {"text": "@bookieboo they should also make the GMO food label BIG!!  #yeson37", "created_at": "Thu Sep 13 02:32:58 +0000 2012"}, {"text": "Society stands on the precipice of forever being bound to transgenic agriculture and transgenic food.  #LabelGMOs", "created_at": "Thu Sep 13 03:13:42 +0000 2012"}, {"text": "Michelle Obama: Tell Barack to honor his campaign promise to label GMOs http://t.co/sKL1Ji27 @signon", "created_at": "Wed Sep 12 11:19:55 +0000 2012"}, {"text": "Monsanto, Pesticide Companies Contribute Another $5.5 Million to Kill GMO Labeling Initiative  http://t.co/WM2rh3oe", "created_at": "Mon Sep 17 22:46:07 +0000 2012"}, {"text": "Organic Brands Caught In Fight Over California's Prop 37 GMO Debate - http://t.co/lWHIH7sv http://t.co/FEie3j00", "created_at": "Mon Sep 17 22:46:17 +0000 2012"}, {"text": "learn more, you will want to know what GMOs are doing to our health and our environment. http://t.co/eyEozisx", "created_at": "Mon Sep 17 09:00:16 +0000 2012"}, {"text": "Kashi over Nature's Path? Not me! Kashi uses GMO ingredients while Nature's Path does not. I'll take the 60 extra calories. @EatThisNotThat", "created_at": "Mon Sep 17 12:39:43 +0000 2012"}, {"text": "#today #news France Maintains Key Ban on Monsantos GMO Maize Crops: In another massive victory against Monsanto ... http://t.co/R5ndUYfq", "created_at": "Mon Sep 17 17:00:42 +0000 2012"}, {"text": "LOL! U wont believe this one! the co-author of Stanford organic study have family ties2pesticide, GMO giant Monsanto? http://t.co/IqCDwyxv", "created_at": "Tue Sep 18 05:56:56 +0000 2012"}, {"text": "@EvelynJn_ Putri sopo? GMO apa ???", "created_at": "Mon Sep 17 14:51:52 +0000 2012"}, {"text": "RT @Earth_News: As drought hits corn, biotech firms see lush field in GMO crops http://t.co/9yPS1hRq @latimes", "created_at": "Mon Sep 17 14:15:12 +0000 2012"}, {"text": "@jojoekung \u0e0a\u0e48\u0e32\u0e22\u0e46 \u0e04\u0e37\u0e19\u0e19\u0e35\u0e49\u0e04\u0e07\u0e44\u0e21\u0e48\u0e44\u0e14\u0e49\u0e19\u0e2d\u0e19\u0e2d\u0e30 \u0e1e\u0e23\u0e38\u0e48\u0e07\u0e19\u0e35\u0e49\u0e40\u0e0a\u0e49\u0e32\u0e1e\u0e35\u0e48\u0e2e\u0e34\u0e27\u0e15\u0e49\u0e2d\u0e07\u0e40\u0e2d\u0e32 GMO \u0e44\u0e1b\u0e1e\u0e23\u0e35\u0e40\u0e0b\u0e19\u0e15\u0e4c  ToT", "created_at": "Mon Sep 17 15:36:25 +0000 2012"}, {"text": "\"@DaanDeWit: On my to watch list: documentary on GMO in our food - Genetic Roulette http://t.co/ku0zluot Now online\"", "created_at": "Mon Sep 17 18:43:02 +0000 2012"}, {"text": "Michelle Obama: Tell Barack to honor his campaign promise to label GMOs http://t.co/Au5esQI2 @signon", "created_at": "Mon Sep 17 18:41:25 +0000 2012"}, {"text": "Please sign &amp; forward Michelle Obama: Tell Barack to honor his campaign promise to label GMOs http://t.co/EwCQCUmu @signon", "created_at": "Mon Sep 17 23:54:29 +0000 2012"}, {"text": ".@MonsantoCo That $4.2 Million you spent to defeat GMO labeling...you may want to reserve some for when your bankrupt!", "created_at": "Mon Sep 17 06:31:36 +0000 2012"}, {"text": "Firestorm Erupts Over Transgenic Rice Study in Chinese Children - ScienceInsider http://t.co/JEB5w77C", "created_at": "Tue Sep 18 02:11:31 +0000 2012"}, {"text": "GMO alert: Eating GM wheat may destroy your liver, warn scientists http://t.co/ngRq4Xt5 via @HealthRanger #nogmo #organic #food #natural", "created_at": "Tue Sep 18 02:29:03 +0000 2012"}, {"text": "Watch Genetic Roulette, movie about GMO health risks... for free, this week only, Sept 15-22. http://t.co/Q4N0fTIk", "created_at": "Mon Sep 17 13:04:30 +0000 2012"}, {"text": "Tell grocery store CEOs to reject GMO apples before they hit the shelves http://t.co/StOEVlYO @CREDOMobile #p2", "created_at": "Fri Sep 28 22:49:44 +0000 2012"}, {"text": "All Guinea Pigs ! Severe toxic effects of a GMO and of the major herbicide of the world   \n http://t.co/l77YnzWu", "created_at": "Fri Sep 28 16:01:01 +0000 2012"}, {"text": "Tell grocery store CEOs to reject GMO apples before they hit the shelves http://t.co/ILwf2ZvT @CREDOMobile #p2", "created_at": "Fri Sep 28 16:28:36 +0000 2012"}, {"text": "@TacomaLynette Do you think GMOs should be clearly identified on food product labels?", "created_at": "Fri Sep 28 16:03:04 +0000 2012"}, {"text": "@kuskusfoods I think you've been misinformed... certified organic products do not contain GMOs per the USDA's National Organics Program", "created_at": "Fri Sep 28 16:50:16 +0000 2012"}, {"text": "These celebs want GMOs labeled | http://t.co/jtPhVQIU", "created_at": "Fri Sep 28 16:00:00 +0000 2012"}, {"text": "These companies don\u2019t want GMOs labeled in California http://t.co/b3W9AKNo", "created_at": "Sat Sep 29 00:27:56 +0000 2012"}, {"text": "How Canadians Became Mice in a GMO Study", "created_at": "Sat Sep 29 00:33:11 +0000 2012"}, {"text": "@matthewjbeck @therealsweeter gmo and myself are gonna fucking kill this case race.", "created_at": "Sat Sep 29 00:55:32 +0000 2012"}, {"text": "GMO victory within reach? Proposition 37 is \u2018likely to pass\u2019 declares LA Times http://t.co/hPTGUfBr", "created_at": "Sat Sep 29 00:55:45 +0000 2012"}, {"text": "Russia bans all GM corn imports; EU may also ban Monsanto GMO in wake of shocking cancer findings http://t.co/VN1o6vLm", "created_at": "Fri Sep 28 09:54:25 +0000 2012"}, {"text": "Don't worry... GMOs are safe... says Monsanto. But at the same time limits research that can be done by true 3rd... http://t.co/y0R7jWbH", "created_at": "Fri Sep 28 12:53:50 +0000 2012"}, {"text": "Tell grocery store CEOs to reject GMO apples before they hit the shelves http://t.co/S4B6XekI @CREDOMobile #p2", "created_at": "Fri Sep 28 17:41:20 +0000 2012"}, {"text": "Poll: California Voters Overwhelmingly Support Ballot Initiative to Label GMO Foods http://t.co/fEVEo11m", "created_at": "Fri Sep 28 20:10:48 +0000 2012"}, {"text": "Is The End of Monsanto Near? Prop 37 Succeeding as Nations Ban GMO Crops | True Activist http://t.co/YjGOdKDi", "created_at": "Fri Sep 28 21:46:43 +0000 2012"}, {"text": "@Twitlertwit Is there anything you CAN eat besides rice and carrots? Or is the problem finding organic produce? Or non GMO produce?", "created_at": "Sat Sep 29 05:25:53 +0000 2012"}, {"text": "Is The End of Monsanto Near? Prop 37 Succeeding as Nations Ban GMO Crops: http://t.co/cLNXHQiI", "created_at": "Sat Sep 29 05:52:45 +0000 2012"}, {"text": "On record as supporting GMOs to be safe\n\n1) National Academy of Sciences\n2) American Council on Science &amp; Health... http://t.co/i9t8X0ZG", "created_at": "Fri Sep 28 14:11:02 +0000 2012"}, {"text": "The Author or this study Gilles-Eric S\u00e9ralini, PhD - will be participating at The International GMO Symposium... http://t.co/GhfNO0cg", "created_at": "Fri Sep 28 14:04:04 +0000 2012"}, {"text": "GMOs aren't meant to feed the world...they're designed to sell Monsanto's herbicide Roundup. - Ronnie Cummins... http://t.co/Zgei0jnz", "created_at": "Fri Sep 28 14:28:40 +0000 2012"}, {"text": "@ConsiderThis1 \"Obama's Monsanto appointment to the FDA does 'Food Safety' and NEVER mentions that GMOs are NOT safe.\" Monsanto = evil.", "created_at": "Fri Sep 28 14:37:58 +0000 2012"}, {"text": "Tell grocery store CEOs to reject GMO apples before they hit the shelves http://t.co/qSAhnqDz @CREDOMobile #p2", "created_at": "Fri Sep 28 14:29:30 +0000 2012"}, {"text": "Tell grocery store CEOs to reject GMO apples before they hit the shelves http://t.co/bUqQTzy0 @CREDOMobile #p2", "created_at": "Fri Sep 28 15:08:41 +0000 2012"}, {"text": "Michelle Obama: Tell Barack to honor his campaign promise to label GMOs http://t.co/yhePZCZQ @signon", "created_at": "Fri Sep 28 15:15:12 +0000 2012"}, {"text": "Whole Foods knowingly engages in massive GMO deception, says undercover video by 'Organic Spies' http://t.co/AhDLzfWP via @HealthRanger", "created_at": "Fri Sep 28 15:59:42 +0000 2012"}, {"text": "Are your children eating Monsanto's GMO sweet corn? Watch our new ad and RT: http://t.co/AJLT0FB3 #YesOn37 #LabelGMOs", "created_at": "Fri Sep 28 18:30:12 +0000 2012"}, {"text": "Tell grocery store CEOs to reject GMO apples before they hit the shelves http://t.co/J4UrpSgN @CREDOMobile #p2", "created_at": "Fri Sep 28 18:02:25 +0000 2012"}, {"text": "Michelle Obama: Tell Barack to honor his campaign promise to label GMOs http://t.co/BVHQezOU @signon", "created_at": "Sat Sep 29 02:07:40 +0000 2012"}, {"text": "Michelle Obama: Tell Barack to honor his campaign promise to label GMOs http://t.co/Zv7ZrVcc @signon", "created_at": "Sat Sep 29 02:25:44 +0000 2012"}, {"text": "Tell grocery store CEOs to reject GMO apples before they hit the shelves http://t.co/m45Qdb4t @CREDOMobile #p2", "created_at": "Sat Sep 29 02:37:08 +0000 2012"}, {"text": "Is The End of Monsanto Near? Prop 37 Succeeding as Nations Ban GMO Crops http://t.co/MuRRm81w", "created_at": "Sat Sep 29 02:03:26 +0000 2012"}, {"text": "Michelle Obama: Tell Barack to honor his campaign promise to label GMOs http://t.co/gCSU7ifC @signon", "created_at": "Sat Sep 29 03:20:17 +0000 2012"}, {"text": "Could Monsanto Start the Next Cold War? GMO Corn Banned in Russia http://t.co/F0P00Uc0", "created_at": "Fri Sep 28 11:03:40 +0000 2012"}, {"text": "Tell grocery store CEOs to reject GMO apples before they hit the shelves http://t.co/f6wYorp1 @CREDOMobile #p2", "created_at": "Fri Sep 28 13:42:32 +0000 2012"}, {"text": "Bono Sides with Monsanto and Agribusiness to Complete Africa\u2019s Destruction with GMOs http://t.co/WC9RJiWo via @Gaia-Health", "created_at": "Fri Sep 28 13:43:21 +0000 2012"}, {"text": "'do you use GMO ingredients?' http://t.co/Iq1qQ4LO via @@McD_Canada\n#MonsnatoKills #Label GMO", "created_at": "Fri Sep 28 13:11:15 +0000 2012"}, {"text": "I liked a @YouTube video http://t.co/QfM9bMRK Operation:\u00a0Whole Foods Hidden Camera GMO Sting - Bait Organic, Switch to GMO", "created_at": "Fri Sep 28 13:58:22 +0000 2012"}, {"text": "Sept. #12: #Occupy Monsanto Stops GMO Seed Distribution http://t.co/XFN3VITI #ows #opesr #a99", "created_at": "Thu Sep 13 09:53:06 +0000 2012"}, {"text": "Occupy Monsanto Stops GMO Seed Distribution | Rock Hill Herald Online http://t.co/8yIhpDWl #food #OWS #topoli #cdnpoli #mediawrench", "created_at": "Thu Sep 13 09:16:02 +0000 2012"}, {"text": "\u0e19\u0e31\u0e01\u0e27\u0e34\u0e08\u0e31\u0e22\u0e21\u0e31\u0e07\u0e01\u0e23\u0e21\u0e36\u0e19\u0e15\u0e36\u0e49\u0e1a \u0e16\u0e39\u0e01\u0e2d\u0e49\u0e32\u0e07\u0e0a\u0e37\u0e48\u0e2d\u0e43\u0e19\u0e07\u0e32\u0e19\u0e27\u0e34\u0e08\u0e31\u0e22\u0e02\u0e49\u0e32\u0e27\u0e2a\u0e35\u0e17\u0e2d\u0e07 \u0e2e\u0e37\u0e2d! \u0e19\u0e23.6-8 \u0e02\u0e27\u0e1a \u0e40\u0e1b\u0e47\u0e19\u0e2b\u0e19\u0e39\u0e17\u0e14\u0e25\u0e2d\u0e07\u0e02\u0e49\u0e32\u0e27 GMO http://t.co/g9kh62sk :\u0e08\u0e35\u0e19", "created_at": "Thu Sep 13 09:17:23 +0000 2012"}, {"text": "GMO Labeling Proposal in California - HELP   http://t.co/JFuTFQVe via @mercola", "created_at": "Thu Sep 13 12:01:44 +0000 2012"}, {"text": "@NicoleVillagran I didn't know you ryde lets ryde sometime convince gmo to get one also", "created_at": "Thu Sep 13 07:07:38 +0000 2012"}, {"text": "BC fruit growers opposed to GMO apple http://t.co/t4LGSySJ via @wordpressdotcom", "created_at": "Thu Sep 13 17:07:40 +0000 2012"}, {"text": "GMO Labeling: 18 Companies That Oppose Ballot Measure Prop 37 http://t.co/IjQVXxL5", "created_at": "Thu Sep 13 20:13:01 +0000 2012"}, {"text": "US and China Caught Secretly Testing GMO Rice on Children - http://t.co/bTln6PXl", "created_at": "Thu Sep 13 21:34:24 +0000 2012"}, {"text": "Firestorm Erupts Over Transgenic Rice Study in Chinese Children - ScienceInsider http://t.co/bGHeW2GC", "created_at": "Thu Sep 13 21:14:22 +0000 2012"}, {"text": "Meet the Scientific \"Experts\" Claiming GMO Foods are Safe : TreeHugger http://t.co/JDHxdbBi via @TreeHugger", "created_at": "Thu Sep 13 21:23:03 +0000 2012"}, {"text": "@Helen3737 \uce74\ub180\ub77c\uc720(\ucc44\uc885\uc720 \uc720\ucc44)\uac00 \ud55c\uc2dd \uc0d0\ub7ec\ub4dc\ub4dc\ub808\uc2f1\uc73c\ub85c\ub3c4 \ub9ce\uc774 \uc0ac\uc6a9\ub418\uace0 \ube44\uac74\ubca0\uc774\ud0b9\uc5d0\ub3c4 \uc0ac\uc6a9\ub418\ub294 \ud5a5\ub3c4 \ub9db\ub3c4 \ubb34\ub09c\ud55c \uc720\uc6a9\ud558\uace0 \uc88b\uc740 \uae30\ub984\uc778\ub370 \uc694\uc998\uc740 \uadf8 \uc6d0\uc7ac\ub8cc\uac00 100\ud504\ub85c gmo \uc720\ucc44\ub77c \uad6c\uc785\uc744 \uaebc\ub9ac\uac8c \ub418\ub294 \uae30\ub984\uc774\uc8e0", "created_at": "Thu Sep 13 21:50:08 +0000 2012"}, {"text": "GMO alert: Eating GM wheat may destroy your liver, warn scientists http://t.co/m0gUE38I", "created_at": "Fri Sep 14 05:25:08 +0000 2012"}, {"text": "GMO alert: Eating GM wheat may destroy your liver, warn scientists http://t.co/FibEANOH via @HealthRanger", "created_at": "Thu Sep 13 14:49:58 +0000 2012"}, {"text": "GMO alert: Eating GM wheat may destroy your liver, warn scientists http://t.co/iorBJtOW via @myscience1", "created_at": "Thu Sep 13 15:23:18 +0000 2012"}, {"text": "@PsychMamma me too. I've actually started getting info about a local organic farm because of this GMO stuff.", "created_at": "Thu Sep 13 18:47:20 +0000 2012"}, {"text": "Jb soktau ok-_-RT @Ridoesm: Germo yak'e *jb* RT @wisnuhilman: Gmo itu apa ?\"@aaptan: Lha apa ? Gmo wkwkRT @wisnuhilman: Apakamu\"@aaptan:", "created_at": "Thu Sep 13 23:20:30 +0000 2012"}, {"text": "US and China Caught Secretly Testing GMO Rice on Children: \n\nAnthony GucciardiActivist Post\nInstead of putting g... http://t.co/3rcfPFVc", "created_at": "Thu Sep 13 19:43:37 +0000 2012"}, {"text": "CTJ's The Rundown - Your News Fix: US and China Caught Secretly Testing GMO Rice on Children http://t.co/SiP3NeFU", "created_at": "Fri Sep 14 02:34:02 +0000 2012"}, {"text": "USDA to Give Monsanto's New GMO Crops 'Speedy Approval' http://t.co/1sNcN6ol via @naturalsociety", "created_at": "Fri Sep 14 04:36:32 +0000 2012"}, {"text": "Are GMO foods safe? Opponents are skewing the science to scare people. http://t.co/FbaRN6Bc", "created_at": "Wed Sep 26 22:24:19 +0000 2012"}, {"text": "GMO Scientists Claims Sterility Side Effects Good For Earth: http://t.co/babvCuqc via @youtube", "created_at": "Wed Sep 26 16:41:16 +0000 2012"}, {"text": "What You Need to Know About GMOs http://t.co/GVij514c via @sharethis", "created_at": "Wed Sep 26 16:58:31 +0000 2012"}, {"text": "MUST read about #GMO health impact (and EU (and other) regulators misconduct related to GMO health issues http://t.co/DwMN4X6u", "created_at": "Wed Sep 26 16:17:21 +0000 2012"}, {"text": "Does GMO Corn Really Cause Tumors in Rats? http://t.co/NQCSR5cy via @chic_vegan", "created_at": "Wed Sep 26 09:35:41 +0000 2012"}, {"text": "Healthy Budget: Growing with Non GMO Seed for Home Garden http://t.co/eJXmLWMt\n #Organic", "created_at": "Wed Sep 26 09:00:06 +0000 2012"}, {"text": "Interesting... Politicians push Big Ag &amp; GMOs but privately dine on organic produce &amp; grass-fed meats http://t.co/SwDrJqiO  via @motherjones", "created_at": "Wed Sep 26 12:49:34 +0000 2012"}, {"text": "RT @Forbes GMOs and Junk Science: Apocalypse Soon If Not Now: It\u2019s a powerful irony. If recent assa... http://t.co/RAYpG4EU #Philippines", "created_at": "Wed Sep 26 12:29:16 +0000 2012"}, {"text": "The top 10 breakfast cereals most likely to contain Monsanto's GMO corn http://t.co/pXjjL94V", "created_at": "Wed Sep 26 07:01:36 +0000 2012"}, {"text": "After The War: Petition: Tell Major grocery stores NO GMO APPLES http://t.co/obvq88FL", "created_at": "Wed Sep 26 10:43:07 +0000 2012"}, {"text": "Jeffrey Smith Exposes the Threat of GMOs http://t.co/ZHVD1OU8\n\nYoutube\n\nEnter Your Email To Receive Our Newsletter\n\nClose", "created_at": "Wed Sep 26 10:47:29 +0000 2012"}, {"text": "Michelle Obama: Tell Barack to honor his campaign promise to label GMOs http://t.co/RG118nyg @signon", "created_at": "Wed Sep 26 17:59:08 +0000 2012"}, {"text": "Hershey's reformulates ingredients 2 comply w/Euro ban on GMO. USA keeps getting GMO cuz we don't like big govt. http://t.co/bwqIYKs6", "created_at": "Wed Sep 26 20:46:13 +0000 2012"}, {"text": "'Bitter Seeds': The Effect of GMOs on India's Farmers | Labeling | Katherine Leiner http://t.co/w3RdCrsb", "created_at": "Wed Sep 26 20:05:20 +0000 2012"}, {"text": "The top 10 breakfast cereals most likely to contain Monsanto's GMO corn http://t.co/aYr3Lcyk via @HealthRanger", "created_at": "Wed Sep 26 21:06:16 +0000 2012"}, {"text": "@mcdonalds i'll take an extra large GMO corn syrup shake w/ side of pink slime - oh &amp; tell birdie she can sit on my face any time!", "created_at": "Wed Sep 26 21:19:57 +0000 2012"}, {"text": "Whole Foods knowingly engages in massive GMO deception, says undercover video by 'Organic Spies' http://t.co/dm2kjyWJ via @HealthRanger", "created_at": "Thu Sep 27 05:30:10 +0000 2012"}, {"text": "GMO corn dominated by organic beet. #BeetsOnBitter http://t.co/k42m3YqJ", "created_at": "Thu Sep 27 05:40:08 +0000 2012"}, {"text": "Shock findings in new GMO study: Rats fed lifetime of GM corn grow horrifying ...: The study has been deemed \"th... http://t.co/uCIuWZIP", "created_at": "Wed Sep 26 14:40:02 +0000 2012"}, {"text": "News Roundup: GMO Edition http://t.co/puGhqIi5", "created_at": "Wed Sep 26 15:23:12 +0000 2012"}, {"text": "These Celebs Want GMOs Labeled: We've mentioned the $25 million-plus that a handful of pesticide and processed f... http://t.co/57BQ685c", "created_at": "Wed Sep 26 18:55:15 +0000 2012"}, {"text": "@JamesDiGioia Like, choosing NOT to eat GMO foods? :-)", "created_at": "Wed Sep 26 18:11:26 +0000 2012"}, {"text": "Monsanto's GMOs cause tumors, birth defects, miscarriages, leaky gut, irritable bowel syndrome. Where are the FDA warnings? .@OFA_OH", "created_at": "Wed Sep 26 18:56:24 +0000 2012"}, {"text": "Tell grocery store CEOs to reject GMO apples before they hit the shelves http://t.co/RH4dG2J7 @CREDOMobile #p2", "created_at": "Wed Sep 26 23:21:09 +0000 2012"}, {"text": "gmo \uc548\uc4f0\ub294 \ud68c\uc0ac - \ud480\ubb34\uc6d0, \uc0d8\ud45c, \uc0bc\uc721\uc2dd\ud488, \ub9e4\uc77c\uc720\uc5c5, \uc6c5\uc9c4\uc2dd\ud488, \uad11\ub3d9\uc81c\uc57d.\ub3d9\uc591\ud478\ub4dc.\ub9c8\ub974\ucf54.\ub9e4\uc77c\uc720\uc5c5.\uc8fc\uc2dd\ud68c\uc0ac \uba74\uc0ac\ub791", "created_at": "Wed Sep 26 19:28:36 +0000 2012"}, {"text": "Hmmm, even the Russians won't eat GMO corn, why are we subject to non-labeled GMO food!!! http://t.co/K9UHhwY4", "created_at": "Thu Sep 27 02:53:00 +0000 2012"}, {"text": "GMO Scientists Claims Sterility Side Effects Good For Earth http://t.co/ElQEPBfi\n via @kr3at headlines", "created_at": "Wed Sep 26 11:55:12 +0000 2012"}, {"text": "Russia halts imports of GMO corn after cancer study http://t.co/wUiTQkME via @Salon", "created_at": "Wed Sep 26 13:54:37 +0000 2012"}, {"text": "Cute and clever cartoon series on GMOs and Monsanto by one of our fans from France, check it out! http://t.co/LuG0PQlZ", "created_at": "Wed Sep 26 13:39:28 +0000 2012"}, {"text": "Alternative Health: STOP Monsanto from sneaking GMO food into California http://t.co/gMWxNi0Y", "created_at": "Mon Sep 03 00:11:32 +0000 2012"}, {"text": "@glynmoody We don't want GMOs &amp; we don't want crops whose only use is biofuel production.", "created_at": "Sun Sep 02 12:39:30 +0000 2012"}, {"text": "@Moon_Shadows @therealroseanne GMOs have been around for about 30 years, not so new, but recently discovered by the masses.", "created_at": "Sun Sep 02 17:31:06 +0000 2012"}, {"text": "TeamBackPack Cypher | Gmo x Catalyst x Esque | http://t.co/2ZsSY9Z0 via @youtube check him out @g_mo_skee", "created_at": "Sun Sep 02 20:21:20 +0000 2012"}, {"text": "@Glenn_Howerton I heard prop 37 wudnt make them label meat, is that true? So many GMOs related to meat consumption!", "created_at": "Sun Sep 02 19:18:37 +0000 2012"}, {"text": "minggu dpn lu k kls, gw gmo tao :p \u201c@GabriellaSBiebs: @melo_keroppi yaah pntess\u201d", "created_at": "Sun Sep 02 08:59:41 +0000 2012"}, {"text": "Selena Pollok liked Honest And Truly!: How To Reverse The Effects Of GMO Foods: And once again, this is definitely a\u2026 http://t.co/O9ciy9oA", "created_at": "Mon Sep 03 04:31:15 +0000 2012"}, {"text": "THE LAST BEEKEEPER: Dissapearing Bees Since Introduction Of GMO Biotechnology, Nanotechnology, And H.A.A.R.P. Related http://t.co/Scpu9XLg", "created_at": "Mon Sep 03 04:50:38 +0000 2012"}, {"text": "http://t.co/0PdoGLVB Characterization of the stress-inducible OsNCED3 promoter in different transgenic rice organs... http://t.co/t37Pe4Xl", "created_at": "Thu Sep 27 22:52:33 +0000 2012"}, {"text": "Russia Bans Use and Import of Monsanto\u2019s GMO Corn Following Study | NationofChange http://t.co/xpzjT5Sg via @nationofchange", "created_at": "Thu Sep 27 16:27:30 +0000 2012"}, {"text": "Michelle Obama: Tell Barack to honor his campaign promise to label GMOs http://t.co/FG7Wje03 @signon", "created_at": "Thu Sep 27 16:18:32 +0000 2012"}, {"text": "Michelle Obama: Tell Barack to honor his campaign promise to label GMOs http://t.co/QYmFJhvz @signon", "created_at": "Fri Sep 28 00:19:30 +0000 2012"}, {"text": "GMOs (genetically modified food) The dangers of GMOs: Genetic Roulette (trailer) http://t.co/3SCBGiaU via @sharethis", "created_at": "Thu Sep 27 07:01:19 +0000 2012"}, {"text": "It's Time To Wake Up America to Your Favourite Breakfast Cereal of GMO Cocktail &amp; Health... http://t.co/y6TuaoBE", "created_at": "Thu Sep 27 10:22:57 +0000 2012"}, {"text": "Russia bans all GM corn imports; EU may also ban Monsanto GMO in wake of shocking cancer findings http://t.co/1OM80ZU0", "created_at": "Thu Sep 27 17:30:14 +0000 2012"}, {"text": "Tell Vilsack to Stop Rubberstamping GMO crops! http://t.co/spJIPQbL @food_democracy Please RT #GMOs", "created_at": "Thu Sep 27 17:42:21 +0000 2012"}, {"text": "The Top 10 Breakfast Cereals Most Likely to Contain Monsanto's GMO Corn http://t.co/u0zBIoma", "created_at": "Thu Sep 27 17:45:28 +0000 2012"}, {"text": "GMO http://t.co/4n3jq1go", "created_at": "Thu Sep 27 17:03:56 +0000 2012"}, {"text": "Russia Bans Use and Import of Monsanto\u2019s GMO Corn Following Study | NationofChange http://t.co/93JGy7eG via @nationofchange", "created_at": "Thu Sep 27 21:53:09 +0000 2012"}, {"text": "I thought we were supposed to beat Russia!  Russia banns GMO corn first! http://t.co/6LFSwxpS", "created_at": "Thu Sep 27 21:56:07 +0000 2012"}, {"text": "GMO and Monsanto http://t.co/vdnNzeAQ", "created_at": "Fri Sep 28 05:30:21 +0000 2012"}, {"text": "Eight-year-old girl battles ovarian cancer before ever hitting puberty: Are vaccines, hormones, and GMOs to blame? http://t.co/PGF4YWmd", "created_at": "Fri Sep 28 05:00:06 +0000 2012"}, {"text": "andybellatti: I think Prop 37 will pass. But, even if it doesn't, GMO labeling is a hot topic. Expect similar propos... http://t.co/JUL2mBzE", "created_at": "Thu Sep 27 14:28:35 +0000 2012"}, {"text": "The top 10 breakfast cereals most likely to contain Monsanto's GMO corn http://t.co/Tt92sEJw #noGMO #healthyliving", "created_at": "Thu Sep 27 15:55:08 +0000 2012"}, {"text": "Russia bans all GM corn imports; EU may also ban Monsanto GMO in wake of shocking cancer findings http://t.co/AsqXhRPN via @HealthRanger", "created_at": "Thu Sep 27 15:58:29 +0000 2012"}, {"text": "Russia bans all GM corn imports; EU may also ban Monsanto GMO in wake of shocking cancer findings http://t.co/aIlecUKK via @HealthRanger", "created_at": "Thu Sep 27 18:29:14 +0000 2012"}, {"text": "Michelle Obama: Tell Barack to honor his campaign promise to label GMOs http://t.co/fPZHCQYF @signon", "created_at": "Thu Sep 27 23:34:52 +0000 2012"}, {"text": "Whole Foods knowingly engages in massive GMO deception, says undercover video by 'Organic Spies'\n\n  http://t.co/yb2gInTr", "created_at": "Thu Sep 27 23:52:41 +0000 2012"}, {"text": "Russia Bans Use and Import of Monsanto's GMO Corn Following Study http://t.co/KS1N8ARN", "created_at": "Thu Sep 27 19:39:29 +0000 2012"}, {"text": "DOKAZANO: KANCEROGENA GMO HRANA!!! Kona\u010dno postoji i nau\u010dni dokaz!: http://t.co/nEp9b1yw via @youtube", "created_at": "Thu Sep 27 06:29:19 +0000 2012"}, {"text": "Kucinich Calls Out Monsanto: Americans Demand GMO Labeling http://t.co/wLOVyKHQ", "created_at": "Thu Sep 27 06:44:40 +0000 2012"}, {"text": "GMOs aren't safe: Exposing the \"experts\" who attacked Seralini's study - @GMWatch http://t.co/Fn3kTQQk #LabelGMOs #YesOn37 #CARightToKnow", "created_at": "Fri Sep 28 02:12:51 +0000 2012"}, {"text": "Russia bans all GM corn imports; EU may also ban Monsanto GMO in wake of shocking cancer findings... http://t.co/Vq4vk3AV", "created_at": "Thu Sep 27 11:16:24 +0000 2012"}, {"text": "Monsanto Flips Stance on GMO Labeling http://t.co/Wwj8d1A0", "created_at": "Thu Sep 27 13:07:53 +0000 2012"}, {"text": "Having the food supply changed out from under us with the introduction of GMOs was and is an act of cruelty", "created_at": "Thu Sep 27 13:57:56 +0000 2012"}, {"text": "The top 10 breakfast cereals most likely to contain Monsanto's GMO corn http://t.co/naZMj8VM via @HealthRanger", "created_at": "Fri Sep 28 04:40:29 +0000 2012"}, {"text": "If you are going to eat anything with corn in it ......like Tortillas Chips, BUY NON GMO ONLY!!!!!  Otherwise,... http://t.co/aOZNkbeu", "created_at": "Thu Sep 20 16:10:33 +0000 2012"}, {"text": "The FIRST long-term study of GMO corn and RoundUp has been completed - mammary tumors, liver &amp; kidney damage.... http://t.co/TZzbmoY0", "created_at": "Thu Sep 20 16:09:35 +0000 2012"}, {"text": "Is Pinotage a GMO grape?  Playboy seems to think so.  It's Playboy Pinotage for Monsters http://t.co/6VkCQMln", "created_at": "Thu Sep 20 16:13:05 +0000 2012"}, {"text": "New GMO study: Rats fed lifetime of GM corn grow horrifying tumors, 70% of females die early http://t.co/dNJypwXW via @HealthRanger", "created_at": "Thu Sep 20 12:59:37 +0000 2012"}, {"text": "A must read and RT #gardenchat RT @Discovery_News: GMO Corn Causes Tumors? http://t.co/qz3KGgNi", "created_at": "Thu Sep 20 17:08:31 +0000 2012"}, {"text": "French Study Finds Massive Tumors And Organ Damage in Rats Fed GMOs    http://t.co/eXzZL854 via @laist Thank you, Monsanto.", "created_at": "Thu Sep 20 17:51:39 +0000 2012"}, {"text": "GMO Corn Causes Tumors? http://t.co/cOG79Kyl\n\nWe still don't know, but I knew Roundup was behind it. #roundupproblems", "created_at": "Thu Sep 20 17:39:39 +0000 2012"}, {"text": "@LeePapabun gw mau makan ifu mie, mau makan bubur ayam, mau makan mpek2, mau makan sate ama gule kambing. HARUS! GMO TAU! (  \u02d8\u0361 -\u02d8\u0361)", "created_at": "Thu Sep 20 17:13:39 +0000 2012"}, {"text": "With all the postings we've made regarding companies who use GMO products, we thought some of you might be... http://t.co/YbAIeLmx", "created_at": "Thu Sep 20 20:11:12 +0000 2012"}, {"text": "Shock findings in new GMO study. #stopmonsanto #timeforchange http://t.co/cAJciE1Q via @HealthRanger", "created_at": "Thu Sep 20 20:44:27 +0000 2012"}, {"text": "Kucinich Calls Out Monsanto: Americans Demand GMO Labeling | NationofChange http://t.co/KGM99a3R via @nationofchange", "created_at": "Thu Sep 20 21:12:47 +0000 2012"}, {"text": "The GMO debate is over; GM crops must be immediately outlawed; Monsanto halted from threatening huma http://t.co/LMo6YH64", "created_at": "Fri Sep 21 05:43:38 +0000 2012"}, {"text": "Did GMO corn give these mice giant tumors?  http://t.co/MdjuT2Dt", "created_at": "Thu Sep 20 14:55:26 +0000 2012"}, {"text": "Watch the ad that exposes false science throughout history: Tobacco, DDT, GMOs http://t.co/gERlmf7V via @HealthRanger", "created_at": "Thu Sep 20 14:04:29 +0000 2012"}, {"text": "New GMO study: Rats fed lifetime of GM corn grow horrifying tumors, 70% of females die early http://t.co/wbTNKmCH via @HealthRanger", "created_at": "Thu Sep 20 15:12:27 +0000 2012"}, {"text": "As the debate rages over Monsanto's genetically-modified corn causing tumors in rats, we want to let you know... http://t.co/AsaIbdZJ", "created_at": "Thu Sep 20 18:59:31 +0000 2012"}, {"text": "Why the First Ever Long Term Study on GMO Foods Should Have You Worried http://t.co/FOkrpzsE", "created_at": "Thu Sep 20 18:59:41 +0000 2012"}, {"text": "Seed Savers Unite Next Month For Swap in Whittier: As news continues to surface about the risk of GMOs and... http://t.co/fYa27qXB", "created_at": "Thu Sep 20 23:16:02 +0000 2012"}, {"text": "GMO NO!: http://t.co/zEqWwlW4 via @youtube", "created_at": "Thu Sep 20 23:03:52 +0000 2012"}, {"text": "Kucinich Calls Out #Monsanto: Americans Demand GMO Labeling: http://t.co/sZzG34K4 via @youtube More Americans need to know about this!", "created_at": "Thu Sep 20 23:17:30 +0000 2012"}, {"text": "GMO JUST SAY NO !!! Consciousness Beyond Chemtrails - Jeffrey M Smith on GMO's - FULL HD: http://t.co/Ryf2FqQC via @youtube", "created_at": "Thu Sep 20 19:49:46 +0000 2012"}, {"text": "\"@Kookies_ndCream: Got out the shower walking around with a towel on jermika gmo said \"you DNT never have no clothes on\" lmao how rude!\"lol", "created_at": "Fri Sep 21 02:47:18 +0000 2012"}, {"text": "\"@RawStory: France orders probe after study links genetically-modified corn to cancer http://t.co/XgRC4vwU #Monsanto\" #healthprecaution", "created_at": "Thu Sep 20 13:25:14 +0000 2012"}, {"text": "And this in the wake of Ireland trialling GMO Potatoes in the last few months.... http://t.co/y52av1ze", "created_at": "Thu Sep 20 13:41:16 +0000 2012"}, {"text": "Why are people complaining about Canada Geese that are being poisoned along with other wildlife by toxic GMO corn. #cdnpoli #Deer #Racoons", "created_at": "Fri Sep 21 01:35:11 +0000 2012"}, {"text": "Kucinich Calls Out Monsanto: Americans Demand GMO Labeling\nDennis Kucinich, Video Feature: Dennis Kucinich, Ohio... http://t.co/W1iB7rdy", "created_at": "Fri Sep 21 01:28:17 +0000 2012"}, {"text": "Kucinich Calls Out Monsanto: Americans Demand GMO Labeling - http://t.co/ldt0vfSf via http://t.co/N1kqimEh", "created_at": "Fri Sep 21 01:00:03 +0000 2012"}, {"text": "Organic Bytes #347: Toxic GMOs and Preserving Organic Standards http://t.co/ybIaJfYf via @organicconsumers", "created_at": "Fri Sep 21 22:41:29 +0000 2012"}, {"text": "Don't forget that all of the old GMO DESTROYER music is still available for free at the website! Well over 100,000 downloads", "created_at": "Fri Sep 21 22:39:45 +0000 2012"}, {"text": "Michelle Obama: Tell Barack to honor his campaign promise to label GMOs http://t.co/3amKAn9m @signon", "created_at": "Sat Sep 22 00:15:19 +0000 2012"}, {"text": "The GMO debate is over; GM crops must be immediately outlawed; Monsanto halted from threatening humanity -... http://t.co/1nKGZ09c", "created_at": "Sat Sep 22 00:10:11 +0000 2012"}, {"text": "Shock findings in GMO study: Rats fed lifetime of GM corn grow horrifying tumors,70% of females die early http://t.co/nGQw1xt4 @HealthRanger", "created_at": "Fri Sep 21 09:33:44 +0000 2012"}, {"text": "What to Make of the Scary GMO Study?... http://t.co/NSmZPDUN", "created_at": "Fri Sep 21 12:04:24 +0000 2012"}, {"text": "\"Genetic Roulette\" documentary shatters the myth of GMO safety -- for a few days only, watch it for free \n\n\nLearn... http://t.co/bEqJoxJE", "created_at": "Fri Sep 21 10:15:05 +0000 2012"}, {"text": "The GMO debate is over; GM crops must be immediately outlawed; Monsanto halted from threatening huma http://t.co/A4DVWVc1", "created_at": "Fri Sep 21 10:20:18 +0000 2012"}, {"text": "Exposure to GMO corn or the weedkiller Roundup can cause early death, breast cancer and kidney and liver damage. http://t.co/MP6J5RE1", "created_at": "Fri Sep 21 10:03:25 +0000 2012"}, {"text": "#NEWS - Natural Products Association allows GMOs in its Certified Natural Products http://t.co/VvPAh86U", "created_at": "Fri Sep 21 10:05:11 +0000 2012"}, {"text": "The GMO industry doesn't yet know they've lost. They're desperately spending millions of dollars to try to defeat... http://t.co/EBhgJXDM", "created_at": "Fri Sep 21 20:23:29 +0000 2012"}, {"text": "http://t.co/HnNIF5Jt The Californian \u2018Right to Know\u2019 campaign in support of GMO labels set for November.  So what for food manufacturers?", "created_at": "Fri Sep 21 20:03:19 +0000 2012"}, {"text": "@RegsRock And what is even worse, many who have GMO tainted food allergies CAN only eat rice #Foodsafety #Yeson37 #FDA #regulations", "created_at": "Fri Sep 21 21:04:13 +0000 2012"}, {"text": "Tell grocery store CEOs to reject GMO apples before they hit the shelves http://t.co/gDov5EHg @CREDOMobile #p2", "created_at": "Fri Sep 21 21:18:34 +0000 2012"}, {"text": "Tell grocery store CEOs to reject GMO apples before they hit the shelves http://t.co/dXkU6lGG @CREDOMobile #p2", "created_at": "Fri Sep 21 14:34:47 +0000 2012"}, {"text": "The GMO Population Cull \u2022 Getting Away With Murder http://t.co/K48d1CAH #news #gmo #depopulation #monsanto #dupont #cargill #nwo #illuminati", "created_at": "Fri Sep 21 14:20:26 +0000 2012"}, {"text": "French Study Finds Massive Tumors And Organ Damage in Rats Fed GMOs    http://t.co/quxMm990 via @laist", "created_at": "Fri Sep 21 14:06:18 +0000 2012"}, {"text": "\"Genetic Roulette\" documentary shatters the myth of GMO safety -- for a few days only, watch it for free http://t.co/yJ8btaEt", "created_at": "Fri Sep 21 18:40:57 +0000 2012"}, {"text": "Monsanto Apologists Attempt to Spin Shocking GMO Study http://t.co/368KO764", "created_at": "Fri Sep 21 11:59:46 +0000 2012"}, {"text": "http://t.co/wd2RhyT6 Forbes Magazine - Monsanto's shill, whose GMO corn causes cancer, and the paid off \"scientists\" who defend biogenocide.", "created_at": "Fri Sep 21 13:43:36 +0000 2012"}, {"text": "Monsanto Apologists Attempt to Spin Shocking GMO Study - http://t.co/YfTW36sl", "created_at": "Fri Sep 21 13:01:09 +0000 2012"}, {"text": "The GMO debate is over; GM crops must be immediately outlawed; Monsanto halted from threatening humanity - http://t.co/S3Zn1Ucj", "created_at": "Fri Sep 21 13:36:54 +0000 2012"}, {"text": "Wtf does GMO mean", "created_at": "Wed Sep 05 16:05:38 +0000 2012"}, {"text": "Michelle Obama: Tell Barack to honor his campaign promise to label GMOs http://t.co/4l6K027L @signon", "created_at": "Thu Sep 06 00:57:46 +0000 2012"}, {"text": "Brazil court rules that Nestle must label transgenic ingredients and\nGMOs written on the label http://t.co/o56PEetR #stopmonsanto #labelGMOs", "created_at": "Wed Sep 05 20:39:40 +0000 2012"}, {"text": "#NEWS - 'No on 37' campaign against GMO labeling exposed as complete fraud http://t.co/PbEKkBVi", "created_at": "Wed Sep 05 21:24:41 +0000 2012"}, {"text": "@halleyrebecca GMo is surely a fearsome beast.", "created_at": "Thu Sep 06 05:34:45 +0000 2012"}, {"text": "Survival Vegetable Seeds Non Hybrid NO GMO Heirloom: Survival Seeds Non Hybrid Seeds Packed in a heat sealed Myl... http://t.co/7SWUUIBQ", "created_at": "Wed Sep 05 14:38:22 +0000 2012"}, {"text": "Unite America Mr President .@BarackObama Let's Move on GMO labeling! http://t.co/Kt1WQxIS @food_democracy Please RT", "created_at": "Wed Sep 05 15:03:46 +0000 2012"}, {"text": "Because GMOs and pesticides are so healthy, right? RT @marionnestle: Are organics more nutritious? Again? Sigh. http://t.co/PQpgTnei", "created_at": "Wed Sep 05 15:19:17 +0000 2012"}, {"text": "Flawed organic foods study really just a media psyop to confuse the public about organics pushing GMOs http://t.co/RuKWqxz0 @azulayromond", "created_at": "Wed Sep 05 19:51:08 +0000 2012"}, {"text": "@ChuckNoyes LET THEM EAT GMO", "created_at": "Wed Sep 05 19:04:43 +0000 2012"}, {"text": "7 myths about California Proposition 37 and GMO labeling dispelled. http://t.co/Xw88iJio", "created_at": "Sun Sep 30 16:55:43 +0000 2012"}, {"text": "The top 10 breakfast cereals most likely to contain Monsanto's GMO corn http://t.co/7sPVNz2U via @HealthRanger", "created_at": "Sun Sep 30 09:26:10 +0000 2012"}, {"text": "Shock findings in new GMO study: Rats fed lifetime of GM corn grow horrifying tumors, 70% of females die early http://t.co/nNNmjwxt", "created_at": "Sun Sep 30 17:53:05 +0000 2012"}, {"text": "@da13thsun 1st thin i thought was YES Mama nature stopin them from destroyin her&amp;us.. then i thought they gona poision gmo food more now to", "created_at": "Sun Sep 30 21:30:21 +0000 2012"}, {"text": "19 Studies Suggest Link Between GMO Foods and Serious Organ Damage http://t.co/XrQZDjXX via @organicauthrit", "created_at": "Sun Sep 30 21:03:28 +0000 2012"}, {"text": "Monsanto invests large sums of money in Universities to influence GMO studies. http://t.co/83q7vu0h", "created_at": "Mon Oct 01 05:28:11 +0000 2012"}, {"text": "What The Government Doesn't Want You To Know About GMO http://t.co/SXFrleQx", "created_at": "Sun Sep 30 14:05:14 +0000 2012"}, {"text": "GMO Glyphosphate Hurting Men, Women, Children And All Earth Inhabitants! Comatose Bug Spraying By Elitists http://t.co/vpyyAXOf", "created_at": "Sun Sep 30 23:29:23 +0000 2012"}, {"text": "@christiemelinda GMO", "created_at": "Sun Sep 30 08:24:47 +0000 2012"}, {"text": "The GMO labeling bill that's on the ballot in California, is polling 2-to-1 in favor of passing http://t.co/cQ7uqKF3\n\n\n\nhttp://t.co/cQ7uqKF3", "created_at": "Sun Sep 30 06:51:32 +0000 2012"}, {"text": "For anyone who scrutinized the latest GMO study conducted by French researchers. GMO's are shit. End of Story.... http://t.co/9tQJ1fib", "created_at": "Sun Sep 30 06:13:37 +0000 2012"}, {"text": "Michelle Obama: Tell Barack to honor his campaign promise to label GMOs http://t.co/NYHtPrC6 @signon", "created_at": "Mon Oct 01 01:11:01 +0000 2012"}, {"text": "Know who's fighting to keep GMOs from being labelled (i.e. keep consumers in the dark, and keep pushing GMO foods... http://t.co/iMiwNJvw", "created_at": "Fri Sep 07 22:49:26 +0000 2012"}, {"text": "If Organic is Bad &amp; GMOs are Good, Shouldn't They Be Proud to Label Them? http://t.co/FHjLhxjt", "created_at": "Sat Sep 08 05:32:03 +0000 2012"}, {"text": "RT @naturespath: 5 great tips from the Non-GMO Project to keep the GMOs out of your lunchboxes! ~Jessica http://t.co/e3pQftO2", "created_at": "Fri Sep 07 14:55:04 +0000 2012"}, {"text": "There they go again, WalMart selling GMO Monsanto Foods, unlabeled: http://t.co/VRlbBdov #PesticideFood #Walmart", "created_at": "Fri Sep 07 19:34:09 +0000 2012"}, {"text": "Tell Whole Foods and Trader Joe's to support labelling of GMO food: http://t.co/3gf4UghQ (v/ @Sum_Of_Us)", "created_at": "Sat Sep 08 01:54:52 +0000 2012"}, {"text": "I just dropped the Money Bomb against Monsanto https://t.co/lpTMjGcq It's time 2 Label GMOs @food_democracy Please RT", "created_at": "Wed Sep 19 16:22:34 +0000 2012"}, {"text": "@BenR95 gmo hi u ok", "created_at": "Wed Sep 19 16:57:05 +0000 2012"}, {"text": "Kucinich Calls Out Monsanto: Americans Demand GMO Labeling http://t.co/8STwlx9P", "created_at": "Thu Sep 20 00:35:22 +0000 2012"}, {"text": "New study about health effect of GMO food:... http://t.co/vZ3ENWGY", "created_at": "Thu Sep 20 00:11:20 +0000 2012"}, {"text": "France Maintains Key Ban on Monsanto\u2019s GMO Maize Crops http://t.co/qWM5v9NA", "created_at": "Thu Sep 20 00:52:22 +0000 2012"}, {"text": "Monsanto and Co push $5.5 million more against GMO labeling http://t.co/AhlxQaen", "created_at": "Wed Sep 19 07:24:39 +0000 2012"}, {"text": "Shocking findings in new GMO study: Rats fed lifetime of GM corn grow horrifying tumors, 70% of females die early http://t.co/mycVeAdY", "created_at": "Wed Sep 19 17:04:04 +0000 2012"}, {"text": "De Stortplaats: gmo mais blijkt zeer effektief als rattengif!: In Frankrijk is in het diepste geheim 2 jaar lang... http://t.co/5XXPHkBh", "created_at": "Wed Sep 19 20:34:03 +0000 2012"}, {"text": "Learn more and take three steps to get GMOs out of your food: http://t.co/kliGMKt1 http://t.co/WbHw8ula", "created_at": "Wed Sep 19 20:14:36 +0000 2012"}, {"text": "Michelle Obama: Tell Barack to honor his campaign promise to label GMOs http://t.co/el6bZERy @signon", "created_at": "Wed Sep 19 20:47:43 +0000 2012"}, {"text": "Shocking findings in new GMO study: Rats fed lifetime of GM corn grow horrifying tumors, 70% of females die early http://t.co/RKVDADJa", "created_at": "Wed Sep 19 20:36:22 +0000 2012"}, {"text": "France orders probe after study links genetically-modified corn to cancer http://t.co/xPo7B1SE", "created_at": "Wed Sep 19 20:50:04 +0000 2012"}, {"text": "Watch the ad that exposes false science throughout history: Tobacco, DDT, GMOs http://t.co/ZnndBTF3 http://t.co/pgXNNEGy", "created_at": "Thu Sep 20 05:29:40 +0000 2012"}, {"text": "GMO Linked To SIDS In Infants, Demise of the Human Condition and Monarch Butterfly Decline in the West USA http://t.co/C92QNzXK", "created_at": "Wed Sep 19 14:25:58 +0000 2012"}, {"text": "What exactly are GMOs and why should they be labeled? http://t.co/cdT3xTZH via @HealthRanger", "created_at": "Wed Sep 19 14:41:44 +0000 2012"}, {"text": "GM Contamination Register \u2013 Track Worldwide GMO Contamination! http://t.co/DdmdRQ7d", "created_at": "Wed Sep 19 14:21:20 +0000 2012"}, {"text": "Michelle Obama: Tell Barack to honor his campaign promise to label GMOs http://t.co/gklZg71s @signon", "created_at": "Wed Sep 19 15:29:11 +0000 2012"}, {"text": "What exactly are GMOs and why should they be labeled? http://t.co/o5m12ye4 via @HealthRanger", "created_at": "Wed Sep 19 18:51:33 +0000 2012"}, {"text": "This is scary information. What is GMO doing to our bodies? Thank you AltHealthWORKS for sharing this to keep us... http://t.co/qQj6uAKQ", "created_at": "Wed Sep 19 18:31:59 +0000 2012"}, {"text": "Michelle Obama: Tell @BarackObama to honor his promise to label GMOs http://t.co/t8Gf3P5x @signon @GMWatch @gmo917 #occupy #monsanto #prop37", "created_at": "Wed Sep 19 18:47:49 +0000 2012"}, {"text": "This GMO thing is some serious sh**! http://t.co/bOPxpjb4 @HealthRanger", "created_at": "Wed Sep 19 23:42:47 +0000 2012"}, {"text": "Schokkende resultaten bij \u00e9\u00e9rste langdurige studie van met GMO gevoerde ratten http://t.co/XcnfAMkO #nieuws", "created_at": "Wed Sep 19 23:04:38 +0000 2012"}, {"text": "Following the study linking GMOs to tumors and organ damage today, France now launching large investigation into GMOs http://t.co/wzDB4LQJ", "created_at": "Wed Sep 19 23:25:29 +0000 2012"}, {"text": "@ejmalard just been busy... I mean um, I was on a mission for the French Foreign Legion. Avoid the GMO Cornhole...", "created_at": "Wed Sep 19 23:29:47 +0000 2012"}, {"text": "19 Studies Suggest Link Between GMO Foods and Serious Organ Damage http://t.co/bcpmWYCO via @organicauthrit", "created_at": "Thu Sep 20 02:38:44 +0000 2012"}, {"text": "Trying to figure out what to vote on that GMO thing coming up soon? Check this info out! Make your own decision. http://t.co/NmFO6s3D", "created_at": "Thu Sep 20 03:38:01 +0000 2012"}, {"text": "Transgenic corn yields #biotech drug for #raredisease http://t.co/XGeMW07Z", "created_at": "Wed Sep 19 11:35:57 +0000 2012"}, {"text": "What exactly are GMOs and why should they be labeled? http://t.co/LTrSyfcK", "created_at": "Wed Sep 19 11:46:02 +0000 2012"}, {"text": "@pigoftheday @mychefathome @teagasc @Bordbia The consumer has a choice in what they buy but farmers decide if it's GMO or not", "created_at": "Wed Sep 19 13:53:05 +0000 2012"}, {"text": "@yayayarndiva US info lags way behind. This is from 2010 &gt;&gt; Monsanto's GMO Corn Linked To Organ Failure, Study Reveals  http://t.co/PNsJKhqS", "created_at": "Thu Sep 20 01:42:25 +0000 2012"}, {"text": "Shocking findings in new GMO study: Rats fed lifetime of GM corn grow horrifying tumors, 70% of fem.. http://t.co/FMsYuCRc via @HealthRanger", "created_at": "Thu Sep 20 01:45:21 +0000 2012"}, {"text": "@coupongeek  New GMO study: Rats fed lifetime of GM corn grow tumors, 70% of females die early http://t.co/qraqRnf0", "created_at": "Thu Sep 20 01:56:29 +0000 2012"}, {"text": "Outrageous...deplorable...sickening \"@NonGMOProject: Chinese children used in US-backed GMO food trial http://t.co/RecobyVy\"", "created_at": "Thu Sep 20 04:16:57 +0000 2012"}, {"text": "Do you know why these companies don't want GMO disclosed? I do. They own companies that mascarade as healthy... http://t.co/JKLhI29N", "created_at": "Thu Sep 20 04:46:21 +0000 2012"}, {"text": "@Queen4ever7 @MaryBaba23 well, they tried to GMO wheat but were unsuccessful .  many things are not great but GMO is a killer", "created_at": "Sun Sep 23 00:57:08 +0000 2012"}, {"text": "The GMO debate is over;GM crops must be immediately outlawed;Monsanto halted from threatening humanity. http://t.co/DNrFq1aN via @myscience1", "created_at": "Sun Sep 23 00:29:49 +0000 2012"}, {"text": "Significant Alzheimer\u2019s Results in Transgenic Mice Using a Natural Medicine Cocktail: Currently, over 5.2 millio... http://t.co/lX8PcsWf", "created_at": "Sat Sep 22 12:48:34 +0000 2012"}, {"text": "Tell grocery store CEOs to reject GMO apples before they hit the shelves http://t.co/b9T0SgZD @CREDOMobile #p2", "created_at": "Sat Sep 22 20:27:32 +0000 2012"}, {"text": "Want Monsato to label all GMO products in the U.S so i know what foods to avoid.", "created_at": "Sat Sep 22 20:24:07 +0000 2012"}, {"text": "@GhanaDecides I certainly will. We need to halt the GMO assault on our soil", "created_at": "Sat Sep 22 21:54:02 +0000 2012"}, {"text": "#health #life | The evil of Monsanto and GMOs explained: Bad technology, endless greed and the... http://t.co/KXDCbLZC | @honeybunboutiq", "created_at": "Sun Sep 23 05:21:56 +0000 2012"}, {"text": "Roundup 'study' set out to 'prove' that GMOs are dangerous and willfully misused statistics to get the desired result.\nhttp://t.co/mXLuWZ0s", "created_at": "Sat Sep 22 14:06:50 +0000 2012"}, {"text": "Rats fed entirely a GMO corn diet die young with gross tumors. Read this study, complete with photos. http://t.co/wTjvvajq", "created_at": "Sat Sep 22 14:00:53 +0000 2012"}, {"text": "GMOs Cause Cancer French Study Shows Horrific Result of GMO Consumption.", "created_at": "Sat Sep 22 15:04:29 +0000 2012"}, {"text": "PHB Production in Transgenic A. thaliana Seeds: \n\n\n\n\n\nThe increasing use of plastics by... http://t.co/JolygBzg", "created_at": "Sat Sep 22 15:29:36 +0000 2012"}, {"text": "@Boss_Stafa all food its already being done meat is gmo fruits is gmo veggies is gmo organic stuff is the way to go trust bruh i been on it", "created_at": "Sat Sep 22 15:16:00 +0000 2012"}, {"text": "take the time to watch this documentary on GMO foods.  about half way through.  very interesting and... http://t.co/bNyHmtC0", "created_at": "Sat Sep 22 18:45:56 +0000 2012"}, {"text": "It took these researchers over a year to get Monsanto corn for their test ~ GMO ~ World ALERT http://t.co/NbSjgXsT via @youtube", "created_at": "Sat Sep 22 18:41:55 +0000 2012"}, {"text": "Avoid GMO - it's not natural meaning it can lead to a state of \"dis ease\" in the body. http://t.co/70rF1ccu", "created_at": "Sat Sep 22 08:11:03 +0000 2012"}, {"text": "France Launches Major Investigation Into GMOs Following Tumor Study: Following the release of a peer-reviewed pi... http://t.co/9v2o8cKW", "created_at": "Sat Sep 22 08:09:53 +0000 2012"}, {"text": "Just In...: Inflammatory Skin Disease in K5.hTGF-\u03b21 Transgenic Mice Is Not Dependent on the IL-23/Th17 Inflammatory... http://t.co/3EVLKl2R", "created_at": "Sun Sep 23 03:30:18 +0000 2012"}, {"text": "@GMKnowBoulder ummmm, yeah, they sell fewer pesticides to farmers raising GMO crops...but keep trying.", "created_at": "Sun Sep 23 03:17:13 +0000 2012"}, {"text": "@RobSchneider **Wouldn't they have to label EVERYTHING? I mean even pesticides have GMO components.", "created_at": "Sat Sep 22 11:57:47 +0000 2012"}, {"text": "Controversial Study on GMOs - http://t.co/t6R1QNGS http://t.co/VWIeWpgR", "created_at": "Sat Sep 22 11:13:31 +0000 2012"}, {"text": "Tell grocery store CEOs to reject GMO apples before they hit the shelves http://t.co/nlIKU5vc @CREDOMobile #p2", "created_at": "Sun Sep 23 01:33:21 +0000 2012"}]