[{"text": "For Him and My Family: GMO Free Giveaway Hop 2013 -Little Soya Gift Pack http://t.co/gS0MuzZz", "created_at": "Tue Jan 29 13:48:19 +0000 2013"}, {"text": "@Kalifornia__ GMO", "created_at": "Wed Jan 30 04:21:16 +0000 2013"}, {"text": "@TinyT_na as long as it wasn't a GMO made Monsanto", "created_at": "Wed Jan 30 06:51:09 +0000 2013"}, {"text": "....if you want to know more about GMO foods - please watch this  FREE  movie. http://t.co/vBC4N5lG", "created_at": "Tue Jan 29 21:21:24 +0000 2013"}, {"text": "Frito-Lay Faces Class Action Lawsuit for Using GMOs in Tostitos and Sun Chips http://t.co/q5ht9tSp via @livingmaxwell", "created_at": "Wed Jan 30 02:15:22 +0000 2013"}, {"text": "EU GMO Freeze - Slow Food Intl - Good, Clean &amp;Fair food. http://t.co/fVlGQ4Gm", "created_at": "Wed Jan 30 02:16:57 +0000 2013"}, {"text": "Scientists, authorities blatantly lied to public after study shows GMO corn's organ damage &amp; cancer http://t.co/EsK7FhVa via @HealthRanger", "created_at": "Tue Jan 29 08:11:37 +0000 2013"}, {"text": "Substantial equivalence\u2019\u2019 is risky. It is based on an\noversimplified understanding of transgenic modification. #NoGMOsalmon", "created_at": "Wed Jan 30 01:35:22 +0000 2013"}, {"text": "Enter to win an @AnniesHomegrown prize pack valued at $48 from Eco-Crazy Mom during the GMO Free 2013 #Giveaway Hop! http://t.co/d1FttZxF", "created_at": "Wed Jan 30 01:09:03 +0000 2013"}, {"text": "That\u2019s what you call GMO BHO! RT @suncrabgrits: #HillarysNextJob PreZ 2016 http://t.co/MBHhmxbM", "created_at": "Wed Jan 30 05:19:06 +0000 2013"}, {"text": "@homebasedmogul GMO Free Food http://t.co/jyCqABmG  . Best Health http://t.co/szitKHmt  Build Residual Income http://t.co/sEwZSQuQ", "created_at": "Tue Jan 29 19:21:36 +0000 2013"}, {"text": "A Wiki for GMO myths (still spread everyday by those claiming to be \"natural\u201c - http://t.co/txqUBHac", "created_at": "Tue Jan 29 20:54:31 +0000 2013"}, {"text": "#GreenLiving: Are Wal-Mart and Big Food Lobbying the FDA for a GMO Labeling Law? http://t.co/F0gUuBJq", "created_at": "Wed Jan 30 00:36:15 +0000 2013"}, {"text": "#GreenLiving: Are Wal-Mart and Big Food Lobbying the FDA for a GMO Labeling Law? http://t.co/CcJTupBj", "created_at": "Wed Jan 30 00:36:15 +0000 2013"}, {"text": "@AndyW_Mastering haha. Too right. You never know these days, eh? Pretty soon super foods might be GMOs that are ALL food groups in one. :(", "created_at": "Tue Jan 29 23:06:01 +0000 2013"}, {"text": "I take it you've failed to read the evidence that organic farming sustains more people. 250,000 suicides in India due to GMO @nik2045", "created_at": "Sun Jan 06 22:10:04 +0000 2013"}, {"text": "Leading Environmental Activist\u2019s Blunt Confession: I Was Completely Wrong To Oppose GMOs http://t.co/oGi5cXNV.  Honest pursuit of truth.", "created_at": "Sun Jan 06 14:25:41 +0000 2013"}, {"text": "ngayon ko lang tatapusin GMO namin... hahaha k", "created_at": "Sun Jan 06 11:16:59 +0000 2013"}, {"text": "Leading Environmental Activist\u2019s Blunt Confession: I Was Completely Wrong To Oppose GMOs http://t.co/O6Sfu2UL via @FutureTenseNow", "created_at": "Sun Jan 06 20:21:35 +0000 2013"}, {"text": "Human Genes Engineered Into Experimental GMO Rice Being Grown in Kansas   - http://t.co/zfadMMX6 http://t.co/zfadMMX6", "created_at": "Sun Jan 06 10:09:48 +0000 2013"}, {"text": "@earwulf no i oppose GMOs for known adverse health fx, failure to contain them from contaminating non-GMOs, &amp; lack of labels to allow choice", "created_at": "Sun Jan 06 15:16:49 +0000 2013"}, {"text": "@estyMinnie @Ableeehh @denotdeny GMO", "created_at": "Sun Jan 06 15:03:41 +0000 2013"}, {"text": "Vandana Shiva Compares GMOs to Rape http://t.co/X4AbPLLg", "created_at": "Sun Jan 06 09:22:52 +0000 2013"}, {"text": "\"Comprehensive List Of GMO Products\": http://t.co/mLeYNUdk", "created_at": "Sun Jan 06 23:58:52 +0000 2013"}, {"text": "Masses r either too drunk, drugged, worried about paying bills to care about GMO companies screwing them over &amp; damaging. so GMOs Cos do it", "created_at": "Wed Jan 23 21:19:22 +0000 2013"}, {"text": "Seven  ways GMO toxicity affects animals, plants and soil\n\nLearn more: http://t.co/Yfzg7qsB", "created_at": "Wed Jan 23 21:02:08 +0000 2013"}, {"text": "Seven ways GMO toxicity affects animals, plants and soil http://t.co/iihLZ7MN", "created_at": "Thu Jan 24 02:18:16 +0000 2013"}, {"text": "@MarielHemingway please join us at this GMO salmon awareness rally. thank you for your support on Prop 37! https://t.co/JqagIR0u", "created_at": "Thu Jan 24 01:42:41 +0000 2013"}, {"text": "EFSA Discovers Hidden Virus Gene in GMO Crops \u2013 Global Health Fears Spread! http://t.co/WvD4Eb4G", "created_at": "Thu Jan 24 01:29:50 +0000 2013"}, {"text": "Watching Toxic Gene Hidden In GMO Crops on http://t.co/9ervmDwG", "created_at": "Wed Jan 23 22:30:42 +0000 2013"}, {"text": "Seven ways GMO toxicity affects animals, plants and soil: (NaturalNews) In the aftermath of the defeat of Propos... http://t.co/2uSxv5oX", "created_at": "Wed Jan 23 22:33:49 +0000 2013"}, {"text": "Regulators Discover a Hidden Viral Gene in Commercial GMO Crops  http://t.co/baXn7fjf", "created_at": "Wed Jan 23 22:49:45 +0000 2013"}, {"text": "New Farm Bill Opens Monsanto Control of US Agriculture into GMO -  http://t.co/H01cKwCa #nogmo #StopMonsanto", "created_at": "Wed Jan 23 20:22:07 +0000 2013"}, {"text": "Clarifying #1 GMO myth: NOT identical to traditional hybridization, combine genes of DIFFERENT species - @NonGMOProject Pineau #SFSummits", "created_at": "Wed Jan 23 20:06:39 +0000 2013"}, {"text": "GMOs CAFOs Drug overuse r factors n rise n disease &amp; drug-resistant disease, cd trigger catastrophic national emergency #nogmo #StopMonsanto", "created_at": "Thu Jan 24 03:09:15 +0000 2013"}, {"text": "1907 corn = GMO free corn. :-) (@YouTube http://t.co/9KgkkWH3)", "created_at": "Fri Jan 11 13:00:13 +0000 2013"}, {"text": "Washington GMO Initiative Easily Clears Signatures Bar, Gets Strong Poll Support - http://t.co/1X94iUSl", "created_at": "Fri Jan 11 13:02:14 +0000 2013"}, {"text": "Are your health issues caused by what you eat? GMO labeling is needed! Eat organic foods &amp; have less issues. Try a toxin cleanse", "created_at": "Fri Jan 11 13:35:14 +0000 2013"}, {"text": "Opposing GMOs is comparable to being a climate skeptic: http://t.co/gc2hhNhY", "created_at": "Sat Jan 12 04:38:51 +0000 2013"}, {"text": "My ILs eat nothing local, organic or gmo free. Cheap conv fruit/veg and fac farmed meats. They are among the unhealthiest people I know.", "created_at": "Sat Jan 12 06:11:53 +0000 2013"}, {"text": "A very important insight into GMO foods, and govt. vs. private research. http://t.co/W89qWCWk", "created_at": "Fri Jan 11 18:54:01 +0000 2013"}, {"text": "Imported foods is a sure way not 2 eat GMO foods all the other countries R starting 2 ban GMO not the US tho smdh", "created_at": "Fri Jan 11 18:22:05 +0000 2013"}, {"text": "Ecology- Computers today to finish GMO presentations...due Monday.", "created_at": "Fri Jan 11 17:37:51 +0000 2013"}, {"text": "EU fails again to grasp rules of propriety http://t.co/69eYScHA Lobbying of European Commissioners is of GREAT concern especially wrt GMOs", "created_at": "Fri Jan 11 17:23:32 +0000 2013"}, {"text": "This Blog Will Blow Your Mind!: Monsanto and GMOs Exposed - http://t.co/VkHHGKL4", "created_at": "Fri Jan 11 17:51:09 +0000 2013"}, {"text": "Farmers Rally at White House to Protest Monsanto's GMO Empire ...: Hundreds of small farmers and advocates for o... http://t.co/XbnIC4gT", "created_at": "Sat Jan 12 01:33:16 +0000 2013"}, {"text": "How much do you HAVE to drink to believe some of stuff \"They\" tell us is true like GMO food is safe? or Vitamins don't work? Or  u fill in__", "created_at": "Fri Jan 11 22:29:30 +0000 2013"}, {"text": "@ChicModerne ......#Organic.... Leading the way with Tracking...... Only guarantee of gmo free. http://t.co/4HGpWHdq", "created_at": "Fri Jan 11 14:39:39 +0000 2013"}, {"text": "GMO labeling signed into law in India http://t.co/4erjyFpl", "created_at": "Fri Jan 11 11:28:27 +0000 2013"}, {"text": "India Signs Mandatory GMO Labeling into Law http://t.co/d58ockE9", "created_at": "Sat Jan 12 00:32:32 +0000 2013"}, {"text": "Farmers demand an appeal in Monsanto GMO case http://t.co/Lsov0oZx", "created_at": "Sat Jan 12 00:36:32 +0000 2013"}, {"text": "SHOCK: approved for consumption Monsanto GMO corn causes organ failure in mammals via @huffpostg... http://t.co/JbdSeZvt via @HuffPostGreen", "created_at": "Sat Jan 12 03:56:50 +0000 2013"}, {"text": "Swine Flu Vaccine in Your GMO Foods http://t.co/SbSfOypw", "created_at": "Sat Jan 12 03:22:15 +0000 2013"}, {"text": "#SocialMediaToday Dropmysite inks email backup partnership and investment deal with Japan\u2019s GMO Cloud http://t.co/JdgtNcJl", "created_at": "Tue Jan 15 04:51:33 +0000 2013"}, {"text": "I added a video to a @YouTube playlist http://t.co/NmY6qNuQ GMO Trilogy - Unnatural Selection (part 4 of 5)", "created_at": "Tue Jan 15 06:37:02 +0000 2013"}, {"text": "European Food Authority to open up GMO data - http://t.co/6Mk9YyEk (blog) http://t.co/Ba5x67V6", "created_at": "Mon Jan 14 18:43:32 +0000 2013"}, {"text": "Fantastic videos...Documentary: We Are What We Eat, Vandana Shiva, Michael Pollan, Dr. Mercola &amp; Dr. Huber on GMOs http://t.co/Wb4tYZx4", "created_at": "Mon Jan 14 22:02:13 +0000 2013"}, {"text": "fa6 gmo", "created_at": "Mon Jan 14 20:19:44 +0000 2013"}, {"text": "@bloomkeeper Boycott all GMO sellers, and demand labeling of GMO ingredients. People have the right to know what they are swallowing.", "created_at": "Sun Jan 20 06:21:52 +0000 2013"}, {"text": "@iAmDorkyy @kobeereynolds is it poppin? If u see Dreday n Gmo tell em I said they r the brands", "created_at": "Sun Jan 20 05:25:50 +0000 2013"}, {"text": "Tell .@BarackObama and the FDA to ban GMO salmon http://t.co/XmwtlwJS @food_democracy Please RT #stopFrankenfish", "created_at": "Sat Jan 19 07:02:30 +0000 2013"}, {"text": "@NaturalBabyGirl @JosephAParker yes queen, it is a GMO product... thank you for the clarification...", "created_at": "Tue Jan 01 21:55:02 +0000 2013"}, {"text": "FDA Face Ethics Scrutiny in Wake of GMO Salmon Fiasco  http://t.co/PNaEtsIP #GMO #Frankenfish", "created_at": "Tue Jan 01 17:45:28 +0000 2013"}, {"text": "GMO :)))))) http://t.co/hvYeOKwc", "created_at": "Wed Jan 02 01:34:46 +0000 2013"}, {"text": "The GMO Debate is Over;http://t.co/zVE5ekcG via @The Liberty Beacon", "created_at": "Wed Jan 02 00:33:40 +0000 2013"}, {"text": "@MarielHemingway @daily_glad_is Hey Mariel,how are things going on the GMO front?", "created_at": "Mon Jan 28 04:04:57 +0000 2013"}, {"text": "Transgenic salmon steak 'out soon'", "created_at": "Mon Jan 28 06:15:41 +0000 2013"}, {"text": "Lobby Trader Joes to lead with GMO labelling.", "created_at": "Sun Jan 27 21:39:51 +0000 2013"}, {"text": "@GOOD  \"NO TO MONSANTO\" ANTI GMO ANTHEM  http://t.co/kkIy5rg0", "created_at": "Mon Jan 28 01:37:24 +0000 2013"}, {"text": "*cekrek, nyalahin lampu* terang :D RT: @fifiiiiiiy: Say good bye to GMO and say hello to move on. Ini titik terang haha *apaan deh gue*", "created_at": "Sun Jan 27 14:17:20 +0000 2013"}, {"text": "Keep Mexico free of GMO - no to #Monsanto. http://t.co/RO7fhSQF", "created_at": "Sun Jan 27 12:46:32 +0000 2013"}, {"text": "BREAKING European scientists find virus gene engineered into GMO crops extremely dangerous http://t.co/Q7EaD7t8 Hopefully beg of end for GMO", "created_at": "Thu Jan 31 21:32:36 +0000 2013"}, {"text": "GMO WHY CAN'T SCHOOL BE OVER?!?!?! I HAVE TO PEEEEEE\ud83d\ude48\ud83d\ude16", "created_at": "Thu Jan 31 21:20:15 +0000 2013"}, {"text": "GMO A Go Go - Truth about GMOs explained in new animated cartoon: http://t.co/84LICBvE via @youtube", "created_at": "Fri Feb 01 02:36:09 +0000 2013"}, {"text": "#Monsanto CEO acknowledges climate change, open to GMO labels, thinks veggies suck http://t.co/wtplErwL RT @grist", "created_at": "Thu Jan 31 22:00:37 +0000 2013"}, {"text": "GMO artificial growth hormones have completely changed what a farmed chicken looks like. Food has changed so much... http://t.co/J5AUeRMT", "created_at": "Thu Jan 31 14:02:24 +0000 2013"}, {"text": "'Natural' breakfast cereals loaded with pesticides and GMOs - explosive new scorecard from Cornucopi\u2026 http://t.co/Zyx9pJsV", "created_at": "Thu Jan 31 11:11:58 +0000 2013"}, {"text": "B92 - Biz - Vesti - \u010ca\u010dak prvi zabranio GMO http://t.co/e8H1wVtF", "created_at": "Thu Jan 31 20:41:56 +0000 2013"}, {"text": "It's all about the gut for healing. Everyone today is being assaulted by GMO foods. It's no wonder we are having a problem with digestion.", "created_at": "Thu Jan 31 20:10:41 +0000 2013"}, {"text": "Enter to win an @AnniesHomegrown prize pack valued at $48 from Eco-Crazy Mom during the GMO Free 2013 #Giveaway Hop! http://t.co/IziTnbla", "created_at": "Fri Feb 01 03:19:15 +0000 2013"}, {"text": "NEW POST: The GMO Experiment http://t.co/ibsQRAla", "created_at": "Fri Feb 01 03:24:20 +0000 2013"}, {"text": "@dilayeser offf hi\u00e7 iyi halin yok \u00f6pt\u00fcm kib aeo gmo ahahah :D", "created_at": "Thu Jan 31 23:49:30 +0000 2013"}, {"text": "@Mr_Rezki gmo cium bkas sikat wese", "created_at": "Fri Jan 11 06:57:42 +0000 2013"}, {"text": "farmers say end genetic contamination, stop GMO salmon! http://t.co/Xdl1EMj5 @food_democracy #stopMonsanto #stopFrankenfish Please RT", "created_at": "Thu Jan 10 18:01:27 +0000 2013"}, {"text": "@mgrossi1 @ShareThis We just have to keep demanding it,till the demand outweighs the $$$ gov't takes from GMO promoters/mfgrs, etc! &gt;^.,.^&lt;", "created_at": "Thu Jan 10 08:18:24 +0000 2013"}, {"text": "@katrinathought @MrHoratioSanz  I think you premise that GMOs are bad is flawed. Im vegan &amp; support Gm tech http://t.co/RKjw9tUj", "created_at": "Thu Jan 10 17:56:07 +0000 2013"}, {"text": "farmers say end genetic contamination, stop GMO salmon! http://t.co/dcmeERTL @food_democracy #stopMonsanto #stopFrankenfish Please RT", "created_at": "Thu Jan 10 19:38:35 +0000 2013"}, {"text": "@teeter_tatter Yes, capitalism is bad, but GMOs make it possible to feed everyone.", "created_at": "Thu Jan 10 20:47:10 +0000 2013"}, {"text": "Opportunity Knocks: http://t.co/dcmeERTL \u00a0 \u00a0 \u00a0 \u00a0We do not want gmo any... http://t.co/i2d6bBkX", "created_at": "Thu Jan 10 20:14:43 +0000 2013"}, {"text": "Study: GMO toxins found in nearly all pregnant women, unborn babies\n\nA recent study published in the journal... http://t.co/ibjBirlf", "created_at": "Thu Jan 10 07:18:40 +0000 2013"}, {"text": "India Signs Mandatory GMO Labeling into Law\nhttp://t.co/HSg1Scip", "created_at": "Thu Jan 10 15:44:16 +0000 2013"}, {"text": "This would be for those who believe GMOs and the corporate farmer is necessary to feed the world.  http://t.co/I8baRuRq", "created_at": "Thu Jan 10 09:55:57 +0000 2013"}, {"text": "Shock findings new GMO study: Rats fed lifetime of GM corn grow horrifytumors, 70% of females die early http://t.co/49crSdrL via @myscience1", "created_at": "Thu Jan 10 23:50:12 +0000 2013"}, {"text": "\"@rconspiracy: India Signs Mandatory GMO Labeling into Law http://t.co/lhEu2kEZ\"Hooray!Shopping?Check labels to ensure its not GMO from US;(", "created_at": "Thu Jan 10 23:16:45 +0000 2013"}, {"text": "HUF: Ken Cook: Another Environmentalist Apologies Over GMOs http://t.co/aQrkUlDS #eatwell", "created_at": "Fri Jan 18 21:37:05 +0000 2013"}, {"text": "Another Environmentalist Apologizes Over GMOs  (for not paying enough attention): http://t.co/KSTGOTlE", "created_at": "Fri Jan 18 21:28:17 +0000 2013"}, {"text": "Apa itu gmo kak? Nma mall ya wkwk RT\"@enni678: Kali aja km GMO jg kyk gw wkwkk RT @ayemiss1: Emmm jomblo ini kak mna ad tbc sgala wkwk", "created_at": "Sat Jan 19 02:57:55 +0000 2013"}, {"text": "UPDATE 1-Dow's controversial new GMO corn delayed amid protests http://t.co/6KS4a56I", "created_at": "Fri Jan 18 19:30:39 +0000 2013"}, {"text": "Tell .@BarackObama and the FDA to ban GMO salmon http://t.co/jwvA64UW @food_democracy Please RT #stopFrankenfish", "created_at": "Sat Jan 19 00:58:26 +0000 2013"}, {"text": "Tell @BarackObama and the FDA to ban GMO salmon http://t.co/m9igPPCk @food_democracy Please RT #stopFrankenfish #nogmo", "created_at": "Sat Jan 19 00:45:15 +0000 2013"}, {"text": "#IdleNoMore Hawai\u02bbi, Label GMO &amp; Pounding Kalo http://t.co/rIiY2wL4", "created_at": "Sat Jan 19 03:32:16 +0000 2013"}, {"text": "More GMO nightmares abound. Please consider your food before consuming it. The little things they hide and try to... http://t.co/MiRlhmJp", "created_at": "Fri Jan 18 16:35:55 +0000 2013"}, {"text": "Top #GMO story: GMO FREE HAWAII movement | Indiegogo http://t.co/y3YYPSf6, see more http://t.co/dXfVVXPz", "created_at": "Tue Jan 15 13:59:03 +0000 2013"}, {"text": "A mozda na nas ovako nenormalne-taj GMO d\u00e2 ba\u0161 neke iznena\u0111uju\u0107e pozitivne rezultate.", "created_at": "Wed Jan 16 06:57:42 +0000 2013"}, {"text": "Label GMOs in Iowa?! http://t.co/U83qCAP6", "created_at": "Tue Jan 15 18:01:55 +0000 2013"}, {"text": "I mean if it was 20 human heads i could understand outrage to meat eaters. Horse eats grass same as cow. Prob less gmos in it.", "created_at": "Tue Jan 15 21:29:47 +0000 2013"}, {"text": "Someone just Fabbed 'India Signs Mandatory GMO Labe...' on Jabfab and  Thrilled! Would you Jab or Fab this?  http://t.co/PrvRd1IC", "created_at": "Tue Jan 15 14:39:21 +0000 2013"}, {"text": "Could GMO foods be damaging your organs? http://t.co/zCQOsKlP", "created_at": "Wed Jan 16 00:01:23 +0000 2013"}, {"text": "..they feed animals GMO corn and confine 1000s together in small spaces knee high in their own feces..", "created_at": "Tue Jan 15 10:30:30 +0000 2013"}, {"text": "Trending on Twitter: Dropmysite inks email backup partnership and investment deal with Japan\u2019s GMO Cloud... http://t.co/dSJ3qWO4 #fanzly", "created_at": "Tue Jan 15 15:41:51 +0000 2013"}, {"text": "Label GMOs In NC - http://t.co/gCe8A6gD via @thefoodbabe @foodandwater", "created_at": "Tue Jan 15 16:23:10 +0000 2013"}, {"text": "Study Confirms Dangers of GMO Foods http://t.co/MbDmRpXr", "created_at": "Fri Jan 25 17:09:30 +0000 2013"}, {"text": "@nitasyamsafitri ciyusannn iniiii........... apaan GMO wooooo", "created_at": "Sat Jan 26 01:05:49 +0000 2013"}, {"text": "@HilmarMulder Fructose van GMO (monsanto)Corn? Beter doorspoelen in dat geval", "created_at": "Fri Jan 25 10:34:37 +0000 2013"}, {"text": "Are Walmart and Big Food pushing for GMO labeling? http://t.co/9Uk14Ro0 via @grist", "created_at": "Fri Jan 25 16:28:10 +0000 2013"}, {"text": "Bad idea: Dow's 2,4-D seeds latest in the GE / GMO pipeline, and will increase herbicide use | Pesti http://t.co/Q1GcC5m0", "created_at": "Fri Jan 25 23:20:26 +0000 2013"}, {"text": "@R_DATT @giri1pra @vibhaskumar1 She presented her arguments how for personal gains. GMO crops introduced.The seeds have to be bought ...2..", "created_at": "Sat Jan 26 08:32:51 +0000 2013"}, {"text": "GMO labeling proposal headed to ballot http://t.co/MH03h5v5", "created_at": "Sat Jan 26 22:30:21 +0000 2013"}, {"text": "Your complete source for blowhard GMO shillery, I give you self-proclaimed GMO Pundit, David Tribe, Chief Molecular Breeder Midwife.", "created_at": "Sat Jan 26 14:56:16 +0000 2013"}, {"text": "GMO Scandal: The Long Term Effects of Genetically Modified Food on Humans http://t.co/kK5w3ROE", "created_at": "Tue Jan 22 21:14:48 +0000 2013"}, {"text": "Q6 public concerns mimic most prevalent in media outlets, ie gest. crates, LFTB, GMO concerns. not always what effects them most #agchat", "created_at": "Wed Jan 23 02:00:14 +0000 2013"}, {"text": "Transgenic salmon steak 'out soon' this sounds delightful @CouperSeafoods @thebayfish  http://t.co/2XyOXdoU", "created_at": "Wed Jan 23 01:33:10 +0000 2013"}, {"text": "Scary...! Transgenic salmon steak 'out soon'  http://t.co/25jbqN1F", "created_at": "Wed Jan 23 05:44:16 +0000 2013"}, {"text": "@FeministaJones I remember reading that processed/ GMO wheat is also used as an additive for that reason. #SexyShred", "created_at": "Tue Jan 22 19:49:46 +0000 2013"}, {"text": "Transgenic salmon steak 'out soon': Lab-designed fish head to the dinner table http://t.co/irNM95g8", "created_at": "Wed Jan 23 00:32:05 +0000 2013"}, {"text": "\"MEKDONALDS\" U EVROPI NE KORISTI GMO\nhttp://t.co/KswHkPU1\nOdolevaju pritiscima Amerike.", "created_at": "Mon Jan 07 13:28:02 +0000 2013"}, {"text": "Citizens Call for GMO Labeling in Washington http://t.co/3mkckRiO #Mike #Barrett #NaturalSociety #petition #GMO #labeling #Washington #food", "created_at": "Mon Jan 07 21:44:56 +0000 2013"}, {"text": "Addex Announces Positive Data with ADX71441 in a Pre-Clinical Transgenic Model of Charcot-Marie-Tooth 1A Disease... http://t.co/5DrgATaz", "created_at": "Mon Jan 07 08:00:54 +0000 2013"}, {"text": "GMO Labeling Measure Heads To Washington State Ballot: By Jonathan Kaminsky                OLYMPIA, Wash., ... http://t.co/GN7xsOh9 #FPG", "created_at": "Mon Jan 07 22:48:00 +0000 2013"}, {"text": "@mark_lynas I'd call that ballsy. Haven't done the GMO research myself so respect for the insights. Important in the climate conundrum.", "created_at": "Mon Jan 07 22:44:04 +0000 2013"}, {"text": "Female fertility declines with age but also with GMO - learn to boost fertility naturally http://t.co/ZFQqGv1e via @HealthRanger", "created_at": "Mon Jan 07 15:27:27 +0000 2013"}, {"text": "Admin B \n\"Female fertility declines with age but also with GMO - learn to boost fertility naturally\"\n\nA series... http://t.co/1V5yTJut", "created_at": "Mon Jan 07 15:48:10 +0000 2013"}, {"text": "So just how evil are GMOs anyway? A noted opponent apologizes", "created_at": "Mon Jan 07 09:39:08 +0000 2013"}, {"text": "RT @UnreportedNews1: 5 Steps for Avoiding/ Detoxing the Bt-Toxin Found in GMO Crops: \u201cIt will make agricultur...  http://t.co/XS65OOSC", "created_at": "Mon Jan 07 16:27:19 +0000 2013"}, {"text": "So happy all my sodas are HFCS-free now. Now I can steer clear of that toxic GMO crop while I kill myself with alcohol.", "created_at": "Sun Jan 13 04:16:11 +0000 2013"}, {"text": "GMO Soy Repeatedly Linked to Sterility, Infant Mortality, Birth Defects | NationofChange http://t.co/CpQOUCll via @nationofchange", "created_at": "Sat Jan 12 21:11:57 +0000 2013"}, {"text": "India Signs Mandatory GMO Labeling into Law http://t.co/ugEGmzNf via @@naturalsociety", "created_at": "Sat Jan 12 21:13:36 +0000 2013"}, {"text": "GMO Soy Repeatedly Linked to Sterility, Infant Mortality, Birth Defects | NationofChange http://t.co/3Ent3dx0 via @nationofchange", "created_at": "Sun Jan 13 02:34:11 +0000 2013"}, {"text": "@AmandaLang_CBC http://t.co/900FIEQO Amanda - educate yourself before you say something in support of GMO  to millions of people", "created_at": "Sat Jan 12 22:48:46 +0000 2013"}, {"text": "50 countries have required GMO labeling, and 27 countries have outright banned GMOs.", "created_at": "Sat Jan 12 19:55:25 +0000 2013"}, {"text": "I'm bringing back 50lbs of sour oranges with #seeds. I'm tired of gmo fruits", "created_at": "Sat Jan 12 15:26:44 +0000 2013"}, {"text": "Voters Will See GMO Measure In 2014 http://t.co/jsnLARTQ", "created_at": "Sun Jan 13 03:01:29 +0000 2013"}, {"text": "#9: SeedsDirect's Trinidad Moruga Scorpion Hot Pepper Seeds - 30 Pack - Certified Organic Non - GMO http://t.co/tCXSFPGO #BestDeals", "created_at": "Fri Jan 04 13:14:18 +0000 2013"}, {"text": "GMO food labeling initiative likely headed to ballot - Spin Control - http://t.co/HFIAcffO - Jan. 3, 2013 http://t.co/18zys4Qw", "created_at": "Fri Jan 04 21:36:15 +0000 2013"}, {"text": "#ThinkFuture A Huge Step Forward for Environmentalism: GMOs Are Not the Enemy http://t.co/khTUfsle", "created_at": "Fri Jan 04 17:37:35 +0000 2013"}, {"text": "History Channel admits that GMO food  poisoning the public: http://t.co/doxm9KeG via @youtube", "created_at": "Sat Jan 05 01:01:55 +0000 2013"}, {"text": "Also gmo Wtf? So happy I heard the label gmo law will most likely pass in Seattle. @MotherJones @NPR #nevergiveintoGMO #ihatemonsento", "created_at": "Sat Jan 05 01:55:18 +0000 2013"}, {"text": "Suck it, GMO haters. Your first world derived ignorance is malicious... http://t.co/vS5W3z4H #ItsCalledScience #GMO", "created_at": "Fri Jan 04 22:56:05 +0000 2013"}, {"text": "Good to know!!! The top 10 breakfast cereals most likely to contain Monsanto's GMO corn http://t.co/DuLhBUPT via @HealthRanger", "created_at": "Fri Jan 04 20:05:29 +0000 2013"}, {"text": "@112BL Skj\u00f8nner ikke \u00e5 bruke GMO som transgen GM, og nesten all GM som omtales (i dagligtale) som GM er vel transgen? @Rotevatn", "created_at": "Fri Jan 04 20:03:32 +0000 2013"}, {"text": "@SheeeRatchet Willow is a girl? I cant even tell with kids these days, must be floride in the water, steroids in the meat, gmo in vegtables.", "created_at": "Sat Jan 05 00:33:01 +0000 2013"}, {"text": "The look people give me when i say GMO instead of OMG &gt;&gt;&gt; ; lol dont try to understand me just love me :)", "created_at": "Fri Jan 04 10:38:51 +0000 2013"}, {"text": "@irenarakic ne koristi se u svim dr\u017eavama, najvi\u0161e se koristi u SAD, a dok Francuska recimo tra\u017ei od EU da se zabrani GMO skroz!", "created_at": "Fri Jan 04 10:00:46 +0000 2013"}, {"text": "Leading Environmental Activist\u2019s Blunt Confession: I Was Completely Wrong To Oppose GMOs http://t.co/Dhg5Qt0T via @FutureTenseNow", "created_at": "Fri Jan 04 16:37:37 +0000 2013"}, {"text": "Comprehensive list of GMO Products (USA) http://t.co/fTMQcndH", "created_at": "Wed Jan 30 18:40:37 +0000 2013"}, {"text": "ONE CAN ALWAYS HOPE - The GMO debate is over. There is no longer any legitimate, scientific defense of growing GM... http://t.co/1rUFtEw5", "created_at": "Thu Jan 31 02:02:55 +0000 2013"}, {"text": "The European Bank for Reconstruction and Development (EBRD) has decided not to lend a hand to the GMO giant... http://t.co/h0mfLzuD", "created_at": "Thu Jan 31 01:29:01 +0000 2013"}, {"text": "Enter to win an @AnniesHomegrown prize pack valued at $48 from Eco-Crazy Mom during the GMO Free 2013 #Giveaway Hop! http://t.co/ySXH21tY", "created_at": "Wed Jan 30 19:55:31 +0000 2013"}, {"text": "Major Natural Foods Brands Opposing GMO Labeling: The battle continues in California over\u00a0Prop 37, the Right to ... http://t.co/Fm8L8A2f", "created_at": "Thu Jan 31 00:57:35 +0000 2013"}, {"text": "Just played: GMO Feat Beth Gibbons - JJ DOOM - KEY TO THE KUFFS - CLEAN(unknown)", "created_at": "Wed Jan 30 07:52:02 +0000 2013"}, {"text": "Say What? Is Walmart Supporting GMO Labeling in the U.S.? http://t.co/sYvQHrDI via @organicauthorit", "created_at": "Wed Jan 30 15:51:37 +0000 2013"}, {"text": "@cynthiahenrich I'm hungry for GMO labeling. I'm hungry for the right to know what's in my food!", "created_at": "Wed Jan 30 16:10:19 +0000 2013"}, {"text": "Everybody come out support teambandgang we go a show at tomrw COBRAS HOSTIN UNK GMO TIGM &amp; MADEFRESH PERFORMIN @MoneybagLano #TEAMBANDGANG.", "created_at": "Wed Jan 30 23:41:21 +0000 2013"}, {"text": ".@RogerPielkeJr .@mark_lynas There are other reasons why people object to GMOs (ethical, religious). Should policy process exclude them?", "created_at": "Sun Jan 13 18:15:02 +0000 2013"}, {"text": "Are Coca-Cola and Pepsi Lobbying the FDA for a GMO Labeling Law? http://t.co/5ZZocvTW via @HealthRanger", "created_at": "Sun Jan 13 17:21:49 +0000 2013"}, {"text": "good thing growing your own doesn't contain any of these horrible GMO substances. http://t.co/z2lgHpjO", "created_at": "Mon Jan 14 01:31:53 +0000 2013"}, {"text": "@_Ndev11 baru nyampe,, abis dari apotik aku tadi :)) semoga gak GMO yah... hahhaha", "created_at": "Sun Jan 13 10:44:03 +0000 2013"}, {"text": "I find it revolting every time someone takes a bite of GMO foods they contribute t the Planet destruction http://t.co/Z2eS4OOq  #gmo #health", "created_at": "Sun Jan 13 16:58:27 +0000 2013"}, {"text": "RT @OxbridgeBiotech: First transgenic animal declared \u201csafe to eat\u201d by FDA: http://t.co/3JoVDTmJ #obrreview", "created_at": "Sun Jan 13 16:21:37 +0000 2013"}, {"text": "KINDLE: INHERITED EVIL - The World Order of the Royal Dragon: A global society of genuine transgenic vampyres! - http://t.co/Yo9Xc6of", "created_at": "Sun Jan 13 16:05:17 +0000 2013"}, {"text": "\"Hundreds Protest Demanding Monsanto End Intimidation Campaign Over GMOs and Obama Halt Approval of GE Foods.\" http://t.co/lnmhCzHv", "created_at": "Sun Jan 13 16:48:04 +0000 2013"}, {"text": "If the biotech industry is so proud of GMOs, why don't they tout GMOs on food packaging labels? http://t.co/oVq82Mia vi @HealthRanger #nogmo", "created_at": "Sun Jan 13 23:54:48 +0000 2013"}, {"text": "Hoping GMO will be on that geo essay exam cause I don't wanna collect information about the other topics #wasteofmytime", "created_at": "Fri Jan 18 04:42:18 +0000 2013"}, {"text": "@worthoftheworld Oh, I'd admit if I had. Fuck those corporate gmo food peddlers. I was just being honest :D", "created_at": "Fri Jan 18 04:50:42 +0000 2013"}, {"text": "@inhuman_draw yeah opposition to GMOs never seem to take into account like, Other People", "created_at": "Thu Jan 17 18:26:59 +0000 2013"}, {"text": "RT @bradfackrell: I know that GMO is old news but is this taking it too far? http://t.co/j969Zub3 http://t.co/y6Xfwg33", "created_at": "Thu Jan 17 18:44:01 +0000 2013"}, {"text": "@FatBoi_Eatting 2NIGHT BE @COBRAS I GOT IT ALL ON ME HOSTED BY UNK GMO &amp; T.I.G.M &amp; MADEFRESH PERFORMIN LIVE @GDB_Sco100 TURN UP", "created_at": "Fri Jan 18 02:37:50 +0000 2013"}, {"text": "@MelodyKay_ 2NIGHT BE @COBRAS I GOT IT ALL ON ME HOSTED BY UNK GMO &amp; T.I.G.M &amp; MADEFRESH PERFORMIN LIVE @GDB_Sco100 TURN UP", "created_at": "Fri Jan 18 02:38:36 +0000 2013"}, {"text": "Do American Farmers Want GMOs Labeled? - Genetically Engineered Foods, P...: http://t.co/Uhi7avVK via @youtube", "created_at": "Thu Jan 17 08:44:00 +0000 2013"}, {"text": "Do you have concerns about GMO food safety? \u00a0This poll shows over 70% do: http://t.co/LQjiOP6Y #GMOInside", "created_at": "Thu Jan 17 19:31:19 +0000 2013"}, {"text": "Check out @RichardLevick\u2019s new @Forbes column, \u201c'I Was Wrong:' How One Activist's Apology Changes the GMO Debate\u201d - http://t.co/eIhZrbD7", "created_at": "Thu Jan 17 19:00:45 +0000 2013"}, {"text": "Hybrid Seeds vs. GMOs - Ask Our Experts Blog - MOTHER EARTH NEWS http://t.co/1JUc0wYE", "created_at": "Thu Jan 17 19:55:30 +0000 2013"}, {"text": "Non GMO THE BETTER BEAN COMPANY EARNS NON-GMO PROJECT VERIFICATION FOR ITS ALL-NATURAL REFRIGERATED BEANS http://t.co/G57P4WSy", "created_at": "Fri Jan 18 00:42:17 +0000 2013"}, {"text": "@OnLy1_ZONGYAAH 2NIGHT BE @COBRAS I GOT IT ALL ON ME HOSTED BY UNK GMO &amp; T.I.G.M &amp; MADEFRESH PERFORMIN LIVE @GDB_Sco100 TURN UP ONMYMAMA", "created_at": "Fri Jan 18 03:05:09 +0000 2013"}, {"text": "15,075 Emergency Food Vegetable Survival Garden Seed Heirloom Non GMO Lot http://t.co/mx6VyBbJ", "created_at": "Thu Jan 17 09:01:25 +0000 2013"}, {"text": "'I Was Wrong:' How One Activist's Apology Changes the GMO Debate: Mark Lynas\u2019 apology for his combative opposition to genetically mod...", "created_at": "Thu Jan 17 12:28:06 +0000 2013"}, {"text": "Aku? Engga dong\"@pptriis: Iya dong, km ya?RT @WardaAzzahra: Km mh engga put\"@pptriis: Hoam RT @WardaAzzahra: Segitu kamu gmo hen\"@hnheni:", "created_at": "Fri Jan 04 04:30:10 +0000 2013"}, {"text": "i hope u meet zayn and have eye sex \u2014 OHG GMO http://t.co/kYQjcr6M", "created_at": "Fri Jan 04 04:09:57 +0000 2013"}, {"text": "Strong scientific evidence of harmful affects of GMO foods. http://t.co/8uqXzDoM", "created_at": "Thu Jan 03 18:00:20 +0000 2013"}, {"text": "Monsanto wins against GMO labeling, we are all in trouble now!: http://t.co/B35JHrSI", "created_at": "Thu Jan 03 21:51:35 +0000 2013"}, {"text": "More GMo and Swish. #indians http://t.co/JiBiiNL9", "created_at": "Thu Jan 03 22:27:42 +0000 2013"}, {"text": "Infertility from GMO Foods: http://t.co/gH5Dxzkw via @youtube", "created_at": "Fri Jan 04 05:39:55 +0000 2013"}, {"text": "pimple gmo RT @kebubu: You try showing cleavage and you end up showing all your boobs. #teamSmallBoobsWoes", "created_at": "Thu Jan 03 14:40:08 +0000 2013"}, {"text": "Tell .@BarackObama and the FDA to ban GMO salmon http://t.co/m674CAbS @food_democracy Please RT #stopFrankenfish", "created_at": "Thu Jan 03 19:42:52 +0000 2013"}, {"text": "The US still does not have what 61 other countries have: truth and transparency in the form of mandatory GMO labeling laws.", "created_at": "Thu Jan 03 19:44:45 +0000 2013"}, {"text": "Genetic Engineering and the GMO Industry: Corporate Hijacking of Food and Agriculture http://t.co/OTerNPcn", "created_at": "Thu Jan 03 20:40:04 +0000 2013"}, {"text": "Tell .@BarackObama and the FDA to ban GMO salmon http://t.co/HW7sc9mn @food_democracy Please RT #stopFrankenfish", "created_at": "Fri Jan 04 00:38:21 +0000 2013"}, {"text": "Next Prop 37? New Mexico Law Calls for Mandatory Labeling of GMOs http://t.co/6tYDJDcp #gmo #foodsec", "created_at": "Thu Jan 03 07:33:45 +0000 2013"}, {"text": "Lecture to Oxford Farming Conference http://t.co/ZjLBBf6s // GMOs are not evil: A former anti-GMO advocate talks about how wrong he was.", "created_at": "Fri Jan 04 03:54:35 +0000 2013"}, {"text": "Tell .@BarackObama and the FDA to ban GMO salmon http//bit.ly/noGMOsalmon @food_democracy Please RT #stopFrankenfish", "created_at": "Fri Jan 04 03:32:03 +0000 2013"}, {"text": "RT @robinenergy: Powerful piece by @mark_lynas on why we need genetically-modified crops, and his own conversion  http://t.co/Ooa5vB7k", "created_at": "Thu Jan 03 16:11:36 +0000 2013"}, {"text": "NOT THE WAY WE DO IT!!!!! But we don't recommend gmo crops, either. We DO use micronutrients and natural bacteria... http://t.co/xiHnnnD7", "created_at": "Thu Jan 03 12:33:08 +0000 2013"}, {"text": "GMO Monsanto vs Percy Schmeiser: http://t.co/9IwWrdO5 Crushing ruining abusing farmers, businesses in US &amp; all over the world? #StopMonsanto", "created_at": "Wed Jan 09 04:22:53 +0000 2013"}, {"text": "RT @bookieboo: FACT: Monsanto is the world's largest supplier of GMO seeds- #StopMonsanto", "created_at": "Wed Jan 09 02:27:13 +0000 2013"}, {"text": "RT @YourOrganicLife: Invisible GMO ingredients. How many of these are you eating or putting on your skin? http://t.co/HjNgrVYv #STOPMONSANTO", "created_at": "Wed Jan 09 02:57:01 +0000 2013"}, {"text": "@DPVdorothea GMO dari ww ke 1 -_-\" wkwk", "created_at": "Tue Jan 08 08:03:36 +0000 2013"}, {"text": "EU morning briefing: ciao Berlusconi?; Spaniards moving to London; Poland bans GMO crops; also: ECB, http://t.co/C7vNZQ4o", "created_at": "Tue Jan 08 08:36:15 +0000 2013"}, {"text": "HT @Twiterering The Franken Truth: $MON wages GMO War on \"Our\" food supply by Litigating &amp; Contaminating Organic Farms! http://t.co/bFnuqcHp", "created_at": "Tue Jan 08 17:41:53 +0000 2013"}, {"text": "How the US is behind in GMO policy: Wolfgang at his seed museum in G\u00f6nningen. Photo: citisven\nOn the state of th... http://t.co/uDFWs8bZ", "created_at": "Tue Jan 08 17:03:21 +0000 2013"}, {"text": "Women In Ag Conference &amp; WA I-522 GMO Labeling Petition - http://t.co/NSUzZuyP - http://t.co/MDuD7eKJ", "created_at": "Tue Jan 08 17:33:49 +0000 2013"}, {"text": "Anti GMO Activist has a change of heart when it comes to GMO foods, I wonder if he would be willing to only eat GMOs?  http://t.co/FOM9Iitz", "created_at": "Tue Jan 08 17:44:28 +0000 2013"}, {"text": "A bit old but nice view of how scientists see risk of GMOs and non GMOs http://t.co/3UjXbOU7", "created_at": "Wed Jan 09 01:11:05 +0000 2013"}, {"text": "So sick of GMO food.", "created_at": "Tue Jan 08 22:15:20 +0000 2013"}, {"text": "GMO Salmon? What the fuck is wrong with you people? Nothing better to research than creations of new malaises to feed pharmaceutical co's?", "created_at": "Tue Jan 08 22:23:01 +0000 2013"}, {"text": "The Truth About GMOs http://t.co/76qD1kiK", "created_at": "Tue Jan 08 22:40:35 +0000 2013"}, {"text": "How long can we be eating GMO foods before the shit hits the fan? Cause tumours in mice...check it out. #StopMonsanto http://t.co/dl3Fr5t1", "created_at": "Wed Jan 09 05:25:18 +0000 2013"}, {"text": "A leading anti-GMO activist admits he was wrong to oppose GMOs http://t.co/vg2Nbzk9 #gutsy #respect", "created_at": "Tue Jan 08 14:14:00 +0000 2013"}, {"text": "We need to screen transgenic plants in realistic field conditions -here's how to do it http://t.co/MU6y5Uz4", "created_at": "Tue Jan 08 15:17:26 +0000 2013"}, {"text": "Citizens Call for GMO Labeling in Washington http://t.co/Wxp837ox", "created_at": "Tue Jan 08 16:43:55 +0000 2013"}, {"text": "GMO Foods to Avoid | Stuart Wilde | The Official Author Website http://t.co/bKomKiWV", "created_at": "Tue Jan 08 23:36:11 +0000 2013"}, {"text": "Scientist that Discovered GMO Health Hazards Immediately Fired, Team Dismantled - http://t.co/v4aIimoI", "created_at": "Tue Jan 29 06:31:28 +0000 2013"}, {"text": "Are Walmart and Big Food pushing for GMO labeling? http://t.co/W0s9Nnfk via @grist", "created_at": "Tue Jan 29 06:16:59 +0000 2013"}, {"text": "Ben &amp; Jerry's back GMO bill\n http://t.co/ulxpWNvn", "created_at": "Mon Jan 28 18:19:54 +0000 2013"}, {"text": "GMO foods are every where in our food supply and they are dangerous to our health. Watch Part II of this 15... http://t.co/DYMLc1hO", "created_at": "Mon Jan 28 18:34:01 +0000 2013"}, {"text": "@GeeeMalone4 @MarleyGrayy I'm on my macbook fags. Gmo don't even talk you aint got no mac and your screen looks like a spider web\n#stepitup", "created_at": "Mon Jan 28 21:21:19 +0000 2013"}, {"text": "@WholeFoods will work toward labeling all foods with GMOs sold in our stores. John Mackey. @danielsatDU", "created_at": "Tue Jan 29 02:01:18 +0000 2013"}, {"text": "Nikola Aleksi\u0107: Bambi u keks za decu stavlja GMO sastojke http://t.co/TJMh5dPD", "created_at": "Mon Jan 28 17:11:21 +0000 2013"}, {"text": "EU GMO Freeze ~ http://t.co/WIMZGtcn ~ tx http://t.co/VWKFLuof, @SlowFoodUSA  #GMO #EU", "created_at": "Mon Jan 28 17:01:42 +0000 2013"}, {"text": "@SonnyBeez If you would take your misplaced hatred of GMOs &amp; DO something to help bees, all would benefit @gaboentropy @invertenerd", "created_at": "Tue Jan 29 01:37:28 +0000 2013"}, {"text": "\u201c@spenning96: \u201c@D_VAL502: Dinosaur documentary in GMO today!\n#hellyeah\u201d EVERY SINGLE DAY. #naptime\u201d haha! YES! \ud83d\ude34", "created_at": "Mon Jan 28 20:24:53 +0000 2013"}, {"text": "@VeganBombshell I've read that 98% of all soy is GMO &amp; the rest is unverified. :(", "created_at": "Tue Jan 29 00:17:10 +0000 2013"}, {"text": "@BudjenjeRadio Da. Ali bi trebalo da se malo prestane sa paranojom u vezi sa GMO, posto apsolutno nije tacno da je GMO nema dobre strane.", "created_at": "Mon Jan 28 07:33:12 +0000 2013"}, {"text": "Ready for \"unintended phenotypic changes\"? . . .  Regulators Discover a Hidden Viral Gene in Commercial GMO Crops  http://t.co/GihnqJ1s", "created_at": "Mon Jan 28 15:05:05 +0000 2013"}, {"text": "https://t.co/tOTgWjNw\nWe will be holding a benefit sale of NO GMO plant starts as well... http://t.co/vGmycXxJ", "created_at": "Tue Jan 29 03:06:30 +0000 2013"}, {"text": "If Wente applied her \u201cwe-don\u2019t-know-everything-so-do-nothing\u201d logic to GMOs and other issues, she wouldn\u2019t like the conclusions.", "created_at": "Thu Jan 24 13:35:37 +0000 2013"}, {"text": "Regulators Discover a Hidden Viral Gene in Commercial GMO Crops http://t.co/ViCudIJw", "created_at": "Thu Jan 24 21:14:43 +0000 2013"}, {"text": "Regulators Discover a Hidden Viral Gene in Commercial GMO Crops  http://t.co/ZS2lx9EX Biomed #autism mamas &amp; Yasko followers will get this", "created_at": "Thu Jan 24 21:36:33 +0000 2013"}, {"text": "Julio Rausseo - The chemtrail &amp; GMO connection http://t.co/ykF0j6bT", "created_at": "Fri Jan 25 02:32:19 +0000 2013"}, {"text": "RT\"@ISwearIAintHit: If they were trying to prevent obesity they'd stop funding the production of GMO crops. FOH son.\"", "created_at": "Fri Jan 25 02:36:21 +0000 2013"}, {"text": "@Snarkathon seems banks heavy on partnering with #bigagri like Harris Kurraba Investments - GMO cotton specialists there", "created_at": "Thu Jan 24 08:16:31 +0000 2013"}, {"text": "RT @UtneReader: Peasants in Mexico stage hunger strike against GMO corn: http://t.co/njWC1M7f @commondreams", "created_at": "Thu Jan 24 17:39:14 +0000 2013"}, {"text": "@MichelleObama @nancypelosi @maddow @msnbc Obama Promised to LABEL GMO food during 2007 Campaing: What Happened ? http://t.co/yh6DTuGV \u2026", "created_at": "Thu Jan 24 17:50:10 +0000 2013"}, {"text": "We back the consumer's right to know what's in our food supply by supporting GMO labeling. Join us &amp; take action here &gt; http://t.co/lRFn4s8R", "created_at": "Thu Jan 24 19:43:59 +0000 2013"}, {"text": "I Been Off Meats &amp; GMOs Since September...Haven't Been Sick Since", "created_at": "Thu Jan 24 10:14:46 +0000 2013"}, {"text": "Watching GMOs (genetically modified organisms). http://t.co/SDq91yQL", "created_at": "Fri Jan 25 03:24:59 +0000 2013"}, {"text": "@EngdahlFW 's \n\ud30c\uad34\uc758 \uc528\uc557 GMO\n- \ubbf8\uad6d \uc2dd\ub7c9\uc81c\uad6d\uc8fc\uc758\uc758 \uc5ed\uc0ac\uc640 \uc2e4\uccb4 \uc70c\ub9ac\uc5c4 \uc5e5\ub2ec (\uc9c0\uc740\uc774) | \uae40\ud64d\uc625 (\uc62e\uae34\uc774) \nhttp://t.co/b1hjyPBw", "created_at": "Thu Jan 24 16:55:08 +0000 2013"}, {"text": "Regulators Discover a Hidden Viral Gene In GMO Crops - http://t.co/mHWaOfHr (press release) http://t.co/PVnsRlHJ", "created_at": "Mon Jan 21 04:55:17 +0000 2013"}, {"text": "Keep Mexico free of GMO - no to #Monsanto. http://t.co/jySI7Jih", "created_at": "Sun Jan 20 21:09:18 +0000 2013"}, {"text": "@JohnKRichie @MMFlint @BarackObama Monsanto claimed GMO corn was drought resistant, failed this summer, it burnt up more than organic corn.", "created_at": "Sun Jan 20 17:55:11 +0000 2013"}, {"text": "New Growing Method That\u2019s Even Worse Than GMOs http://t.co/iydPhCFt", "created_at": "Mon Jan 21 05:32:10 +0000 2013"}, {"text": "Posiphen Restores Brain Function, Cognition, and Memory in Transgenic Alzheimer Mice http://t.co/RxuJSvSZ #dementia, #alz", "created_at": "Sun Jan 20 14:37:29 +0000 2013"}, {"text": "Of course going the GMO route = advancement.", "created_at": "Sun Jan 20 14:58:42 +0000 2013"}, {"text": "Brjo qta , qta ttap mo GMO smpe lulus :p wkwk RT @Okkygan Ng tree beb :p \"@YuniSantika: Awass eeh GMO ulg , ta nmau kmg RT @Okkygan BMO beb", "created_at": "Sun Jan 20 14:12:25 +0000 2013"}, {"text": "Bill Maher: Farm subsidies go to Monsanto, in this country. Obama said we'll label GMO foods, China Labels GMO  Video: http://t.co/GbkdPqh8", "created_at": "Sun Jan 20 20:09:52 +0000 2013"}, {"text": "Plants/ (natural foods) that have had their DNA artificially manipulated (genetically modified) are referred to as GM, GE or GMO food.", "created_at": "Sun Jan 20 09:41:21 +0000 2013"}, {"text": "Why GMOs Are Great and Why They Should be Labeled : Collide-a-Scape http://t.co/MfBtKSW7  via @DiscoverMag", "created_at": "Sun Jan 20 23:33:39 +0000 2013"}, {"text": "The Truth About GMO Food  http://t.co/4vq4IrGD via @momtomomtalk", "created_at": "Thu Jan 03 02:24:34 +0000 2013"}, {"text": "If you want a healthy vegan pea and hemp based non GMO great tasting protein powder for your shakes and smoothies... http://t.co/8TNUJmzj", "created_at": "Wed Jan 02 17:11:14 +0000 2013"}, {"text": "Mark Lynas and the GMO debate http://t.co/ewklrw48", "created_at": "Wed Jan 09 13:01:03 +0000 2013"}, {"text": "Unfortunately there are many GMO hiding in our store bought foods http://t.co/O62wFV19", "created_at": "Thu Jan 10 04:16:43 +0000 2013"}, {"text": "FREE - FREE - Kindle book - GMO TOXIC TABLE - An Introduction to the GMO FOOD Disaster - A Crime Against Humanity.http://t.co/ryQPxELV", "created_at": "Wed Jan 09 18:22:40 +0000 2013"}, {"text": "Time course and progression of wild type alpha-Synuclein accumulation in a transgenic mouse model  http://t.co/NNMX46o4", "created_at": "Thu Jan 10 02:51:58 +0000 2013"}, {"text": "Rekordna dobit \"Monsanta\" glavnog proizvo\u0111a\u010da GMO hrane http://t.co/49dmDYD7", "created_at": "Wed Jan 09 08:58:04 +0000 2013"}, {"text": "GMO Corn Linked To Cancer Tumors http://t.co/9sT7RnXb", "created_at": "Wed Jan 09 17:29:36 +0000 2013"}, {"text": "6 New GMO POISON Crops that May Soon Hit Your Dinner Table http://t.co/iuv3mMFW #OpDestroyMonsanto http://t.co/FSM0UZbv", "created_at": "Thu Jan 10 01:24:55 +0000 2013"}, {"text": "#FreeKindleBook #freebook #free GMO TOXIC TABLE - An Introduction to the GMO FOOD Disaster - A Crime Against ... - http://t.co/qWaohB6a", "created_at": "Thu Jan 10 05:35:15 +0000 2013"}, {"text": "@MeghanTelpner my home province! I have friends who work at Dal, hopefully not eating gmo cucumbers!", "created_at": "Wed Jan 09 14:05:00 +0000 2013"}, {"text": "I get write a paper about whether GMOs are ethical for my management class, planning on saying theyre good and writing it all in sarcasm.", "created_at": "Thu Jan 10 00:16:26 +0000 2013"}, {"text": "Please READ and REPOST. Help the USA ban GMOs http://t.co/Dsb6ANj0", "created_at": "Wed Jan 09 09:32:10 +0000 2013"}, {"text": "RT @HealthHabits: Top 10 Cereals That Contain GMOs - http://t.co/zOOw8Fd4 - #health #nutrition http://t.co/08X6GVgS... http://t.co/meOo2RyX", "created_at": "Wed Jan 09 12:43:01 +0000 2013"}, {"text": "@eryzcha rasah buka aib weee -__-\" aku ra gmo yo X_X", "created_at": "Sat Jan 05 13:50:35 +0000 2013"}, {"text": "GMO Ticking Time Bomb - Part 2 https://t.co/0sswYc3w GaryJohnson2016 NoGMO NoAgriCHEM Label Legalize NoHATE NoWAR NoNDAA NoIRS NoFedRES", "created_at": "Sun Jan 06 04:48:30 +0000 2013"}, {"text": "Vandana Shiva Compares GMOs to Rape: Modern day heretics have it easy compared to their medieval antecedents (at... http://t.co/P20CB014", "created_at": "Sun Jan 06 06:49:19 +0000 2013"}, {"text": "=_= sometimes I thought this whenever I see \"eating GMO DNA\" scare tactics and think.. \"that fucking easy to transfer gene meh?\"", "created_at": "Sat Jan 05 21:02:07 +0000 2013"}, {"text": "Citizens Call for GMO Labeling in Washington; The Movement Continues | NationofChange http://t.co/nhgSo6pB via @nationofchange", "created_at": "Sun Jan 06 02:41:49 +0000 2013"}, {"text": "Leading Environmental Activist\u2019s Blunt Confession: I Was Completely Wrong To Oppose GMOs http://t.co/50B38HJI via @FutureTenseNow", "created_at": "Sat Jan 05 17:52:17 +0000 2013"}, {"text": "what if you ate a diet of mostly GMO corn would you have I'll effects? http://t.co/cmhts5Pv", "created_at": "Sat Jan 05 14:05:15 +0000 2013"}, {"text": "= &gt; &gt; FELLOW  LAB RATS EAT GMO GROW YOUR OWN TUMOUR BIG PHARMA IS HERE TO HELP! http://t.co/84JnhUiR via @BeforeItsNews", "created_at": "Sat Jan 05 20:31:27 +0000 2013"}, {"text": "Fingers crossed for Washington  RT @grist: GMO labeling initiative gets rolling in Washington state http://t.co/113mcu1T", "created_at": "Sat Jan 05 20:01:17 +0000 2013"}, {"text": "This is IMPORTANT: I Was Completely Wrong To Oppose GMOs http://t.co/hMWyMJgA via @FutureTenseNow", "created_at": "Sun Jan 06 00:08:18 +0000 2013"}, {"text": "Lots of people who don't like GMOs are not convinced by GMOs. What a surprise! http://t.co/DD8TP9as", "created_at": "Sun Jan 06 00:13:57 +0000 2013"}, {"text": "GMO Pig Development Gets $500,000 from USDA http://t.co/RUvRoZ9N via @OrganicAuthorit", "created_at": "Sat Jan 05 07:03:40 +0000 2013"}, {"text": "Citizens Call for GMO Labeling in Washington \u2013 The Movement Continues http://t.co/T1lZlZ1Q #Truth #Freedom", "created_at": "Sat Jan 05 10:36:08 +0000 2013"}, {"text": "@chiinkiegee gmO", "created_at": "Sat Jan 05 09:35:35 +0000 2013"}, {"text": "Citizens Call for GMO Labeling in Washington; The Movement Continues | NationofChange http://t.co/lDjYbdyb via @nationofchange @eopiniontv", "created_at": "Sat Jan 05 23:47:10 +0000 2013"}, {"text": "@TandB_Beasy 2NIGHT BE @COBRAS I GOT IT ALL ON ME HOSTED BY UNK GMO &amp; T.I.G.M &amp; MADEFRESH PERFORMIN LIVE @GDB_Sco100 TURN UP", "created_at": "Thu Jan 17 06:22:09 +0000 2013"}, {"text": "\" @Snikiddy GMO free is important to me\"", "created_at": "Wed Jan 16 21:22:10 +0000 2013"}, {"text": "&amp;#9829; GMO by JJ DOOM #lastfm: http://t.co/qtiGNEAf", "created_at": "Wed Jan 16 08:28:04 +0000 2013"}, {"text": "Help make it happen for GMO FREE HAWAII movement on @indiegogo http://t.co/PCdUnThe", "created_at": "Wed Jan 16 22:00:07 +0000 2013"}, {"text": "2MRW THURSDAY @COBRAS I GOT IT ALL ON ME HOSTED BY UNK GMO &amp; T.I.G.M &amp; MADEFRESH PERFORMIN LIVE @GDB_Sco100 BOSSES ONLY.......", "created_at": "Wed Jan 16 19:28:39 +0000 2013"}, {"text": "@biebtiful gmo", "created_at": "Wed Jan 16 15:39:34 +0000 2013"}, {"text": "GMO Soy Repeatedly Linked to Sterility, Infant Mortality, Birth Defects http://t.co/Ua9zYBxQ via @@naturalsociety", "created_at": "Wed Jan 16 15:14:53 +0000 2013"}, {"text": "Why Do We Need GMO Farmed Salmon? http://t.co/cwFbGC3f", "created_at": "Wed Jan 16 23:49:49 +0000 2013"}]