[{"text": "RT @bosmobil: GMO Oil Booster Hot Babes Contest CMAAC Surabaya 2012 : http://t.co/X8jkT9GA #BosMobil http://t.co/5Wo34bnv", "created_at": "Mon Apr 16 09:11:54 +0000 2012"}, {"text": "http://t.co/J5q0D9PU Monsanto Threatens to Sue Vermont if Legislators Pass a Bill Requiring GMO Food to Be Labeled", "created_at": "Mon Apr 16 14:50:00 +0000 2012"}, {"text": "Gmos brother teaching my dance class? Alriiight", "created_at": "Mon Apr 16 18:23:17 +0000 2012"}, {"text": "Transgenic Plants: Methods and Protocols (Methods in Molecular Biology): A collection of readily reproducible te... http://t.co/YjpIwW5K", "created_at": "Mon Apr 16 23:06:28 +0000 2012"}, {"text": "GMO patenting is so much bullshit. That poor farmer's wife. #DefendYourRights", "created_at": "Mon Apr 16 19:23:28 +0000 2012"}, {"text": "Ameri\u010dka agencija za za\u0161titu okoli\u0161a odobrila GMO insekticid ...", "created_at": "Tue Apr 17 03:52:07 +0000 2012"}, {"text": "Virtual transgenic fly lad quiz answers: http://t.co/8gszkUEd", "created_at": "Tue Apr 17 01:37:32 +0000 2012"}, {"text": "GMO Japan Market Intelligence shows QR codes are popular in East Asian markets http://t.co/8IYHE15D #qrdynamics", "created_at": "Tue Apr 10 16:46:30 +0000 2012"}, {"text": "Amy's Organic Minestrone Soup, 14.1-Ounce Cans (Pack of 12) (Grocery): No GMOs - No bioengineered ingredients. U... http://t.co/scMxsDsB", "created_at": "Tue Apr 10 17:11:36 +0000 2012"}, {"text": "GMO Threat http://t.co/uShzV6ar", "created_at": "Tue Apr 10 15:24:50 +0000 2012"}, {"text": "Monsanto Threatens To Sue Vermont If GMO Labeling Bill Passes http://t.co/HmHGEdZC via @Care2", "created_at": "Tue Apr 10 18:46:05 +0000 2012"}, {"text": "Yes, you can do it too, if you want to ensure that what you eat is gmo and pesticide free! http://t.co/Mdzy0OC5", "created_at": "Sun Apr 29 16:01:08 +0000 2012"}, {"text": "Since GMO foods aren't labeled, how abt mfrs of non-GMO foods state this on thr labels thusly: Contents have not been genetically modified", "created_at": "Sun Apr 29 14:21:43 +0000 2012"}, {"text": "You have a right to know what's in your food!: http://t.co/Z6ghKqYg Please sign petition to require labeling for all GMO foods.", "created_at": "Sun Apr 29 23:25:26 +0000 2012"}, {"text": "RT @SunshineTheGrey How GMO foods alter organ function and pose a very real health threat to humans http://t.co/jjXoYmTx", "created_at": "Sun Apr 29 08:46:39 +0000 2012"}, {"text": "Survival Vegetable Seeds Non Hybrid NO GMO Heirloom: Survival Seeds Non Hybrid Seeds Packed in a heat sealed Myl... http://t.co/7QDKkgBj", "created_at": "Thu Apr 19 00:27:50 +0000 2012"}, {"text": "Amy's Organic Chunky Tomato Bisque, 14.5-Ounce Cans (Pack of 12): No GMOs - No bioengineered ingredients. USDA o... http://t.co/au2ZajbI", "created_at": "Wed Apr 18 07:55:26 +0000 2012"}, {"text": "How to avoid GMOs | New Hope 360 Blog http://t.co/OXdgRNmc", "created_at": "Wed Apr 18 21:22:07 +0000 2012"}, {"text": "Up  drawing freaking transgenic organisms. Smh #botany", "created_at": "Thu Apr 19 05:27:28 +0000 2012"}, {"text": "Just come see all the GMO Free garden seed we have avaiable @ http://t.co/71pUFCid", "created_at": "Wed Apr 18 23:57:28 +0000 2012"}, {"text": "http://t.co/VNVTnBwd | Discover How You Stop GMOs from Harming Your Medical Marijuana http://t.co/Jyp2sjgB #420", "created_at": "Wed Apr 18 19:15:00 +0000 2012"}, {"text": "GMO Dangers & Labeling - Monsanto \"Worst Company of 2011\" http://t.co/WhZeQxYT via @mercola", "created_at": "Wed Apr 18 19:20:45 +0000 2012"}, {"text": "The latest GMO essay on career risk, for an investment adviser, is excellent.", "created_at": "Thu Apr 19 03:17:13 +0000 2012"}, {"text": "GMOside: How GMOs Cause Farmer Suicide http://t.co/xJWOZ0Ln via @mercola", "created_at": "Tue Apr 03 16:36:54 +0000 2012"}, {"text": "Gardening Stuff: 100 VARIETIES NON HYBRID NON GMO HEIRLOOM SURVIVAL GARDEN SEED BANK - PREPPERS !: US $54.99 (0 ... http://t.co/D7LpZKh5", "created_at": "Wed Apr 04 00:28:38 +0000 2012"}, {"text": "People power causes GMO firm to move from Europe to the US. http://t.co/TSaxGffw #GMOs #geneticallymodified #health", "created_at": "Tue Apr 03 09:46:15 +0000 2012"}, {"text": "GM? Is it bad or not? Conflicting evidence on all fronts. \nHow GMOs Cause Farmer Suicide http://t.co/ezXrq1N7 via @mercola", "created_at": "Tue Apr 03 07:46:35 +0000 2012"}, {"text": "About Indian people and the use of pesticides: \"My Firsthand Experience\": How GMOs Cause Farmer Suicide http://t.co/0mxj4CE8 via @mercola", "created_at": "Tue Apr 03 10:02:23 +0000 2012"}, {"text": "Stealth GMOs Rapidly Consuming Global Food Supply  http://t.co/C5n0aJWp via @astroloupicus", "created_at": "Tue Apr 03 14:44:46 +0000 2012"}, {"text": "@Eyeslam I know most are excited about that, but thinkabout all the GMO highfructose corn syrup #Monsanto has imbedded in your consumption", "created_at": "Tue Apr 03 23:59:28 +0000 2012"}, {"text": "My Firsthand Experience: How GMOs Cause Farmer Suicide http://t.co/fgNj1fMP via @mercola", "created_at": "Tue Apr 03 19:27:37 +0000 2012"}, {"text": "HealthNews: Death knell may sound for Canada's GMO pigs - WINNIPEG, Manitoba (Reuters) - Pigs that might have become... http://t.co/Ts7EfnTh", "created_at": "Tue Apr 03 06:26:42 +0000 2012"}, {"text": "RT @tlaskawy: Did the FDA really just throw out 1 million signatures from the GMO labeling petition? http://t.co/XnlGvX3n via @DonEWG", "created_at": "Wed Apr 04 04:37:22 +0000 2012"}, {"text": "Monsanto Threatens to Sue Vermont if Legislators Pass a Bill Requiring GMO Food to Be Labeled | http://t.co/MT3AcnHX - Do what's right, VT!", "created_at": "Fri Apr 06 16:00:51 +0000 2012"}, {"text": "Monsanto threatens to sue Vermont if legislators pass a bill requiring GMO labelling. Unbelievable......\nhttp://t.co/H6Or286E", "created_at": "Fri Apr 06 21:03:14 +0000 2012"}, {"text": "FYI - Margaret Laggis, (\"loosely associated\" with Monsanto), who \"implied\" a lawsuit if VT passes a GMO labeling (cont) http://t.co/WNwnIiWE", "created_at": "Fri Apr 06 21:17:59 +0000 2012"}, {"text": "Monsanto Threatens to Sue Vermont if Legislators Pass a Bill Requiring GMO Food to Be Labeled http://t.co/3mvE0dV2", "created_at": "Fri Apr 06 18:20:01 +0000 2012"}, {"text": "@falldeaf From the doodle, is your family not allowed to witness how your company attacks online protestors with genetically-modified cats?", "created_at": "Fri Apr 06 18:02:08 +0000 2012"}, {"text": "Monsanto Threatens Lawsuit Over GMO Labeling Bill http://t.co/qWnDkVUP REFRESH PAGE IF ANY PROBLEMS", "created_at": "Fri Apr 06 23:47:16 +0000 2012"}, {"text": "Helpful tips for avoiding GMOs (Genetically Modified Foods)  http://t.co/yfD88IsA via @HealthRanger #News #Health #GMO #Foods", "created_at": "Sat Apr 07 04:10:39 +0000 2012"}, {"text": "Massive Public Protests Spur France to Ban Plantings of Monsanto\u2019s MON810 GMO corn http://t.co/7eVGhM4J", "created_at": "Mon Apr 02 00:54:37 +0000 2012"}, {"text": "OVERHEARD: Eti wanaume wa Nyeri ni wa GMO #Kuwekelewa #BONOKO na mabibi zao. #laughtweet", "created_at": "Sun Apr 01 09:39:56 +0000 2012"}, {"text": "FDA Deletes 1 Million Signatures for GMO Labeling Campaign http://t.co/JQmurdPU", "created_at": "Sun Apr 01 09:16:41 +0000 2012"}, {"text": "GMOs Found in Martek's Infant Formula http://t.co/ur51zPt4 via @mercola", "created_at": "Sun Apr 01 12:22:29 +0000 2012"}, {"text": "SYF News:  Stealth GMOs Rapidly Consuming Global Food Supply http://t.co/eJZwEVbP", "created_at": "Sun Apr 01 17:02:03 +0000 2012"}, {"text": "Wal-Mart: Don't stock Monsanto's GMO corn. Want to avoid this toxic product? \u2013 it will arrive on shelves unlabeled http://t.co/kXj0qQHH", "created_at": "Sun Apr 01 21:36:28 +0000 2012"}, {"text": "510,000 Non Hybrid Non GMO Heirloom BULK SEED BANK-SURVIVAL SEEDS http://t.co/XeeugAbQ", "created_at": "Mon Apr 02 02:20:28 +0000 2012"}, {"text": "@Care2 Monsanto is playing Russian Roulette with the world's food production. Insist Congress Label food with any/all GMO content. Do it now", "created_at": "Mon Apr 02 02:48:44 +0000 2012"}, {"text": "\u0e22\u0e39\u0e40\u0e04\u0e23\u0e19\u0e01\u0e27\u0e14\u0e02\u0e31\u0e19\u0e19\u0e42\u0e22\u0e1a\u0e32\u0e22 GMO http://t.co/R5csRJIf", "created_at": "Mon Apr 02 01:01:26 +0000 2012"}, {"text": "Extraterrestrials: GMO Foods linked to genetic control agenda: Mr. Collier is a voluntary contactee of Ethical E... http://t.co/W7x9OSNp", "created_at": "Tue Apr 24 07:49:40 +0000 2012"}, {"text": "Why not label GMO foods? - http://t.co/15n6B3Cb: LAistWhy not label GMO foods?BurlingtonFreePress.comThe late... http://t.co/9boaWC6H", "created_at": "Tue Apr 24 10:14:43 +0000 2012"}, {"text": "@7magnolia funny you mention that. \"terminator\" would have made removal of a gmo trait from environment easy but was soundly rejected.", "created_at": "Tue Apr 24 20:33:54 +0000 2012"}, {"text": "Maria Rodale: 10 Ways to Spring-Clean GMOs Out of Your Home http://t.co/bapVf8BI", "created_at": "Tue Apr 24 14:08:25 +0000 2012"}, {"text": "10 Ways to Spring-Clean GMOs Out of Your Home http://t.co/vIja9Qte", "created_at": "Tue Apr 24 14:55:12 +0000 2012"}, {"text": "Youngsters Consuming GMO Foods | @scoopit http://t.co/ultlT0Oj", "created_at": "Tue Apr 24 15:51:50 +0000 2012"}, {"text": "Tell USDA to Deny Approval of 2,4-D-Resistant GMO Crops =&gt; http://t.co/I8k2Vi3K =&gt; Major Component of Agent Orange! =&gt; Deadline is Friday!", "created_at": "Tue Apr 24 19:37:38 +0000 2012"}, {"text": "RT Green Living Blog Maria Rodale: 10 Ways to Spring-Clean GMOs Out of Your Home: by guest blo... http://t.co/hfrMMOKe #Eco #Green #Blog", "created_at": "Tue Apr 24 13:54:13 +0000 2012"}, {"text": "Glad I ate a #Kashi pizza for dinner last night and cereal for breakfast, got a good healthy dose of GMOs #fuck", "created_at": "Wed Apr 25 01:27:52 +0000 2012"}, {"text": "6 solid reasons why GMO is not the answer, but Organics are. http://t.co/94vwM5xQ", "created_at": "Wed Apr 04 16:44:37 +0000 2012"}, {"text": "BASF gives up on pushing GMOs in Europe, moves operations to US where 'Frankenfoods' are not labeled http://t.co/idoLmMcD", "created_at": "Wed Apr 04 07:36:43 +0000 2012"}, {"text": "Mexico's Corn Festivals \u2013 a Haven from Transgenic Crops #wildlife http://t.co/lh12wVy4", "created_at": "Wed Apr 04 20:21:24 +0000 2012"}, {"text": "DON\"T CLOSE YOUR EYES 2 IT ANYMORE @BarackObama Monsanto\u2019s GMO Seeds Contributing to Farmer Suicides Every 30 Minutes\n http://t.co/jbpwDZdM", "created_at": "Wed Apr 04 21:58:42 +0000 2012"}, {"text": "@MSTISERIA30 out of all the tweets you response 2 this 1 just 4 the opportunity 2 bash man what about the tweets on health,diet, GMO", "created_at": "Wed Apr 04 21:29:40 +0000 2012"}, {"text": "Haha yeahh ! Gmo got us !", "created_at": "Thu Apr 05 05:07:36 +0000 2012"}, {"text": "RT @/KimPihlRT @tweetmeme Monsanto Threatens to Sue Vermont if Legislators Pass a Bill Requiring GMO Food to B.. http://t.co/jZLcVok4", "created_at": "Thu Apr 05 05:46:17 +0000 2012"}, {"text": "Transgenic Strategy for Identifying Synaptic Connections in Mice by Fluorescence Complementation (GRASP) http://t.co/mnhMV94f #fas", "created_at": "Wed Apr 04 14:55:19 +0000 2012"}, {"text": "GMO Labeling And \u201cThe China Scenario\u201d: The best precedent for what that would mean is what has happened with cer... http://t.co/uziTcmrU", "created_at": "Wed Apr 04 15:35:07 +0000 2012"}, {"text": "Monsanto Threatens to Sue Vermont if Legislators Pass a Bill Requiring GMO Food to Be Labeled | http://t.co/3m1P4SxP", "created_at": "Thu Apr 05 02:01:51 +0000 2012"}, {"text": "\"@hyperlocavore: Monsanto Threatns 2 Sue VT Legsltr Pass a Bill Requiring GMO Food 2 B Labeled http://t.co/IpkB5hwc @GregSelinger y not here", "created_at": "Thu Apr 05 02:32:48 +0000 2012"}, {"text": "This is in the CT Legislature house bill 1557\nrequiring GMO labeling of food: http://t.co/4Vj5KYcL via @AddThis", "created_at": "Wed Apr 04 13:31:02 +0000 2012"}, {"text": "Baru tau tampilan facebook yg baru bisa liat kenangan yg lalu jadi GMO deh *gagal move on* -,-\"", "created_at": "Wed Apr 11 22:46:26 +0000 2012"}, {"text": "Income Taxes \u00ab http://t.co/IPv8tOn2 Blog: Things my income taxes go towards: war, gmo subsidies, corporate subsid... http://t.co/calGr29U", "created_at": "Thu Apr 12 00:48:23 +0000 2012"}, {"text": "Stop GMO http://t.co/cyPjuWKp", "created_at": "Wed Apr 11 17:47:06 +0000 2012"}, {"text": "Richmond poised to join the fight against GMOs http://t.co/37f66Ssx #Canada #BC #gmo", "created_at": "Wed Apr 11 15:11:24 +0000 2012"}, {"text": "#ows FDA Deletes 1 Million Signatures for GMO Labeling Campaign http://t.co/yeQPwOy8  IMPEACH MONSANTO", "created_at": "Thu Apr 12 02:23:12 +0000 2012"}, {"text": "#ows FDA Deletes 1 Million Signatures for GMO Labeling Campaign http://t.co/yeQPwOy8  Demand a more Progressive Tax Code", "created_at": "Wed Apr 11 11:50:07 +0000 2012"}, {"text": "Another Country Bans GMO Corn: Poland has become the seventh European nation to announce plans to ban the cultiv... http://t.co/1GWFxMu3", "created_at": "Wed Apr 11 13:25:35 +0000 2012"}, {"text": "Digger Tidbits: Corporate personhood resolution moves along; GMO bill hearing is Thu #Vermont#business#greenmountains http://t.co/9sprM8rT", "created_at": "Thu Apr 12 04:59:38 +0000 2012"}, {"text": "http://t.co/WcR3Agdk - A Campaign for people 2 label GMOs - See what they're labeling & share ur own labeling actions - http://t.co/CrQYzbxg", "created_at": "Sat Apr 14 16:53:09 +0000 2012"}, {"text": "U think the rich elite want to support a population of unemployed people who don't give THEM $$$$. of course not. GMO foods for you!! #DEATH", "created_at": "Sat Apr 14 16:04:54 +0000 2012"}, {"text": "Connecticut Residents Push for Mandatory GMO Labeling http://t.co/nyJayBzD", "created_at": "Sat Apr 14 12:00:27 +0000 2012"}, {"text": "Hhhmmm gmo plng\" ah..hahaa :D RT @mey_lunatic: Iia rawan (\u2609\u0361\u0334 \u032f\u2609\u0361\u0334) RT @sahee_ea: Skbumi kna gempa mlu??ya ampuuunn \u200e\u200b(\u2323\u0301_\u2323\u0300) (cont) http", "created_at": "Sat Apr 14 20:14:23 +0000 2012"}, {"text": "Let's get all GMO foods labeled! http://t.co/atEDBpQM", "created_at": "Sun Apr 15 01:22:19 +0000 2012"}, {"text": "Survival Fruit Seeds Only $21.99 Non Hybrid NO GMO Real Survival Seeds Each variety of our Non Hybrid, Heirloom,... http://t.co/I8rYOq31", "created_at": "Sun Apr 15 16:14:21 +0000 2012"}, {"text": "Soy is fine if you like it and feel good with it, I agree, but GMO is not as sc (@YouTube http://t.co/eHD9s5SR)", "created_at": "Sun Apr 15 17:10:18 +0000 2012"}, {"text": "@oneunionmom Walmart also guilty: community destruction, business destruction, GMO food distribution, hazardous wastes, slave labor and more", "created_at": "Sun Apr 15 21:03:53 +0000 2012"}, {"text": "THE GMO STORE \u00bb RUNNER FOR CHRIST MINISTRIES  http://t.co/WD4FnX4P", "created_at": "Mon Apr 16 02:42:47 +0000 2012"}, {"text": "GMO uberalis. http://t.co/lgyBOtHd", "created_at": "Mon Apr 23 21:53:45 +0000 2012"}, {"text": "What is the sense in having=keeping a moratorium on #GMO? The GMO remains a threat. Just let's get rid of GMO's", "created_at": "Mon Apr 23 21:06:10 +0000 2012"}, {"text": "The Monsanto company and it's gmo foods are not good for anyone", "created_at": "Mon Apr 23 23:34:03 +0000 2012"}, {"text": "Npa savern mak? @sarah_tjoa gmo susu ya?", "created_at": "Mon Apr 23 06:18:51 +0000 2012"}, {"text": "@mega_mot Jasoncaswellsmith@yahoo.com thanks Gmo haha", "created_at": "Tue Apr 24 02:00:17 +0000 2012"}, {"text": "@kayj412 that's for sure, they ain't eating it. same with monsanto. they ain't eating their gmo crops either.", "created_at": "Wed Apr 25 07:44:00 +0000 2012"}, {"text": "Rally and march May 2 to celebrate the gathering of signatures to get the California Right to Know GMO labeling... http://t.co/ZVKTOSJm", "created_at": "Wed Apr 25 17:32:53 +0000 2012"}, {"text": "Transgenic Crops III (Biotechnology in Agriculture and Forestry): There has been tremendous progress in the gene... http://t.co/qWpJleRS", "created_at": "Wed Apr 25 14:33:07 +0000 2012"}, {"text": "Lets pray California passes bill to label GMO foods.", "created_at": "Wed Apr 25 18:26:36 +0000 2012"}, {"text": "Live in Richmond, BC? Sign This Petition to go GMO Free! | Fresh Fuzz http://t.co/4okV3SbV", "created_at": "Wed Apr 25 23:47:30 +0000 2012"}, {"text": "@Amy_143 that's good bc soybeans are probably #1 on the gmo list..can't believe vitamins are on there too! #scary", "created_at": "Thu Apr 26 01:46:46 +0000 2012"}, {"text": "Healthy Budget: Growing with Non GMO Seed for Home Garden | ecogreen4us http://t.co/vqb1r96A", "created_at": "Sun Apr 08 08:45:11 +0000 2012"}, {"text": "@Justeenfailix gmo joke =)) why", "created_at": "Mon Apr 09 04:03:41 +0000 2012"}, {"text": "There used to be 45day chicken and well now in 32days you can eat it. GMO to the highest level! There's nothing safe to eat anymore. #fail", "created_at": "Mon Apr 09 12:43:56 +0000 2012"}, {"text": "Monsanto Threatens to Sue Vermont if Legislators Pass a Bill Requiring GMO Food to Be Labeled - http://t.co/2gA8jJAf http://t.co/CTWMf29o", "created_at": "Mon Apr 09 10:17:29 +0000 2012"}, {"text": "New Post : Study: EPA-approved GMO insecticide responsible for killing off bees, contaminating entire food chain http://t.co/b1urBJob", "created_at": "Mon Apr 09 10:00:54 +0000 2012"}, {"text": "GMO latest funds manager to shut up shop - The Australian http://t.co/TniU9itP", "created_at": "Mon Apr 09 14:42:46 +0000 2012"}, {"text": "Monsanto Threatens to Sue Vermont if Legislators Pass GMO Labelling Bill - http://t.co/r5ZDLhc6 via http://t.co/tdL0vEij", "created_at": "Mon Apr 09 15:46:58 +0000 2012"}, {"text": "Poland Is Latest Nation To Ban Monsanto's GMO Maize | Care2 Causes http://t.co/YP1QHgQD", "created_at": "Mon Apr 09 13:37:54 +0000 2012"}, {"text": "Transgenic Crops VI (Biotechnology in Agriculture and Forestry): Genetic engineering is a powerful tool for crop... http://t.co/Hl6ZioG6", "created_at": "Thu Apr 12 16:38:34 +0000 2012"}, {"text": "@liaqatbalochji  Massive suicides in Indian farmers have generatd a lot of debate about GMO crops. Here's an eye-opener http://t.co/z7De9Hk4", "created_at": "Thu Apr 12 09:53:59 +0000 2012"}, {"text": "#Sideeffects #Bayer #Netherlands RT @CANARYorg RT @PureYum Farmer feeds GMO corn to his pigs: they all become sterile. http://t.co/f7cBJqXk", "created_at": "Thu Apr 12 10:47:31 +0000 2012"}, {"text": "CALIFORNIA! Have you signed the Label GMO ballot yet? Must be before April 22 and must be in person. Where to sign: http://t.co/qS6czyxR", "created_at": "Thu Apr 12 21:30:07 +0000 2012"}, {"text": "66 proc. Polak\u00f3w nie wie, co oznacza termin GMO http://t.co/dWUaXt91", "created_at": "Fri Apr 13 02:34:04 +0000 2012"}, {"text": "GMO Oil Booster Pecahkan Rekor Dunia: PT GMO Oil Booster memecahkan rekor dunia dan MURI dalam hal ketahanan mes... http://t.co/Dedvfrj9", "created_at": "Fri Apr 13 02:34:46 +0000 2012"}, {"text": "Vermont Right to Know GMOs host an unlabeled and unnatural buffet at the Vermont State House http://t.co/AqcLeE99", "created_at": "Thu Apr 12 13:55:49 +0000 2012"}, {"text": "FDA Deletes 1 Million Signatures for GMO Labeling Campaign - FDA slave t...: http://t.co/jqdcrYuN via @youtube", "created_at": "Thu Apr 12 13:06:41 +0000 2012"}, {"text": "Who's that bald guy talking about GMOs at Health, Healing and Happiness? This guy! http://t.co/2WycufJP #GMO #vegan #organic", "created_at": "Tue Apr 17 22:09:02 +0000 2012"}, {"text": "#green #ecofriendly GMO CTLs vs HIV [erv] http://t.co/HzWQoUIm", "created_at": "Tue Apr 17 16:14:07 +0000 2012"}, {"text": "@McDonalds #Fuckyou #Govegan don't promote your mechanically separated GMO MSG bullshit excuse for food on my feed", "created_at": "Tue Apr 17 16:37:45 +0000 2012"}, {"text": "Consumers fighting GMOs and winning! http://t.co/oBgHp3xg", "created_at": "Tue Apr 17 17:01:09 +0000 2012"}, {"text": "Monsanto Threatens to Sue Vermont if Legislators Pass a Bill Requiring GMO Food to Be Labeled | Fo.. http://t.co/9806zCCo", "created_at": "Tue Apr 17 20:22:28 +0000 2012"}, {"text": "Should the govn't mandate labeling foods as GMO or not--could they even enforce such a mandate and how much would it cost #kufood", "created_at": "Tue Apr 17 18:38:07 +0000 2012"}, {"text": "Transgenic Crop Plants: Volume 2: Utilization and Biosafety: Development of transgenic crop plants, their utiliz... http://t.co/3g5M60eB", "created_at": "Tue Apr 17 23:10:28 +0000 2012"}, {"text": "Semiconducting graphene spin-off to power future computers - GMO could be the real wonder material http://t.co/bfecQUMe #science #earlier", "created_at": "Tue Apr 17 19:54:48 +0000 2012"}, {"text": "10 Ways to Spring clean GMOs out of your home\u25ba http://t.co/eZ3O89Ws \u25c4Great info like there are no GMO tomatoes.", "created_at": "Wed Apr 18 03:59:56 +0000 2012"}, {"text": "@LionelMedia thank u for talking about gmos! I'm passionate about leading a gmo free life and even more passionate about spreading the word!", "created_at": "Sat Apr 28 15:41:08 +0000 2012"}, {"text": "People power causes GMO firm to move from Europe to the US. http://t.co/TSaxGffw #GMOs #geneticallymodified #health", "created_at": "Fri Apr 13 17:48:28 +0000 2012"}, {"text": "Herbal Choice Vitamin E Oil: Natural vitamin E (5160 iu as d-alpha tocopherol from non GMO vegetable oil in a ba... http://t.co/78PvSZ1t", "created_at": "Fri Apr 13 19:25:01 +0000 2012"}, {"text": "Heeeh !!!! Rahasiaaa \u0429(\u2022\u0361\u0329\u0329\u0414\u2022\u0361\u0329\u0329\u0449) RT @mellauliya: GAGAL MOVE ON \"@putriavena: Maaaak aku GMO tadi liat itu\"", "created_at": "Sat Apr 14 04:18:49 +0000 2012"}, {"text": "#gmfoods GMO bill passes committee, but won't reach house floor http://t.co/akBFCqsW", "created_at": "Thu Apr 26 22:31:42 +0000 2012"}, {"text": "@mikefrench668 What is your take on the Kashi GMO scandal?", "created_at": "Thu Apr 26 22:54:50 +0000 2012"}, {"text": "Groups ask SC to stop tests of eggplant GMOs http://t.co/bUKjSDTK", "created_at": "Thu Apr 26 10:24:57 +0000 2012"}, {"text": "Kashi under fire for GMO ingredients http://t.co/5oHJFTnx", "created_at": "Fri Apr 27 05:55:29 +0000 2012"}, {"text": "Agent Orange Corn?!? GMO has gone way to far. some produce has to be registered as a pesticide. This is getting gross: http://t.co/hf8IhuP2", "created_at": "Thu Apr 26 18:22:28 +0000 2012"}, {"text": "Conspiracy theorists accuse @monsanto of buying bee research firm to hide facts. Maybe it's to create GMO super bees. http://t.co/qHXqMpbZ", "created_at": "Thu Apr 26 23:37:00 +0000 2012"}, {"text": "Protesters urge U.S. to scuttle Dow's new GMO corn http://t.co/viyggCUE via @reuters", "created_at": "Thu Apr 26 19:33:06 +0000 2012"}, {"text": "Vermont&#39;s Push to Force GMO Labeling Faces Obstacles", "created_at": "Thu Apr 26 19:05:56 +0000 2012"}, {"text": "I liked a @YouTube video from @lightweaver2 http://t.co/GQgjrzoz Colorado says NO to GMOs (genetically modified", "created_at": "Thu Apr 26 06:18:02 +0000 2012"}, {"text": "Stop GMO invasion in the Philippines! Say YES to safe, #GMOfree food http://t.co/TgIABePU #DT @gpph", "created_at": "Fri Apr 27 03:53:30 +0000 2012"}, {"text": "Stop GMO invasion in the Philippines! Say YES to safe, #GMOfree food http://t.co/9bL8M3sS #DT @gpph", "created_at": "Fri Apr 27 03:53:58 +0000 2012"}, {"text": "Stop GMO invasion in the Philippines! Say YES to safe, #GMOfree food http://t.co/s6WlHqn5 #DT @gpph", "created_at": "Fri Apr 27 03:56:12 +0000 2012"}, {"text": "Welcome to the tiny panic attack I had in a supermarket when it dawned on me I have no way of ever guaranteeing a food has no GMOs in it", "created_at": "Fri Apr 27 01:30:58 +0000 2012"}, {"text": "Just Say No to GMO music video by Mike Adams the Health Ranger - NaturalNews.tv http://t.co/i10JuHCS via @HealthRanger", "created_at": "Mon Apr 02 22:58:19 +0000 2012"}, {"text": "Transgenic Models in Pharmacology (Handbook of Experimental Pharmacology): Up-to-date information on animal mode... http://t.co/87pi9fiQ", "created_at": "Mon Apr 02 16:32:25 +0000 2012"}, {"text": "FDA telt 900,000 handtekeningen voor 1 GMO labeling petitie slechts als 1 stem http://t.co/Hb1FswY7", "created_at": "Mon Apr 02 09:17:27 +0000 2012"}, {"text": "FDA Deletes 1 Million Signatures for GMO Labeling Campaign | Natural Society http://t.co/ba2bMBTw", "created_at": "Mon Apr 02 07:40:18 +0000 2012"}, {"text": "Plz Flw @DailyBrian: Canada promotes transgenic goats at Ag Museum http://t.co/nWeBF55N", "created_at": "Mon Apr 02 17:48:20 +0000 2012"}, {"text": "FDA Deletes 1 Million Signatures for GMO Labeling Campaign | Natural Society http://t.co/TFMq4Rpp", "created_at": "Mon Apr 02 08:07:17 +0000 2012"}, {"text": "The GMO Film Update: http://t.co/eNXlNA5g via @AddThis", "created_at": "Tue Apr 03 03:07:41 +0000 2012"}, {"text": "People Don\u2019t Want to Be a GMO Experiment | Organic Connections http://t.co/txr5Ujcu #GMO #experiment", "created_at": "Tue Apr 03 03:04:04 +0000 2012"}, {"text": "Death knell may sound for Canada's GMO pigs: WINNIPEG, Manitoba (Reuters) - Pigs that might have become the worl... http://t.co/VeJQTXov", "created_at": "Tue Apr 03 03:31:00 +0000 2012"}, {"text": "Death knell may sound for Canada's GMO pigs http://t.co/eJ6Il2vF", "created_at": "Tue Apr 03 03:48:09 +0000 2012"}, {"text": "99% SAD FACTS: [Think about it] WE are the citizens paid by the 1% to accept GMO Food Who\u2019s to blame? What do we do now?", "created_at": "Tue Apr 03 03:06:21 +0000 2012"}, {"text": "Protect your Baby! GMOs Found in Martek's Infant Formula http://t.co/rXH8cUvs via @mercola", "created_at": "Mon Apr 02 11:36:33 +0000 2012"}, {"text": "FDA Deletes 1 Million Signatures for GMO Labeling Campaign - FDA slave to Monsanto? http://t.co/TGSHfbJI", "created_at": "Tue Apr 03 01:38:08 +0000 2012"}, {"text": "\u907a\u4f1d\u5b50\u7d44\u307f\u63db\u3048\u306e\u5927\u8c46\u3092\u3064\u304b\u3063\u3066\u3044\u306a\u304c\u3089\u3001\u305d\u308c\u3092\u96a0\u3057\u3066\u3044\u305f\u30ca\u30c1\u30e5\u30e9\u30eb\u98df\u54c1\u30d6\u30e9\u30f3\u30c9Kashi\uff08\u30b1\u30ed\u30c3\u30b0\uff09\u6d88\u8cbb\u8005\u306f\u6012\u3063\u3066\u3044\u307e\u3059\u3002Kashi's GMO Controversy Rages On http://t.co/9U26da8q via @TakePart #\u907a\u4f1d\u5b50\u7d44\u307f\u63db\u3048", "created_at": "Fri Apr 27 17:50:58 +0000 2012"}, {"text": "#naszdziennik Genetycznie modyfikowane obietnice: Temat GMO jest bardzo kontrowersyjny. Z jednej strony ... http://t.co/sS9pJ9KK #Polska", "created_at": "Fri Apr 27 14:30:40 +0000 2012"}, {"text": "#VideoNews #CBS #GMO New GMO crops proposed, consumers want labeling http://t.co/CHvC8N5c", "created_at": "Fri Apr 27 18:30:05 +0000 2012"}, {"text": "RT @fromabroad: Consumer backlash mounts after GMO ingredients discovered in Kashi cereal http://t.co/vgwHIK34 #health #nutrition", "created_at": "Fri Apr 27 19:01:15 +0000 2012"}, {"text": "as much gmo and hormones as I can cram in :) RT @psedillo: @drricky What kind of ingredients? --&gt; Idea: a savory loco moco shortcake.", "created_at": "Fri Apr 27 19:02:01 +0000 2012"}, {"text": "MONSANTO CAFETERIA BANS GMO FOODS ... In what has to be close to the ultimate in corporate hypocrisy, employees... http://t.co/gOGuAFrM", "created_at": "Sat Apr 28 03:30:12 +0000 2012"}, {"text": "The fight against GMO and Monsanto is not politically driven. Don't let your politics trick you into poisoning yourself &amp; your family", "created_at": "Sat Apr 28 03:29:42 +0000 2012"}, {"text": "Thanks @mae37 for RT: @MarsChrisHughey GMO Foods are toxic, pesticide carrying, biohazard. Stay away from GMOs. Stop Monsanto. #gmo #food", "created_at": "Sat Apr 28 04:35:55 +0000 2012"}, {"text": "Emergency Survival Seeds Non Hybrid No GMO Heirloom 2012 New: Look around. Why has the price of food doubled in ... http://t.co/txnKnmLf", "created_at": "Fri Apr 20 16:34:38 +0000 2012"}, {"text": "Coming soon to Etsy? World's first handmade cloned transgenic sheep born in China http://t.co/3sC4d1dL", "created_at": "Fri Apr 20 16:01:27 +0000 2012"}, {"text": "An email from Robin Lim about GMO foods and the damage to human babies, placentas and umbilical cords. http://t.co/0nw9svT5", "created_at": "Sat Apr 21 00:01:06 +0000 2012"}, {"text": "Peng Peng, a handmade, transgenic cloned sheep, is born http://t.co/aLrwBooQ #cloning via @LabEquipment", "created_at": "Fri Apr 20 17:35:12 +0000 2012"}, {"text": "Will Genetically-modified crops feed the World?  Unlikely...  http://t.co/hwuwVK4u", "created_at": "Fri Apr 20 20:20:09 +0000 2012"}, {"text": "Vermont's GMO labeling bill has been voted out of Committee! There are now 2 NE states with active bills. I'll have an update on CT soon.", "created_at": "Fri Apr 20 21:59:23 +0000 2012"}, {"text": "This gmos is about to be hella bomb", "created_at": "Fri Apr 20 23:23:04 +0000 2012"}, {"text": "SC refuses to nominate judge to head GMO committee http://t.co/H4VRt2rE", "created_at": "Fri Apr 20 23:23:47 +0000 2012"}, {"text": "New Blog Post: Monsanto threatens Vermont legislature over GMO labeling bill, says it will sue state http://t.co/vFdX9uG9", "created_at": "Fri Apr 20 06:00:11 +0000 2012"}, {"text": "This person also said GMOs were good for farming. #Wrongagain GMOs are contributing to the bees dying off. #That'snotgood", "created_at": "Sun Apr 22 00:26:39 +0000 2012"}, {"text": "Monsanto threatens Vermont legislature over GMO labeling bill, says it will sue state - http://t.co/zMC2EQjS", "created_at": "Sat Apr 21 07:30:19 +0000 2012"}, {"text": "one more reason GMO food is bad because of farmers! a farmer can not grow foods (@YouTube http://t.co/1OlMPbwE)", "created_at": "Sat Apr 21 17:44:00 +0000 2012"}, {"text": "Just Say No 2 GMO - Here's WHY! - morningmayan YouTube ~ http://t.co/FRrKNLlc", "created_at": "Sat Apr 21 20:10:30 +0000 2012"}, {"text": "Why GMO Foods Should be Labeled | Organic Connections http://t.co/YLXMDx4c #GMO #Monsanto", "created_at": "Sun Apr 22 02:05:04 +0000 2012"}, {"text": "Transgenic Crops III (Biotechnology in Agriculture and Forestry): There has been tremendous progress in the gene... http://t.co/yWf4hCkj", "created_at": "Sat Apr 21 11:33:17 +0000 2012"}, {"text": "VT House Agriculture Committee Passes H.722, The Mandatory GMO Labeling Bill But It Ain\u2019t Over Yet! via @TheOrganicView http://t.co/zAZzlamH", "created_at": "Sun Apr 22 04:17:06 +0000 2012"}, {"text": "TREEHUGGER: Monsanto Threatens to Sue Vermont Over GMO Labeling Law: \nVermont is one of nearly 20 states conside... http://t.co/aCBszSj8", "created_at": "Thu Apr 05 22:31:05 +0000 2012"}, {"text": "Monsanto Threatens to Sue Vermont over GMO Labeling Bill http://t.co/D9j37pS0", "created_at": "Thu Apr 05 16:11:41 +0000 2012"}, {"text": "Monsanto Threatens to Sue Vermont if Legislators Pass a Bill Requiring GMO Food to Be Labeled http://t.co/XDwBLPpm Corporate bullyism again.", "created_at": "Thu Apr 05 21:15:33 +0000 2012"}, {"text": "Monsanto Threatens to Sue Vermont if Legislators Pass a Bill Requiring GMO Food to Be Labeled | | .. http://t.co/Yxan41ep", "created_at": "Thu Apr 05 21:43:59 +0000 2012"}, {"text": "50 nations around the world to pass laws require mandatory labels on GMO right foods http://t.co/ANeRy7tw", "created_at": "Thu Apr 05 21:29:27 +0000 2012"}, {"text": "50 nations around the world have passed laws requiring mandatory labels on GMO foods http://t.co/jBBOux0K", "created_at": "Thu Apr 05 21:32:55 +0000 2012"}, {"text": "See you in a few days Peru. I cant wait to eat all your tastey GMO free food :)http://t.co/lQY5zlD7", "created_at": "Thu Apr 05 23:33:53 +0000 2012"}, {"text": "\u201c@ForestZIN: Monsanto Threatens to Sue Vermont Over GMO Labeling Law http://t.co/IOKXtHo3\u201d&lt; We need to know the truth of what we eat", "created_at": "Thu Apr 05 23:01:48 +0000 2012"}, {"text": "Monsanto Threatens to Sue Vermont if Legislators Pass a Bill Requiring GMO Food to Be Labeled http://t.co/hRmaphdF", "created_at": "Thu Apr 05 13:32:13 +0000 2012"}, {"text": "Survival Seeds Non-Hybrid 27 Varieties of Survival Vegetable Seeds Heirloom Seeds Non GMO Survival Seeds.Each va... http://t.co/8Ug8BsKw", "created_at": "Fri Apr 06 04:19:50 +0000 2012"}, {"text": "GMO food labeling bill considered dead: MONTPELIER \u2014 The chairman of the House Judiciary Committee says a bill c... http://t.co/hiMsgpwL", "created_at": "Mon Apr 30 09:14:21 +0000 2012"}, {"text": "What's In Your Food,Connecticut? Mandate GMO Labeling Now! Tune in @4pmEST 04/30 by @TheOrganicView #sustainchat http://t.co/zPY8eF4Y", "created_at": "Mon Apr 30 17:27:19 +0000 2012"}, {"text": "Alllf Mbroook 3la alfozz fe tkdomm dyman ya Gmo ;p &lt;3333 @RayAlsayed  , @AE_7_  &lt;33 , Mbrook ;) @DanoooshM  &lt;3", "created_at": "Mon Apr 30 20:25:17 +0000 2012"}, {"text": "Pls sign the petition &amp; RT @RighttoKnowCT Support Right To Know CT &amp; GMO Labeling: Enact HB 5117 Into Law http://t.co/jDCl8Vsb", "created_at": "Mon Apr 30 21:35:53 +0000 2012"}, {"text": "The Governor of CT: Support Right To Know CT and GMO Labeling: Enact HB 5117 Into Law http://t.co/TQ0Q1vRG via @change", "created_at": "Mon Apr 30 23:05:55 +0000 2012"}, {"text": "CT needs support! Support #RightToKnowCT &amp; GMO Labeling: Enact HB 5117 Into Law! Pls RT &amp; sign the petition! #organic http://t.co/wd5y8xbC", "created_at": "Mon Apr 30 06:22:43 +0000 2012"}, {"text": "say no to GMO", "created_at": "Mon Apr 30 06:07:25 +0000 2012"}, {"text": "What\u2019s In Your Food, Connecticut? Mandate GMO Labeling Now!  http://t.co/tDq3uAJ0", "created_at": "Tue May 01 02:57:44 +0000 2012"}, {"text": "Will GMO labeling have its day in court? | Energy Bulletin: http://t.co/o2YbkJtv #Labels #GMO #Food", "created_at": "Mon Apr 30 13:10:27 +0000 2012"}, {"text": "@polymath22 Ironical #trolls harm themselves, When NO: Separation, War, GMO Corruption We'd b FREE! See #OpSpyBLOCK #OWS", "created_at": "Sat Apr 07 14:35:41 +0000 2012"}, {"text": "FDA to GMO labeling campaign: What million signatures? http://t.co/V0QuQ29V", "created_at": "Sat Apr 07 14:14:59 +0000 2012"}, {"text": "Monsanto Threatens Lawsuit Over GMO Labeling Bill http://t.co/GzWRNPZE", "created_at": "Sat Apr 07 18:29:25 +0000 2012"}, {"text": "FACT-CHECK: FDA did NOT delete million-plus comments calling for GMO labeling. FDA is busy counting. http://t.co/VxOiyHFY #LabelGMOs...", "created_at": "Sun Apr 08 02:01:23 +0000 2012"}, {"text": "I liked a @YouTube video http://t.co/8UO10zBp Poland: Bans Monsanto's GMO Corn-Alex Jones Infowars Nighty New", "created_at": "Sun Apr 08 02:13:49 +0000 2012"}, {"text": "I liked a @YouTube video http://t.co/zVGv6JuG Nikola Aleksic about GMO and Chemtrails english subtitles flv.m", "created_at": "Sun Apr 08 01:50:13 +0000 2012"}, {"text": "http://t.co/NtNyzZBZ Tanzania: GMOs Create Insect Resistance Problems: [Daily News] Genetically modified organism... http://t.co/Z0CIFqZz", "created_at": "Sun Apr 08 04:42:01 +0000 2012"}, {"text": "Dow & Monsanto are saying that new, more toxic herbicides are needed for their GMO crops (remember, scientists... http://t.co/9y7EUUyI", "created_at": "Thu Apr 19 16:56:54 +0000 2012"}, {"text": "Please RSVP: Victorville, Come help us sign petitions To Label GMOs http://t.co/GcmT3VQM", "created_at": "Thu Apr 19 09:00:48 +0000 2012"}, {"text": "Photo: apple produced with GMO http://t.co/vGdXfX4N", "created_at": "Thu Apr 19 07:01:25 +0000 2012"}, {"text": "What do they know that we don't? Map of GMO labeling... http://t.co/Q9FjvlpW", "created_at": "Thu Apr 19 17:02:25 +0000 2012"}, {"text": "Gmo = get me outta here", "created_at": "Thu Apr 19 23:37:48 +0000 2012"}, {"text": "World's first handmade cloned transgenic sheep born in China http://t.co/LQCIjRKt #science #tech", "created_at": "Thu Apr 19 19:01:52 +0000 2012"}, {"text": "RT @WasaBehr: GMO Crops Continually Banned Around the World in Display of Health Freedom - http://t.co/pwL6OcD3 via http://t.co/HvnmIRoo", "created_at": "Fri Apr 20 03:44:47 +0000 2012"}, {"text": "@kreativekonnect no more gulf seafood/fish for me....i'll stick with the antibiotic laden, gmo fed cows :)", "created_at": "Fri Apr 20 01:47:48 +0000 2012"}, {"text": "@yayaNATI0N you told me what a GMO was before but i forgot. but either way, that's why i like eating african food from my country most lol", "created_at": "Sun Apr 22 22:42:52 +0000 2012"}, {"text": "Hawaii should require labeling of GMO foods: ... to make informed choices as to what we feed ourselves and our f... http://t.co/WoQ5X44z", "created_at": "Sun Apr 22 22:41:22 +0000 2012"}]