[{"text": "California Might Just Lead The Way On GMO Labeling (and why this is important, and what will happen if it does). http://t.co/aa3jgKdq", "created_at": "Sat Jun 16 17:22:55 +0000 2012"}, {"text": "Jeffrey Smith Talks About The Future of GMO Labeling via @TheOrganicView Radio Show #food #health #organic http://t.co/Gl6IPaui", "created_at": "Sat Jun 16 18:08:16 +0000 2012"}, {"text": "Law makers want mandatory GMO labels, while majority of people believe non-GMO food is gene-free. #priorities http://t.co/JXLOafjI", "created_at": "Sat Jun 16 18:20:32 +0000 2012"}, {"text": "Just Say No to GMO http://t.co/8T46vBg6", "created_at": "Sat Jun 16 19:01:44 +0000 2012"}, {"text": "VIDEO: Senator Bernie Sanders introducing a label GMOs amendment to the Farm Bill:... http://t.co/B8FhDGi8", "created_at": "Sat Jun 16 08:58:51 +0000 2012"}, {"text": "U.S.A. Grown | GMO Free | Sample Pack: 1 LB of Garbanzo Beans, 1 LB Pardina Lentils, 1 LB Green Split Peas (3 LB... http://t.co/CAPDrDbc", "created_at": "Sun Jun 17 03:36:33 +0000 2012"}, {"text": "Good Morning everyone. It's like 2:15, so that's morning right?  Things are looking pretty great in the GMO camp... http://t.co/czmnCjo6", "created_at": "Sun Jun 10 09:18:09 +0000 2012"}, {"text": "Sekilas kayak germo germo dah sash -_- RT@SashAnss Gmo ya gmo @mirsaraib", "created_at": "Sun Jun 10 15:11:35 +0000 2012"}, {"text": "How California Could Force the Rest of the US to Label GMO Foods | Mother Jones http://t.co/DgKlt7bS", "created_at": "Sun Jun 10 19:45:54 +0000 2012"}, {"text": "Publicly Funded GMO Research Facing Destruction In Italy http://t.co/Yx97SLx0", "created_at": "Mon Jun 11 03:27:19 +0000 2012"}, {"text": "Slashdot  :: Publicly Funded GMO Research Facing Destruction In Italy http://t.co/j52KWiNH #linux #tech", "created_at": "Mon Jun 11 04:23:11 +0000 2012"}, {"text": "Say NO to GMO Mosquitoes: Update on Florida Keys Experiment - The Petition Site http://t.co/KZS5pClI", "created_at": "Sat Jun 30 00:46:23 +0000 2012"}, {"text": "Nature is on course to beat Monsanto, with tiny insects known as rootworms set to wreak havoc on Monsanto's gmo crops http://t.co/vzIGNPTb", "created_at": "Fri Jun 29 17:32:22 +0000 2012"}, {"text": "'Monsanto Protection Act' Would Keep GMO Crops in the Ground During Legal Battles: \nIt's that exciting time of t... http://t.co/bU9gTn4k", "created_at": "Fri Jun 29 23:29:05 +0000 2012"}, {"text": "Say NO to GMO Mosquitoes: Update on Florida Keys Experiment: http://t.co/wGx2RkDZ", "created_at": "Sat Jun 30 03:55:12 +0000 2012"}, {"text": "I liked a @YouTube video http://t.co/5nRQzFnc Rand Paul - Votes to Block Your Right To Know GMO Labeling.", "created_at": "Sat Jun 30 04:51:53 +0000 2012"}, {"text": "Say no to GMO mosquitoes! http://t.co/3X1Y8mn2 via @care2", "created_at": "Sat Jun 30 04:55:12 +0000 2012"}, {"text": "The case for mandatory GMO labeling - even if you believe in limited government and the free market http://t.co/LSMR8ubG", "created_at": "Mon Jun 18 16:36:41 +0000 2012"}, {"text": "The case for mandatory GMO labeling - even if you believe in limited government and the free market\nMonday, June... http://t.co/S1kfyFRJ", "created_at": "Tue Jun 19 00:50:25 +0000 2012"}, {"text": "The case for mandatory GMO labeling (even for limited government believers): Mike Adams | Monsanto is gearing up... http://t.co/D6QKQDkc", "created_at": "Mon Jun 18 17:31:02 +0000 2012"}, {"text": "@MrGeorgeWallace it's the GMO and the additives/perservatives.  your body is telling you there is something wrong with the food.", "created_at": "Mon Jun 18 17:32:39 +0000 2012"}, {"text": "India Will Mandate Labeling GMO Ingredients | Care2 Healthy Living http://t.co/EKWvGgD0", "created_at": "Mon Jun 18 14:00:55 +0000 2012"}, {"text": "The case for mandatory GMO labeling - even if you believe in limited government and the free market http://t.co/pcRKAFR3", "created_at": "Tue Jun 19 02:15:10 +0000 2012"}, {"text": "The case for mandatory GMO labeling - even if you believe in limited government and the free market http://t.co/yg5xAzLf via @HealthRanger", "created_at": "Tue Jun 19 03:15:21 +0000 2012"}, {"text": "Chris Hardy A Letter to Farmers, Stop GMOs in Jackson County. http://t.co/VNlrXe8y #gmofree #seeds", "created_at": "Mon Jun 04 00:08:06 +0000 2012"}, {"text": "Why Even Goats Cant Stomach GMO Cotton http://t.co/MWUtGM1X", "created_at": "Sun Jun 03 12:03:28 +0000 2012"}, {"text": "Will Millions of GMO Mosquitoes Be Released in Key West? http://t.co/oJ0QEnbS", "created_at": "Sun Jun 03 17:38:28 +0000 2012"}, {"text": "Meet the Corporate Front Groups Fighting AGAINST Labeling your GMO Foods http://t.co/mCecW8w4", "created_at": "Sun Jun 03 15:51:06 +0000 2012"}, {"text": "'Label It Yourself' campaign urges the People to begin labeling GMOs now http://t.co/KTKafNn6", "created_at": "Sun Jun 03 11:23:14 +0000 2012"}, {"text": "How To Avoid GMO Foods \u2013 Shopping Guide \u2013 Category &amp; Color Coded http://t.co/BR0sbD8y", "created_at": "Mon Jun 04 04:09:24 +0000 2012"}, {"text": "Don't like pesticides in my food. \"@BrentDR: @TheDolceDiet why do you say GMOs are unhealthy?\"", "created_at": "Mon Jun 04 04:41:21 +0000 2012"}, {"text": "Farmer feeds GMO corn to his pigs: they all become sterile.: http://t.co/YNG4DYqm via @youtube #health #farms #farming", "created_at": "Wed Jun 06 14:50:59 +0000 2012"}, {"text": "SHOCK: approved for consumption Monsanto GMO corn causes organ failure in mammals via @huffpostg... http://t.co/EUBzcJhf via @HuffPostGreen", "created_at": "Wed Jun 06 18:36:32 +0000 2012"}, {"text": "Genetically Modified Foods: Harmful or Helpful?\nWhat are genetically-modified foods? The term GM foods or\nhttp://t.co/LRYZVo0k", "created_at": "Wed Jun 06 19:14:57 +0000 2012"}, {"text": "GMO papayas from Hawaii receive Japanese approval. http://t.co/KoaphxSP", "created_at": "Fri Jun 01 09:46:13 +0000 2012"}, {"text": "Hudson's front and center in GMO fight: By Dave Williams May 31, 2012 10:33 am Karen Hudson for the past year ha... http://t.co/sYFxtvFk", "created_at": "Fri Jun 01 09:46:55 +0000 2012"}, {"text": "Well it is MADE from GMO corn. 'Nuff said. @NonGMOProject Because of increasing health concerns with high fructose corn syrup", "created_at": "Fri Jun 01 17:04:25 +0000 2012"}, {"text": "ActivistPost: Deadline 6pm EST: Tell the AMA to support GMO food labeling: \n\nBy David BancroftJust Label It\nJust... http://t.co/v8XgF402", "created_at": "Fri Jun 01 20:52:44 +0000 2012"}, {"text": "Survival Seeds Non-Hybrid 27 Varieties of Survival Vegetable Seeds Heirloom Seeds Non GMO Survival Seeds.Each va... http://t.co/HfazP5W9", "created_at": "Fri Jun 01 14:41:12 +0000 2012"}, {"text": "Biotechs like Monsanto don't want GMOs labeled because they think we don't have the right to not use their products or to choose what we eat", "created_at": "Fri Jun 01 15:34:13 +0000 2012"}, {"text": "How California Could Force the Rest of the U.S. to Label GMO Foods | NationofChange http://t.co/mpbQY3P9 via @nationofchange", "created_at": "Fri Jun 01 23:16:27 +0000 2012"}, {"text": "Plz Flw @DailyBrian: DEADLINE 6pm EST: Tell the AMA to support GMO food labeling http://t.co/t8VoBa2v", "created_at": "Sat Jun 02 04:22:09 +0000 2012"}, {"text": "@chuckschumer @SenGillibrand Please vote for GMO labeling next time.", "created_at": "Sun Jun 24 22:22:06 +0000 2012"}, {"text": "@RonPaulNews y would you vote no on GMO labeling? did you just buy some stock in #Monsanto", "created_at": "Sun Jun 24 22:37:10 +0000 2012"}, {"text": "@t_double21 True. Just do the best you can. Represent GMO well! Four years will fly by like high school did.", "created_at": "Sun Jun 24 16:17:24 +0000 2012"}, {"text": "I liked a @YouTube video http://t.co/jQbgbMrs How GMO foods alter organ function and pose a very real health", "created_at": "Sun Jun 24 09:02:58 +0000 2012"}, {"text": "@artied @lucasgonzalez Very can only say 'died of CN', can't say 'grass did it'. It's a dramatic, GMO related conjecture: CBS won't refuse!", "created_at": "Sun Jun 24 07:26:44 +0000 2012"}, {"text": "Senate rejects amendment giving states the right to require GMO labeling http://t.co/MGXgc8qv", "created_at": "Sun Jun 24 10:43:54 +0000 2012"}, {"text": "GMO Dead Cows DEAD! and General Butt Naked http://t.co/MPaVQyP6", "created_at": "Sun Jun 24 20:08:30 +0000 2012"}, {"text": "Common sense should tell you anything that isn't labeled non-gmo is a gmo food product. You're the one making this all convoluted. @qwueef", "created_at": "Sun Jun 24 20:51:17 +0000 2012"}, {"text": "Mutated GMO Grass Makes Cyanide, Kills Cattle ... http://t.co/I9XuKim6", "created_at": "Sun Jun 24 15:49:51 +0000 2012"}, {"text": "GMO Grass Kills Cows In Texas http://t.co/FlDgeVNF #Monsanto #gmo #health #food", "created_at": "Sun Jun 24 15:48:51 +0000 2012"}, {"text": "@Phil_Synowiec GMO mutation Posion food Killing cows so is it safe 4 HUMANS ?\nhttp://t.co/ZM5rU4HQ", "created_at": "Sun Jun 24 18:10:01 +0000 2012"}, {"text": "@TEMPA_T GMO mutation Posion food Killing cows so is it safe 4 HUMANS ?\nhttp://t.co/ZM5rU4HQ", "created_at": "Sun Jun 24 18:10:43 +0000 2012"}, {"text": "Bono Sides with Monsanto and Agribusiness to Complete Africa\u2019s Destruction with GMOs | Gaia Health http://t.co/GHqKHOPW", "created_at": "Sun Jun 24 23:38:31 +0000 2012"}, {"text": "RT @freakonomics: How California\u2019s GMO Labeling Law Could Limit Your Food Choices and Hurt the Poor http://t.co/2nGqggyP", "created_at": "Sun Jun 24 08:34:23 +0000 2012"}, {"text": "Rand Paul votes NO on GMO labeling. What is going on?! | Peace ... http://t.co/PQMGGytp - Freedom!", "created_at": "Sun Jun 24 06:51:13 +0000 2012"}, {"text": "I liked a @YouTube video from @adamkokesh http://t.co/96aj9ApH Mike Adams' wrong battle in the war on GMOs", "created_at": "Mon Jun 25 03:38:47 +0000 2012"}, {"text": "@wandarful that is so cool, as heinz and hunts are now both gmo :-(", "created_at": "Mon Jun 25 01:36:55 +0000 2012"}, {"text": "Manager, Foreign exchange, Profit and Loss reporting, GMO (global middle office)... http://t.co/vlrNiRcK #job", "created_at": "Mon Jun 04 22:09:04 +0000 2012"}, {"text": "Monsanto may have to pay Brazilian farmers $2 billion over GMO dispute. http://t.co/dgfwXrGe RT @kvetchingguru RT @Canaryorg #Monsanto #GMO", "created_at": "Mon Jun 04 14:50:09 +0000 2012"}, {"text": "Gagal MOVE ON, udah 3000X gnti ava, ujung2nya ava yg itu lg. RT @Abi_Vaganza: Artinya?\"@DewiTR66: GMO (`\u25bd\u00b4)-\u03c3 RT @Abi_Vaganza: Baru tau cara", "created_at": "Mon Jun 04 19:50:24 +0000 2012"}, {"text": "RT @nandaUganda: Corporations Oppose Genetically-Modified Food Labeling http://t.co/zcX6TUXO #GMOs", "created_at": "Tue Jun 05 02:30:00 +0000 2012"}, {"text": "Gmo , mike &amp; yeyo are making some kinda pasta.. I doubt it takes 3 .. Lol", "created_at": "Tue Jun 05 02:26:22 +0000 2012"}, {"text": "Florida is messed up enough with giant alligator eating snakes in the Everglades. GMO mosquitoes will  be a big mistake http://t.co/Dn0yow4W", "created_at": "Mon Jun 04 13:46:00 +0000 2012"}, {"text": "Learn the truth about GMO testing in Hawaii. We are being treated like lab rats with 5,000 GMO experiments already done http://t.co/0x3useaE", "created_at": "Mon Jun 11 09:02:17 +0000 2012"}, {"text": "#Hawaii Homesteaders living in Kauai tell us how GMO testing/pesticide use is ruining the islands we view as paradise.", "created_at": "Mon Jun 11 12:23:36 +0000 2012"}, {"text": "Ok so this is WRONG ... u can now design ur own transgenic stingray and grow it into a pair of personalised sneakers: http://t.co/O0IUishe", "created_at": "Mon Jun 11 13:56:04 +0000 2012"}, {"text": "NYT distorts GMO labeling issue, tries to make it a debate about crop yields http://t.co/MCTQ0gmf via @HealthRanger", "created_at": "Mon Jun 11 13:14:35 +0000 2012"}, {"text": "GMo", "created_at": "Tue Jun 12 01:25:29 +0000 2012"}, {"text": "Nutrition key to cutting infection rates | GMO Pundit a.k.a. David Tribe http://t.co/mBlJFhOV", "created_at": "Tue Jun 12 04:07:31 +0000 2012"}, {"text": "STOP MONSANTO FROM POISONING HAWAI'I: ~HAWAII GMO JUSTICE COALITION PRESENTS: http://t.co/BcZXU6oC Kamehameha Schools Evict...", "created_at": "Thu Jun 14 23:50:06 +0000 2012"}, {"text": "Video: Four years ago Obama said he'd labe GMOs http://t.co/Ul2Fa80U @food_democracy Please RT", "created_at": "Thu Jun 14 19:03:22 +0000 2012"}, {"text": "How California Could Force the Rest of the US to Label GMO Foods http://t.co/IB43uPMz via @motherjones", "created_at": "Thu Jun 14 08:38:33 +0000 2012"}, {"text": "Lol aint nobody hating! Mention me next time lol RT @beauty_iiAM: @iMayB_Wacko lol thanks..nd Gmo hating..", "created_at": "Fri Jun 15 02:41:24 +0000 2012"}, {"text": "@YourAnonNews I doubt telling the Senate to label GMO foods will do any good. After all they're ignoring the #marijuana reformation movement", "created_at": "Fri Jun 15 04:00:54 +0000 2012"}, {"text": "Unless that bag of sugar you bought is labeled \u201cCertified Organic\u201d or \u201c100 percent cane sugar,\u201d it's GMO - http://t.co/DYEva0Bc @snipit", "created_at": "Fri Jun 15 22:55:02 +0000 2012"}, {"text": "GMO Bonus: Genetically Engineered Cotton Benefits Farmers, Predatory Insects: Cotton genetically engineered to p... http://t.co/Kf7rfPeI", "created_at": "Fri Jun 15 16:16:54 +0000 2012"}, {"text": "Ugh RT @WhitleyStrieber: Massive list of GMO foods. You eat some for sure: http://t.co/UV4EVXz9 @HuffingtonPost", "created_at": "Sat Jun 16 05:25:47 +0000 2012"}, {"text": "BUSTED: Biotech Leader Syngenta Charged Over Covering Up Animal Deaths from GMO Corn (Video) http://t.co/ohvYybZt via @dailypaul", "created_at": "Sat Jun 16 02:59:48 +0000 2012"}, {"text": "STOP MONSANTO FROM POISONING HAWAI'I: ~HAWAII GMO JUSTICE COALITION PRESENTS: http://t.co/BcZXU6oC Kamehameha Schools Evict...", "created_at": "Fri Jun 15 13:10:05 +0000 2012"}, {"text": "If you are confused why, despite all the petitions to Label GMO foods, our government is not responding, you need... http://t.co/75o9mCF8", "created_at": "Sat Jun 23 16:24:50 +0000 2012"}, {"text": "First Rand Paul endorses fake conservative Romney, now votes no on GMO labeling. Probably get invited to Bilderberg next year", "created_at": "Sun Jun 24 00:13:35 +0000 2012"}, {"text": "Petition for a GMO free Croatia, Italy, Slovenia, Hungary and Austria Petition http://t.co/0GfeWQtb via @GoPetition", "created_at": "Sat Jun 23 17:46:05 +0000 2012"}, {"text": "For those of us who forgot: GMO Genetically modified organism http://t.co/ikpCd4Ii", "created_at": "Sun Jun 24 05:53:09 +0000 2012"}, {"text": "Rand Paul Votes NO on GMO Labeling http://t.co/TUIyE3N7", "created_at": "Sat Jun 23 14:42:40 +0000 2012"}, {"text": "Rat Paul Votes NO on GMO Labeling http://t.co/tRTw0K9b", "created_at": "Sat Jun 23 15:35:13 +0000 2012"}, {"text": "Real Time with Bill Maher 22 june 2012 in HD GMOs (Genetically Modified Foods) http://t.co/RBz01tBW", "created_at": "Sat Jun 23 18:59:49 +0000 2012"}, {"text": "GM grass linked to Texas cattle deaths; Tests show genetically-modified grass began producing cyanide gas http://t.co/A42jfepA", "created_at": "Sat Jun 23 23:52:42 +0000 2012"}, {"text": "Rand Paul Votes NO on GMO Labeling http://t.co/u45qq2mM", "created_at": "Sat Jun 23 23:19:32 +0000 2012"}, {"text": "Steve Sexton exposes environmentalist idiocy: How California\u2019s GMO Labeling Law Could Limit Your Food Choices http://t.co/DpV4K3B2", "created_at": "Sat Jun 23 19:52:26 +0000 2012"}, {"text": "@noteasy2begreen an interesting fact. Lots of non GMO beans grown in Ohio 4 export... US consumers not willing 2 pay required premium 2 grow", "created_at": "Sun Jun 24 03:19:08 +0000 2012"}, {"text": "Not only did I change my mind &amp; eating habits for optimum health but know what GMO is I will never eat animal.. I do know they contaminate", "created_at": "Mon Jun 25 22:56:37 +0000 2012"}, {"text": "http://t.co/GztM9mYC #everyone #needs to #check this out. GMO GRASS spontaneously started producing CYANIDE #nwo", "created_at": "Tue Jun 26 00:10:47 +0000 2012"}, {"text": "RT @gristmill: No, genetically-modified grass isn\u2019t killing cows with cyanide. Tell your friends. http://t.co/XT2dJjpo #gmo", "created_at": "Mon Jun 25 21:27:06 +0000 2012"}, {"text": "Label GMO Foods! http://t.co/h4UAO6s5 #america #health #organic #food #gmo #dailyshow #colbertnation #conanobrien #hiphop #music #OWS", "created_at": "Mon Jun 25 21:21:09 +0000 2012"}, {"text": "WHEN YOU CONSUME GMO NON-LABELED FOOD PRODUCTS SUCH AS THOSE WITH HFCS. YOU STILL CONSUME POISON. WHETHER ITS SUICIDE,DEPRESSION. DONT EAT!", "created_at": "Mon Jun 25 18:40:22 +0000 2012"}, {"text": "@kreativekonnect The labeling laws will not label animals fed GMOs. As far as I know, no country's GMO labeling laws do.", "created_at": "Mon Jun 25 23:12:10 +0000 2012"}, {"text": "Please sign this petition asking President Obama to mandate GMO labeling! http://t.co/h4UAO6s5 #organic #natural #againstmonsanto", "created_at": "Tue Jun 26 02:18:50 +0000 2012"}, {"text": "Blame GMOs RT @Huffingtonpost 'Women don't want sex'??? http://t.co/Z9TMM5Ca", "created_at": "Tue Jun 26 02:19:05 +0000 2012"}, {"text": "GMO Grass leads to...Mysterious Mass Cattle Deaths in Texas has U.S. Department of Agricultur...: http://t.co/LGmdqerM via @youtube", "created_at": "Mon Jun 25 11:26:21 +0000 2012"}, {"text": "GMO grass producing cyanide? Fracking produces earthquakes?", "created_at": "Tue Jun 26 04:48:37 +0000 2012"}, {"text": "@m0cvo Thanks Nigel, I've got a huge batch of cards ready to go off and the GMO one is in there!", "created_at": "Fri Jun 08 12:28:55 +0000 2012"}, {"text": "http://t.co/0PdoGLVB Expression of biologically active human interferon alpha 2b in the milk of transgenic mice http://t.co/eCiatF47", "created_at": "Fri Jun 08 18:39:11 +0000 2012"}, {"text": "yup scientists have found fetal exposure to pestacides from GMO foods..... http://t.co/gOtWKPC7", "created_at": "Sat Jun 09 03:56:41 +0000 2012"}, {"text": "Blatant Corruption Exposed as EU Blocks French Ban on Monsanto GMO Maize http://t.co/Jyde7Mix", "created_at": "Fri Jun 08 11:57:52 +0000 2012"}, {"text": "http://t.co/OV7NKS5S\nNo proper studies done on GMOs", "created_at": "Sat Jun 09 04:08:32 +0000 2012"}, {"text": "@unhealthytruth GMO labeling on packaging is sketchy at best. Traceability is nearly impossible thought supply chains.", "created_at": "Sat Jun 09 16:34:24 +0000 2012"}, {"text": "@amy_harmon I see no reason for GMOs as they are today. Given issue of N2 availability a mix of organic and conventional will be necessary.", "created_at": "Sun Jun 10 00:37:40 +0000 2012"}, {"text": "@YogaUnyuunyu ups mav kl ak cb dkt sm km,ak cm gmo dsbut prusak hub orang", "created_at": "Sat Jun 09 12:40:30 +0000 2012"}, {"text": "CA Sec. of State certified GMO ballot initiative yesterday, setting up inclusion on the Nov. 6 general election ballot http://t.co/cp9iTM0I", "created_at": "Tue Jun 12 16:28:17 +0000 2012"}, {"text": "GMOs - It's time for change http://t.co/AYszQOMx http://t.co/TYfaoqiK", "created_at": "Tue Jun 12 09:32:53 +0000 2012"}, {"text": "@ikaaalestari ka ikaa gmo nii jd kaka aq, ka ika jahat iih sama yg lain aja mauu *huuh :((( :D :D", "created_at": "Tue Jun 12 12:53:20 +0000 2012"}, {"text": "Amy's Organic Fat Free Alphabet Soup, 14.1-Ounce Cans (Pack of 12): No GMOs - No bioengineered ingredients. USDA... http://t.co/33T171Hd", "created_at": "Tue Jun 12 12:13:21 +0000 2012"}, {"text": "GMO is not some vague weird seed - it is affect our gut flora - among other things.  Read why GMO must not be... http://t.co/dNxw2O8q", "created_at": "Tue Jun 12 06:23:56 +0000 2012"}, {"text": "dugra langsung atu ieu ma? haha ya gmn ya da hrsnya ma dilupain bro biar ga nysk RT @jojooojo: Watir pisan ga, gmo selalu ga urg ma", "created_at": "Tue Jun 12 11:06:32 +0000 2012"}, {"text": "@lalathaliaaa gmo apaan tuch maap aku bukan anak gaul :3", "created_at": "Tue Jun 12 13:34:23 +0000 2012"}, {"text": "Genetic Glass Ceilings: Transgenics for Crop Biodiversity: As the world's population rises to an expected ten bi... http://t.co/N7bkdTXQ", "created_at": "Wed Jun 13 01:46:11 +0000 2012"}, {"text": "Transgenic Crop Plants: Volume 1: Principles and Development: Development of transgenic crop plants, their utili... http://t.co/oSGbpvdV", "created_at": "Wed Jun 13 04:56:35 +0000 2012"}, {"text": "Sanders Calls for GMO Labeling Amendment to Farm Bill | NationofChange http://t.co/CULNZqHI via @nationofchange", "created_at": "Sun Jun 17 22:37:30 +0000 2012"}, {"text": "Update: Calif. voters to consider labels for GMO foods - U.S. News &amp; World Report http://t.co/MhMw4GpE", "created_at": "Sun Jun 17 12:56:09 +0000 2012"}, {"text": "GMO cotton has some positive side effects http://t.co/d4whViAV", "created_at": "Sun Jun 17 21:21:49 +0000 2012"}, {"text": "#gmfoods GMO showdown - Albert Straus with some of his heifers at the Straus Family Creamery near Marshall, the firs... http://t.co/kJ3HaHik", "created_at": "Sun Jun 17 18:41:27 +0000 2012"}, {"text": "on the American people's mind. If someone said to a bunch of American's hey, check this out, this GMO shit is cutting procreation, meaning", "created_at": "Mon Jun 18 03:42:25 +0000 2012"}, {"text": "It isn't just fat. Your liver is being attacked. People's stomachs are bulging from liver disease. GMO attacks liver. You eat a lot of GMO", "created_at": "Sun Jun 17 13:12:16 +0000 2012"}, {"text": "Update: Calif. voters to consider labels for GMO foods - U.S. News &amp; World Report http://t.co/SwUGPvab", "created_at": "Mon Jun 18 01:55:47 +0000 2012"}, {"text": "Oppose Plan for Untested GMOs in Food  http://t.co/h2R7l09q", "created_at": "Thu Jun 28 16:12:34 +0000 2012"}, {"text": "Nature evades the best efforts of GMOs http://t.co/iSFOL0MU", "created_at": "Thu Jun 28 21:33:09 +0000 2012"}, {"text": "Acreage of GMO crops. Take a look. #AMAZING http://t.co/6kYMl1Qo", "created_at": "Thu Jun 28 14:51:39 +0000 2012"}, {"text": "GMO Foods and the Consumer  http://t.co/ccQtWqs0  #GMO", "created_at": "Thu Jun 28 14:05:33 +0000 2012"}, {"text": "Tuh cici u kangen sama u win,,sabar ya la (  '\u0301\u2323'\u0300 )\u0283(\u00b4._.`) @chanstella Ohh jd gt, gmo balik jkt lg ... http://t.co/QTF6lpxx", "created_at": "Thu Jun 28 15:35:27 +0000 2012"}, {"text": "Regional list of non GMO seeds and Momsanto seeds... http://t.co/OOFJjKAg via @sharethis", "created_at": "Thu Jun 28 15:11:12 +0000 2012"}, {"text": "No GMOs here! http://t.co/R6Xciq1S", "created_at": "Thu Jun 28 11:05:56 +0000 2012"}, {"text": "@latimes GMO labeling petition for EVERYONE to sign! http://t.co/h4UAO6s5", "created_at": "Fri Jun 29 01:51:43 +0000 2012"}, {"text": "Corporate Front Groups Fight Against Labeling GMOs http://t.co/DJdJABMX", "created_at": "Fri Jun 29 01:21:25 +0000 2012"}, {"text": "GMO labeling victory! Measure accepted onto California ballot; now the real battle begins http://t.co/4tdw6A2F", "created_at": "Wed Jun 13 22:02:22 +0000 2012"}, {"text": "Home Remedies Help Restore your Health After Eating GMO Foods http://t.co/sxSAQTTv", "created_at": "Wed Jun 13 09:04:50 +0000 2012"}, {"text": "Update: Calif. voters to consider labels for GMO foods - U.S. News &amp; World Report http://t.co/i2KlGvAW", "created_at": "Wed Jun 13 20:55:03 +0000 2012"}, {"text": "This bill will allow GMO crops to be sold and grown here! \n\nGMO crops grow once...: This bill will allow GMO cro... http://t.co/JIhKgLw5", "created_at": "Wed Jun 13 21:37:34 +0000 2012"}, {"text": "Human blood protein placed in GMO rice http://t.co/FaiYdxt3", "created_at": "Wed Jun 13 14:19:33 +0000 2012"}, {"text": "California Voters to Decide on GMO Labeling | NationofChange http://t.co/Czk8dV2Z via @nationofchange", "created_at": "Wed Jun 13 18:24:21 +0000 2012"}, {"text": "Have you seen this?! You should. GMO explained for fools like me. Nice work @jameshutson http://t.co/fC39TaNj", "created_at": "Thu Jun 14 03:42:40 +0000 2012"}, {"text": "@samiskerlec GMo left his phone at his moms house... So don't be mad at him", "created_at": "Thu Jun 14 04:03:35 +0000 2012"}, {"text": "@SenBenNelson @Mike_Johanns next time something like S.Amdt.2310 GMO labeling comes up to vote, please vote YEA!  #monsanto = #abomination", "created_at": "Tue Jun 26 22:58:36 +0000 2012"}, {"text": "Survival Seeds Non-Hybrid 27 Varieties of Survival Vegetable Seeds Heirloom Seeds Non GMO Survival Seeds. Each v... http://t.co/Rs735Jsw", "created_at": "Tue Jun 26 16:20:26 +0000 2012"}, {"text": "URGENT: Don\u2019t Let the GMO Industry Make an End Run around the Courts! | The Alliance for Natural Health USA http://t.co/6VFxZMDB via @Digg", "created_at": "Tue Jun 26 16:31:56 +0000 2012"}, {"text": "Senate votes 73\u201326 to deny states the right to label GMO foods (Or, Meet your Monsanto Senators) - http://t.co/rxiZNbxb #p2 #tcot", "created_at": "Tue Jun 26 16:13:14 +0000 2012"}, {"text": "@BostonDotCom GMO labeling petition! http://t.co/h4UAO6s5", "created_at": "Wed Jun 27 00:27:44 +0000 2012"}, {"text": "Photo #Occupy: No-GMObile 3: catbird365 posted a photo: Anti GMO display DIY uses a... http://t.co/6woXgOyo #oBos #oLA #oDFW #p2 #tcot #tlot", "created_at": "Wed Jun 27 00:04:01 +0000 2012"}, {"text": "ScienceDaily - Transgenic technique 'eliminates' a specific neural circuit in brain of primates. http://t.co/QG62oXha #neurosurgery #neuro", "created_at": "Tue Jun 26 15:14:36 +0000 2012"}, {"text": "@TheEllenShow PLEASE sign this important GMO labeling petition! http://t.co/h4UAO6s5", "created_at": "Tue Jun 26 23:18:32 +0000 2012"}, {"text": "Approved for consumption #Monsanto #GMO corn causes organ failure in mammals http://t.co/XYevj1Is &lt; This is how awesome GMO are. #NoGMO", "created_at": "Tue Jun 26 11:10:42 +0000 2012"}, {"text": "@Komentar_Dana U dokumentu stoji da se mora ozna\u010davati GMO ako ima vi\u0161eod 0.5%, s tim da proizvo\u0111a\u010d mora dokazati da nije mogao osigurati", "created_at": "Tue Jun 26 13:54:35 +0000 2012"}, {"text": "http://t.co/nAYJDFFu (How California Could Force the Rest of the US to Label GMO Foods)", "created_at": "Sat Jun 02 16:11:01 +0000 2012"}, {"text": "Monsanto's Minions in California | GMO Labeling Campaign http://t.co/SmpMFEtm via @mercola", "created_at": "Sat Jun 02 17:32:22 +0000 2012"}, {"text": "Environmentalism and anti-science, how GMOs prove any ideological extremity leads to anti-science  http://t.co/wXenPJMw", "created_at": "Sat Jun 02 18:05:45 +0000 2012"}, {"text": "Answer: Hopefully.  RT @MotherJones: Will California force the rest of the US to label GMO foods? http://t.co/tooXhEP5", "created_at": "Sat Jun 02 23:35:03 +0000 2012"}, {"text": "Ich habe ein Video zu einer @YouTube-Playlist hinzugef\u00fcgt. http://t.co/18Z9QXCo GMO APPLES COMING SOON!", "created_at": "Sat Jun 02 19:42:34 +0000 2012"}, {"text": "MOG RT @bbnyoo29 @lucindamanda GMO", "created_at": "Wed Jun 27 22:02:55 +0000 2012"}, {"text": "Rand Paul Responds to GMO Debate http://t.co/AtG2wEY9", "created_at": "Wed Jun 27 16:49:00 +0000 2012"}, {"text": "@fumufufu gmo", "created_at": "Wed Jun 27 09:39:53 +0000 2012"}, {"text": "but, but, but, GMO foods prevent mass starvation!?!?!?! http://t.co/xuYOAQMG", "created_at": "Wed Jun 27 12:28:44 +0000 2012"}, {"text": "Monsanto unleashes Frescada GMO lettuce on the world\" on Global Illumination Council: http://t.co/D1hsfbds", "created_at": "Wed Jun 27 10:26:44 +0000 2012"}, {"text": "Number Decoder: A guide for choosing the right produce: ... with altered DNA. (No law requires GMO labeling, so ... http://t.co/cbl7Bk7L", "created_at": "Wed Jun 27 19:45:04 +0000 2012"}, {"text": "#vss: Adam&amp;Eve painting was almost restored. \u201cNow, change the apple, in times of GMO food nobody will believe that apples were that small.\u201d", "created_at": "Wed Jun 27 06:30:01 +0000 2012"}, {"text": "Astrocytic cytoskeletal atrophy in the medial prefrontal cortex of a triple transgenic mouse model of Alzheimer\u2019s di... http://t.co/r4L4DP9H", "created_at": "Thu Jun 28 03:24:47 +0000 2012"}, {"text": "RT: @healthy_sandy URGENT - TAKE ACTION: Pls Support The Farm Bill Amendment abt Labeling GMOs http://t.co/AgK3tdSm \u2026 via @livingmaxwell #in", "created_at": "Wed Jun 20 22:17:38 +0000 2012"}, {"text": "This is what we used to do back in highsku \ud83d\ude02 happy 15th bday GMO \ud83d\ude0d\ud83d\ude18 http://t.co/BEB35ll7", "created_at": "Wed Jun 20 09:58:02 +0000 2012"}, {"text": "Urgent: tell Senate to Label GMOs &amp; protect the environment http://t.co/ViO0Sd0y @food_democracy Please RT #FarmBill", "created_at": "Wed Jun 20 20:25:25 +0000 2012"}, {"text": "5 digit PLU starting with an 8 means genetically-modified produce. http://t.co/FnlEPiQQ", "created_at": "Wed Jun 20 20:59:10 +0000 2012"}, {"text": "GMO trees and the green economy: Green deserts for all? | Climate ...: In the United States, the GE tree company... http://t.co/MczuHsLe", "created_at": "Wed Jun 20 15:24:24 +0000 2012"}, {"text": "GMOs should be safety tested before they hit the market says AMA http://t.co/DyQqvQeu", "created_at": "Thu Jun 21 03:04:58 +0000 2012"}, {"text": "@alcyonmassive @cornflowermusic and evton b at the fam jam, chanting down GMOs http://t.co/uKJrSVIk http://t.co/fY6M1PLq", "created_at": "Thu Jun 21 03:39:02 +0000 2012"}, {"text": "Congress sides with Monsanto over GMO battle \u2014 RT http://t.co/hZHDUCUR", "created_at": "Thu Jun 21 04:21:52 +0000 2012"}, {"text": "GMO labeling cartoon: http://t.co/gni7p8Um", "created_at": "Thu Jun 21 22:31:30 +0000 2012"}, {"text": "Another photo uploaded today on http://t.co/IkOAzaqC of GMO labeling in Colombia #LIY http://t.co/9IGuuIIz", "created_at": "Fri Jun 22 00:22:50 +0000 2012"}, {"text": "Warning on BT larvicide: Harmful if inhaled or absorbed thru skin\u2014Keep out of reach of children. But Monsanto says OK INSIDE our GMO veggies", "created_at": "Thu Jun 21 12:57:08 +0000 2012"}, {"text": "DOA: Cows Fed GMO Corn Died, Syngenta Faces Criminal Charges: \n\nWhat's being called \"mysterious cattle deaths\" i... http://t.co/LIY4xqyb", "created_at": "Thu Jun 21 07:11:01 +0000 2012"}, {"text": "DOA: Cows Fed GMO Corn Died, Syngenta Faces Criminal Charges: \n\nWhat's being called \"mysteriou... http://t.co/wIYxsWZc @organicauthority", "created_at": "Thu Jun 21 07:11:02 +0000 2012"}, {"text": "Vt.Buzz: Sanders\u2019 GMO amendment goes to vote, fails http://t.co/xM3AmHLA", "created_at": "Thu Jun 21 17:34:03 +0000 2012"}, {"text": "@Leslie_M That is interesting news!  GMO is obviously in the spot light. It could be your immune system is maxed out from multitude of foods", "created_at": "Thu Jun 21 17:11:22 +0000 2012"}, {"text": "What are YOUR thoughts about this: Walmart to Sell Monsanto GMO Corn This Summer? Chime in with other GFM Friends: http://t.co/G8RXWMr9", "created_at": "Thu Jun 21 21:20:04 +0000 2012"}, {"text": "@OrganicConsumer Contacted my NY Senators to express my disappointment on their NO vote on GMO food labels. Not happy at all about it.", "created_at": "Fri Jun 22 05:22:21 +0000 2012"}, {"text": "GMOs should be tested before entering market says American Medical Association http://t.co/3k9I1K5G", "created_at": "Thu Jun 21 14:09:51 +0000 2012"}, {"text": "Congress sides with Monsanto over GMO battle \u2014 RT http://t.co/noFJTQmy", "created_at": "Thu Jun 21 06:33:47 +0000 2012"}, {"text": "GMO foods don't need special label, American Medical Assn. says http://t.co/fzjQ18Gg", "created_at": "Fri Jun 22 01:06:16 +0000 2012"}, {"text": "#EndTheLie Senate rejects amendment giving states the right to require GMO labeling http://t.co/tfmT4IX6", "created_at": "Fri Jun 22 04:08:57 +0000 2012"}, {"text": "Top 10 GMO Foods to Avoid Eating http://t.co/99me96uH  #csr #health #gmo", "created_at": "Tue Jun 05 16:11:36 +0000 2012"}, {"text": "I just heard that #GMOs survived inside the stomach of the people eating GMO food. The more I read,the more bothered I become:( #Organic!!", "created_at": "Tue Jun 05 17:45:43 +0000 2012"}, {"text": "GMOs and Glyphosate Linked to Infertility, Botulism and SIDS http://t.co/lc2zzGII", "created_at": "Tue Jun 05 17:13:17 +0000 2012"}, {"text": "Update: US: California Right to Know GMO generates $2 million - FreshPlaza http://t.co/hixB2nMp", "created_at": "Tue Jun 05 17:29:42 +0000 2012"}, {"text": "@brittasw Vandaag heel toevallig om een heel andere reden nog even naar Just Say No To GMO geluisterd...", "created_at": "Tue Jun 05 23:11:24 +0000 2012"}, {"text": "How California Could Force the Rest of the US to Label GMO Foods http://t.co/xOaqlZZW", "created_at": "Tue Jun 05 19:51:48 +0000 2012"}, {"text": "Activism in Progress: GMO Labeling (via http://t.co/zxTFR76E) http://t.co/c504qLZA", "created_at": "Tue Jun 05 19:34:27 +0000 2012"}, {"text": "Women on Farms use no pesticides, only organic, no GMO and using only seeds that are indigenous to Sth Africa. #HungerMyths", "created_at": "Thu Jun 07 09:12:56 +0000 2012"}, {"text": "@edcroft @UKValueInvestor It is, I mean dividends are irrelevant to me as an investor (and GMO apparently). Fundamentals only matter.", "created_at": "Thu Jun 07 07:37:27 +0000 2012"}, {"text": "GMOs and Glyphosate Linked to Infertility, Botulism and SIDS", "created_at": "Thu Jun 07 17:36:26 +0000 2012"}, {"text": "\"Corruption as France bans Monsanto\u2019s GMO maize.\"\n\nhttp://t.co/zQ2A9moS", "created_at": "Thu Jun 07 21:36:09 +0000 2012"}, {"text": "GMO oil booster RT @bicky_nata1: Oil booster apaan kus? Wkwkwk \"@_MarkusAnthony_: Oil booster bikin tarikan lbh ... http://t.co/eLPiUTtl", "created_at": "Thu Jun 07 14:11:10 +0000 2012"}, {"text": "Phony industry front groups getting ready to kill GMO labeling bill. California's\u2026 http://t.co/9mBFHbMf #googleplus", "created_at": "Fri Jun 08 03:04:59 +0000 2012"}, {"text": "California Leads the Way on GMO Labeling http://t.co/ZOPsjttK", "created_at": "Tue Jun 19 16:35:06 +0000 2012"}, {"text": "RT @EcoCentered: CA voters to decide on GMO labeling in Nov elections: http://t.co/4rVo8fUt #foodpolicy #foodsafety", "created_at": "Wed Jun 20 00:05:13 +0000 2012"}, {"text": "Genetically-Modified Papaya Hits Shelves in Japan. http://t.co/8jXuiMNX", "created_at": "Tue Jun 19 09:37:52 +0000 2012"}, {"text": "RT @RootdNCommunity: CA might just lead the way on GMO labeling http://t.co/JApkOR5j http://t.co/H2TvJAR7", "created_at": "Tue Jun 19 17:14:15 +0000 2012"}, {"text": "GMO Blog http://t.co/VGelj2gI", "created_at": "Tue Jun 19 14:28:45 +0000 2012"}, {"text": "Mom-Turned-Activist Launches National Movement to Boycott GMOs http://t.co/dl51gFgv", "created_at": "Tue Jun 19 23:45:36 +0000 2012"}, {"text": "Gamaudooong. Utoo ka:3RT @1Dellaw: Gamau ngalah ye._.hvancday:3RT @evatirx: Kek aku juga:$ gmorning too ka:3RT 1Dellaw: Unyu kyk aku:$ Gmo", "created_at": "Wed Jun 20 02:47:00 +0000 2012"}, {"text": "Truthout: Mom-Turned-Activist Launches National Movement to Boycott GMOs :\nhttp://t.co/4KDIaJCa #gmo #ct #vt #CARightToKnow #Africa", "created_at": "Wed Jun 20 03:26:34 +0000 2012"}, {"text": "California Gets Mandatory GMO Labeling On The Ballot | Care2 Causes http://t.co/T0RehlZj", "created_at": "Tue Jun 19 13:30:00 +0000 2012"}, {"text": "Amen. MT @infocyde: @HappyDae I'm not even anti-gmo, even though I tweet a lot about GMO issues, we just need good testing and openness.", "created_at": "Fri Jun 22 16:35:36 +0000 2012"}, {"text": "Reading: How California\u2019s GMO Labeling Law Could Limit Your Food Choices and Hurt the Poor http://t.co/swArglVL", "created_at": "Sat Jun 23 00:48:28 +0000 2012"}, {"text": "Sipping A Cup of Starbucks\u2019 GMO Latte - green it all http://t.co/Y3z280OV", "created_at": "Fri Jun 22 09:46:54 +0000 2012"}, {"text": "GMO foods don't need special label, American Medical Assn says http://t.co/OUdYZNrh -Chicago Trib", "created_at": "Fri Jun 22 12:59:02 +0000 2012"}, {"text": "You is germo!!! (`\u25bd\u00b4)-\u03c3 \"@rakka_ramadhan: What do you talking about ?RT @ruthshiltors Gmo \"@rakka_ramadhan: OmgRT", "created_at": "Fri Jun 22 07:44:39 +0000 2012"}, {"text": "The GMO labeling crusade is not over! --&gt; Senate Votes No on Food Labeling via Bernie Sanders U.S. Senator Vermont http://t.co/zKbdpB4J", "created_at": "Fri Jun 22 17:31:25 +0000 2012"}, {"text": "TREEHUGGER: Senate Votes to Keep Consumers in the Dark About GMO Ingredients: \nAn amendment to the Farm Bill whi... http://t.co/wogqUEZP", "created_at": "Fri Jun 22 14:00:41 +0000 2012"}, {"text": "EATING GMO CORN CAN TURN YOUR GUT INTO A LIVING PESTICIDE FACTORY http://t.co/yFNk2TJ6", "created_at": "Fri Jun 22 18:11:12 +0000 2012"}, {"text": "\u201c@Intelwar: Rand Paul Votes NO On GMO Labeling: http://t.co/dhSXPdjr\u201d. /we lost him!\n@makiwa", "created_at": "Fri Jun 22 23:49:13 +0000 2012"}, {"text": "Pdhl mah seb'y gue tw klo tlp'y blm dmtiin,cm krn gue gmo aja gue dluan yg tu2p..,jd gue diemin deh hhaaa #pengakuandosa", "created_at": "Fri Jun 22 13:34:02 +0000 2012"}]