[{"text": "GMO &lt;OMG as if yous wanna TREND \"Night Harry\" pure sweetness my arse. Should be trending \"Night @edsheeran \" WORLDWIDE. lateeeers.", "created_at": "Thu Feb 16 23:19:06 +0000 2012"}, {"text": "Tell @Walmart: Stand up for consumer safety and reject Monsanto's untested, unlabeled GMO sweet corn: http://t.co/MASgDhXD @CREDOMobile #gmo", "created_at": "Thu Feb 16 17:41:45 +0000 2012"}, {"text": "good going Boulder! \u201c@farminthehood: Boulder, Colorado Bans Growing of GMO Crops http://t.co/oalyk8kT\u201d", "created_at": "Fri Feb 17 01:11:07 +0000 2012"}, {"text": "good going Boulder! \u201c@farminthehood: Boulder, Colorado Bans Growing of GMO Crops http://t.co/oalyk8kT\u201d", "created_at": "Fri Feb 17 01:11:07 +0000 2012"}, {"text": "Healthy Budget: Growing with Non GMO Seed for Home Garden http://t.co/1odWj56x", "created_at": "Thu Feb 16 13:50:18 +0000 2012"}, {"text": "Activist Post: GMO Foods and Intellectual Property: The Ultimate Food Fight http://t.co/YFLmMt94", "created_at": "Thu Feb 16 18:56:07 +0000 2012"}, {"text": "Tell @Walmart: Stand up for consumer safety and reject Monsanto's untested, unlabeled GMO sweet corn: http://t.co/Epgz5WF8 @CREDOMobile #gmo", "created_at": "Thu Feb 16 18:01:44 +0000 2012"}, {"text": "Tell @Walmart: Stand up for consumer safety and reject Monsanto's untested, unlabeled GMO sweet corn: http://t.co/vzyNMoO2 @CREDOMobile #gmo", "created_at": "Thu Feb 16 18:13:48 +0000 2012"}, {"text": "Tell @Walmart: Stand up for consumer safety and reject Monsanto's untested, unlabeled GMO sweet corn: http://t.co/GVROZQey @CREDOMobile #gmo", "created_at": "Thu Feb 16 18:44:27 +0000 2012"}, {"text": "Urgent: FDA: US citizens: \ntell the FDA\n to label GMO foods. http://t.co/wWj3l2YJ", "created_at": "Thu Feb 16 21:49:36 +0000 2012"}, {"text": "Tell @Walmart: Stand up for consumer safety and reject Monsanto's untested, unlabeled GMO sweet corn: http://t.co/uUsXr7qL @CREDOMobile #gmo", "created_at": "Thu Feb 16 22:30:32 +0000 2012"}, {"text": "Tell @Walmart: Stand up for consumer safety and reject Monsanto's untested, unlabeled GMO sweet corn: http://t.co/AAzcEHmU @CREDOMobile #gmo", "created_at": "Thu Feb 16 22:51:39 +0000 2012"}, {"text": "Tell @Walmart: Stand up for consumer safety and reject Monsanto's untested, unlabeled GMO sweet corn: http://t.co/C1wE1CSd @CREDOMobile #gmo", "created_at": "Thu Feb 16 22:33:15 +0000 2012"}, {"text": "http://t.co/8yCsWFVN\nGMO and Farm bill in Congress", "created_at": "Thu Feb 16 22:54:20 +0000 2012"}, {"text": "Tell @Walmart: Stand up for consumer safety and reject Monsanto's untested, unlabeled GMO sweet corn: http://t.co/sJ6rOlmw @CREDOMobile #gmo", "created_at": "Thu Feb 16 16:22:02 +0000 2012"}, {"text": "Tell @Walmart: Stand up for consumer safety and reject Monsanto's untested, unlabeled GMO sweet corn: http://t.co/Q8qGpfQ8 @CREDOMobile #gmo", "created_at": "Thu Feb 16 16:57:50 +0000 2012"}, {"text": "GMO shorting China real estate, Australian miners", "created_at": "Thu Feb 16 16:29:06 +0000 2012"}, {"text": "Tell @Walmart: Stand up for consumer safety and reject Monsanto's untested, unlabeled GMO sweet corn: http://t.co/y0QmNO5s @CREDOMobile #gmo", "created_at": "Thu Feb 16 16:26:33 +0000 2012"}, {"text": "All aboard the transgenic Titanic http://t.co/hGiv8ikb #agchat #profood", "created_at": "Fri Feb 17 00:02:47 +0000 2012"}, {"text": "Tell @Walmart: Stand up for consumer safety and reject Monsanto's untested, unlabeled GMO sweet corn: http://t.co/xOuQYeA2 @CREDOMobile #gmo", "created_at": "Thu Feb 16 20:55:10 +0000 2012"}, {"text": "Tell @Walmart: Stand up for consumer safety and reject Monsanto's untested, unlabeled GMO sweet corn: http://t.co/mmRIGOoX @CREDOMobile #gmo", "created_at": "Thu Feb 16 14:38:36 +0000 2012"}, {"text": "@Clever2X: Tell @Walmart: Stand up for consumer safety and reject Monsanto's untested, unlabeled GMO sweet corn: http://t.co/7ga6X15k @C ...", "created_at": "Thu Feb 16 14:28:56 +0000 2012"}, {"text": "Bill Gates Rebranding GMOs as \u201cHigh-Tech Agriculture\u201d:  Mike Adams - Bill Gates, an open eugenicist... http://t.co/jnTWkaCP\n #theintelhub", "created_at": "Thu Feb 16 14:03:44 +0000 2012"}, {"text": "RT @happysimplelivn: Tell @Walmart: Stand up for consumer safety and reject Monsanto's untested, unlabeled GMO sweet corn:...", "created_at": "Thu Feb 16 14:46:58 +0000 2012"}, {"text": "Tell @Walmart: Stand up for consumer safety and reject Monsanto's untested, unlabeled GMO sweet corn: http://t.co/vomPb72D @CREDOMobile #gmo", "created_at": "Fri Feb 17 05:55:00 +0000 2012"}, {"text": "RT @vincecaso Some very simple steps you can take to take some power away from Monsanto and other GMO providers: http://t.co/ildedqEm / YES!", "created_at": "Fri Feb 10 23:02:46 +0000 2012"}, {"text": "@RawbinWarfare gmo", "created_at": "Sat Feb 11 01:46:19 +0000 2012"}, {"text": "Zambia is an importer of consumables most of which may contain GMO ingredients http://t.co/GZY9M5WJ", "created_at": "Fri Feb 10 08:47:07 +0000 2012"}, {"text": "Origin expects to grow China's first GMO corn in 2013 http://t.co/lKxtbB63 via @reuters", "created_at": "Fri Feb 10 11:48:12 +0000 2012"}, {"text": "Use transgenic fish to make bioluminescent sushi rolls (Video): \n\t\t\t\t\t\t\t\t\t\t\t\t\t\t\t\n\t\t\t\t\t\t\t\t\t\t\t\n\t\t\t\t\t\t\t\t\t\n\t\t\t\tReall... http://t.co/ZTo6JFdd", "created_at": "Fri Feb 10 18:35:11 +0000 2012"}, {"text": "How to get involved with stopping Monsanto GMO killing foods. http://t.co/TNAUkeHo", "created_at": "Fri Feb 10 18:07:58 +0000 2012"}, {"text": "Bountiful local non GMO papaya! http://t.co/HC6l3FsN", "created_at": "Fri Feb 10 18:17:00 +0000 2012"}, {"text": "GMO debate: Consumer activists seek labeling of genetically modified foods - Page 2 - Chicago Tribune http://t.co/W95m2PAs @Joerogan", "created_at": "Fri Feb 10 15:08:20 +0000 2012"}, {"text": "GMOs news and articles http://t.co/Cl81VT8n", "created_at": "Sat Feb 11 02:43:09 +0000 2012"}, {"text": "These are not Monsanto-owned after all: but they do use GMOs in their foods.  Either way: avoid these. http://t.co/tO8ABeC7", "created_at": "Wed Feb 29 23:38:25 +0000 2012"}, {"text": "Bladderwrack is a safe alternative to GMO soy to support women's health http://t.co/nfQ3MdLD", "created_at": "Wed Feb 29 10:37:57 +0000 2012"}, {"text": "My goodness, they do seem to have a monopoly on the mainstream food market! LET'S TURN GMO into GROWED MY OWN &lt;3 http://t.co/vZZCzLJ7", "created_at": "Wed Feb 29 08:12:47 +0000 2012"}, {"text": "The Gmo Trilogy And Seeds of Deception Set (Paperback) http://t.co/11BQpEC5", "created_at": "Wed Feb 29 08:00:50 +0000 2012"}, {"text": "Press Alert: Development of marker-free transgenic Jatropha plants with increased levels of seed oleic acid ... http://t.co/HDqwdq5c", "created_at": "Wed Feb 29 21:05:57 +0000 2012"}, {"text": "New Vermont GMO Labeling Policy Officially Introduced http://t.co/E1ykPFSO via @mercola", "created_at": "Wed Feb 29 22:24:23 +0000 2012"}, {"text": "Monsanto asks its scientists if global warming is real http://t.co/dXWlVIYC =&gt;No doubt so they can claim their GMOs are the solution!....", "created_at": "Wed Feb 29 15:21:16 +0000 2012"}, {"text": "Bladderwrack is a safe alternative to GMO soy to support women's health http://t.co/6ba7WWjC via @HealthRanger", "created_at": "Wed Feb 29 16:43:46 +0000 2012"}, {"text": "New Vermont GMO Labeling Policy Officially Introduced http://t.co/CBQInRNX via @mercola", "created_at": "Wed Feb 29 16:55:10 +0000 2012"}, {"text": "Dr. Arpad Pusztai Effects of Feeding GMO Potatoes To Rats (Pt. 1)  http://t.co/zROekkeL", "created_at": "Wed Feb 29 19:53:13 +0000 2012"}, {"text": "Non GMO and no soy lecithin! Hooray! http://t.co/WQ6vEPC2", "created_at": "Wed Feb 29 20:07:17 +0000 2012"}, {"text": "GMOs", "created_at": "Wed Feb 29 09:45:22 +0000 2012"}, {"text": "Enjoy Pesticides in Every Bite of GMO Food? http://t.co/Nh7UocbI via @mercola", "created_at": "Wed Feb 29 09:33:19 +0000 2012"}, {"text": "GMOs with \u2018stacked traits\u2019 exponentially more harmful to humans due to synergistic toxicity http://t.co/ELlbZ0Ku", "created_at": "Wed Feb 29 07:29:12 +0000 2012"}, {"text": "wtf is a transgenic monkey #confused #screwed", "created_at": "Thu Mar 01 03:02:12 +0000 2012"}, {"text": "@babaduck71 @rickoshea Teagasc Plans to run openfield GMO trials? @seamussheridan1 is really annoyed, as am I!", "created_at": "Wed Feb 29 12:27:04 +0000 2012"}, {"text": "GMO -________-", "created_at": "Wed Feb 29 12:34:13 +0000 2012"}, {"text": "Tell@Walmart: Stand up for consumer safety reject Monsanto's untested, unlabeled GMO sweet corn: http://t.co/tmgLUAnu@CREDOMobile #gmo", "created_at": "Sat Feb 18 21:43:10 +0000 2012"}, {"text": "uoy kcuf gmo", "created_at": "Sat Feb 18 19:02:33 +0000 2012"}, {"text": "Interviewed a new band on tour...Electric Touch for program Tour Stop. They were great. Greenhouse HMO GMO planting tomorrow. Snow-no biking", "created_at": "Sat Feb 18 09:18:36 +0000 2012"}, {"text": "Roundup in your Urine; Useless Corn Approved; GMOs Unsustainable - Food Consumer http://t.co/LTsOjdtk", "created_at": "Sun Feb 19 03:26:25 +0000 2012"}, {"text": "GRANTHAM'S MARKET FORECAST: International Stocks Fine, US Stocks And Bonds Horrible, Trees Good: \nGMO has releas... http://t.co/uOWpqdyI", "created_at": "Sat Feb 18 14:07:51 +0000 2012"}, {"text": "Huge victory against GMOs as Monsanto driven out of the UK by consumer protests http://t.co/q1RfztvJ via @HealthRanger", "created_at": "Fri Feb 03 13:22:33 +0000 2012"}, {"text": "Correction: victory against GMOs and Monsanto not achieved in UK http://t.co/bI5t7MtA via @HealthRanger", "created_at": "Fri Feb 03 18:54:17 +0000 2012"}, {"text": "FDA + OBA + EMA + GMO + IRB + IBC + REC + LEC = way too many acronyms and paperwork. #lifeonthecuttingedgeofbiotech", "created_at": "Fri Feb 03 18:41:06 +0000 2012"}, {"text": "Hawaii.... get out there and end GMO on your lands!!! http://t.co/eQXqRjMI", "created_at": "Fri Feb 03 18:16:31 +0000 2012"}, {"text": "New Blog Post: Huge victory against GMOs as Monsanto driven out of the UK by consumer protests http://t.co/kw7D0KzK", "created_at": "Fri Feb 03 18:00:11 +0000 2012"}, {"text": "Dr. Mercola Interviews Dr. Huber about GMO (Part 2 of 2) http://t.co/0h6GG1ca", "created_at": "Fri Feb 03 16:18:45 +0000 2012"}, {"text": "Genetically Modified Monkeys: Roku and Hex:  New-born, genetically-modified monkeys Roku (L) and Hex are seen at... http://t.co/rad2amZI", "created_at": "Fri Feb 03 20:10:05 +0000 2012"}, {"text": "The Flip-Side: What Bill Gates Doesn't Know About GMOs http://t.co/veHsYXss via @TakePart", "created_at": "Fri Feb 03 20:17:03 +0000 2012"}, {"text": "Huge victory against GMOs as Monsanto driven out of the UK by consumer protests http://t.co/NaVDjqh7", "created_at": "Fri Feb 03 09:53:01 +0000 2012"}, {"text": "Check out http://t.co/YbJBpnU6 to learn more about grassroots advocacy of GMO labeling\n\nhttp://t.co/sFxVNinx http://t.co/6jp9CHJ8", "created_at": "Fri Feb 03 14:35:36 +0000 2012"}, {"text": "Huge victory against GMOs as Monsanto driven out of the UK by consumer protests http://t.co/1nQMWpVb via @HealthRanger", "created_at": "Fri Feb 03 14:17:23 +0000 2012"}, {"text": "Super Weeds and Wonder Worms: GMO Corn\u2019s Legion of Doom\" from @NRDC's @OnEarthMag: http://t.co/9EBg2ND4", "created_at": "Sat Feb 04 05:21:51 +0000 2012"}, {"text": "RT @Poet_Carl_Watts: 21 \"Food Supply Threatened by GMO Crops\" http://t.co/rW0GnzvH #Info4U!", "created_at": "Mon Feb 06 23:14:00 +0000 2012"}, {"text": "RT @8papyrus: @TheKFDA \ub300\ud55c\ubbfc\uad6d \uc2dd\uc57d\uccad\uc774\ub77c\ub294 \uacf3\uc774 \uad6d\ubbfc\ub4e4 \uac74\uac15\uc774 \ub9dd\uac00\uc9c0\ub4e0 \uc554\uc5d0 \uac78\ub9ac\ub4e0 GMO \ud64d\ubcf4\ud558\uae30\uc5d0 \ubc14\uc058\ub2e4. \uc758\ubb34\ud45c\uae30\ubc95\ub97c \ub354 \uc720\ub7fd \uc218\uc900\uc73c\ub85c \ub9de\ucdb0\uc57c \uad6d\ubbfc\ub4e4\uc774 \uac74\uac15\ud574\uc9c4\ub2e4.\ub204\uad6c \uc785\uae40\uc5d0 \ubc95 \uac1c\uc815... http://t.co/OLhRGnJK", "created_at": "Mon Feb 06 17:49:06 +0000 2012"}, {"text": "@albertheijn: stop met die misleiding over 'verantwoorde' soja. GMOs zijn in alle opzichten dodelijk! http://t.co/ozyhtyoQ\u2026  #GMO", "created_at": "Mon Feb 06 11:29:59 +0000 2012"}, {"text": "@emmadawsonn It's all of unit one I think, so it's everything from prokaryotes and eukaryotes to the transgenic plant stuff.", "created_at": "Mon Feb 06 21:59:27 +0000 2012"}, {"text": "@Calestous  GMO is beneficial to the seed companies and not for peasant farmers.don't impose ideas on future generations.", "created_at": "Tue Feb 07 06:35:10 +0000 2012"}, {"text": "Germany Decides Genetically-Modified Foods Are Not Welcome | Care2 Healthy Living http://t.co/E3WkgIA7", "created_at": "Mon Feb 06 09:31:14 +0000 2012"}, {"text": "Monsanto Investor Bill Gates Says GMO Crops Needed to Fight Starvation\n http://t.co/tcnmxUXZ", "created_at": "Mon Feb 06 12:19:04 +0000 2012"}, {"text": "Android: FDA approved Aspartame, an artificial sweetener, contains GMO deadly bacteria http://t.co/kkx1PUzN", "created_at": "Thu Feb 02 01:00:05 +0000 2012"}, {"text": "@Mz_T0ky0 lol yeah they tryna control that too where u have to go through sveral companies to buy seeds that are GMO smh", "created_at": "Wed Feb 01 08:04:09 +0000 2012"}, {"text": "#infowars Aspartame is Made of GMO Bacteria Feces: Infowars Nightly News http://t.co/oJbkcOds #nwo #news", "created_at": "Wed Feb 01 21:11:25 +0000 2012"}, {"text": "Lesson plans on gmos http://t.co/2pT0RXCK", "created_at": "Wed Feb 01 19:04:47 +0000 2012"}, {"text": "@WholeFoods @nellstephenson Grains have HIGH glycemic, and heavily processed. Some people also \"thrive\" on GMO soy. #WakeUp Read #WheatBelly", "created_at": "Thu Feb 02 03:32:51 +0000 2012"}, {"text": "Wan Ja Shan Organic Soy Sauce 10 oz: Our organic soy sauce is guaranteed organic and totally free of any GMO alt... http://t.co/xBBo9GXZ", "created_at": "Wed Feb 01 12:29:24 +0000 2012"}, {"text": "Tell Your Grocer: We Want GMOs & Factory Farm Products Labeled! http://t.co/EuHusM3k", "created_at": "Thu Feb 02 05:06:01 +0000 2012"}, {"text": "Apocalyptic Visions of a GMO Future: Engineered Food Destroying Gut Flora, DNA &amp; Cells http://t.co/syVrVHvP", "created_at": "Fri Feb 24 23:05:14 +0000 2012"}, {"text": "\"Je\u017celi ju\u017c zdecydujemy si\u0119 unika\u0107 produkt\u00f3w GMO w naszej diecie, na jakie produkty nale\u017cy zwr\u00f3ci\u0107 szczeg\u00f3ln\u0105... http://t.co/Z0R4bKFb", "created_at": "Fri Feb 24 13:58:11 +0000 2012"}, {"text": "MONSANTO CAFETERIA BANS GMO FOODS    http://t.co/SdRkXojW", "created_at": "Fri Feb 24 19:10:24 +0000 2012"}, {"text": "CT Bill seeks GMO labels on products - CT Green Scene", "created_at": "Fri Feb 24 09:51:17 +0000 2012"}, {"text": "USDA to Give Monsantos New GMO Crops Special Speed Approval http://t.co/3wG4AqNT", "created_at": "Fri Feb 24 07:45:21 +0000 2012"}, {"text": "@shellsbellsnd worse,their gmos could lead to a worldwide famine under the right conditions", "created_at": "Fri Feb 24 07:10:15 +0000 2012"}, {"text": "haha juga^^ RT: @muamar28: \u263a hahaha\"@ladymau7: -_____- RT: @muamar28: Gmo RT \"@ladymau7: omg\"\"", "created_at": "Fri Feb 24 12:55:13 +0000 2012"}, {"text": "pentinglahhh,gw gmo ad yg slh phm and benci sam gw cuma gr\" mslh spele mending ngomong lngsung ajah deh RT @RDjayy pentng ya emang ,! hah ?", "created_at": "Fri Feb 24 14:22:31 +0000 2012"}, {"text": "Government approved DDT in the past, GMOs now - Sacramento Bee http://t.co/E8LErJOg", "created_at": "Sat Feb 25 05:54:23 +0000 2012"}, {"text": "Not so smart after all!  The Flip-Side: What Bill Gates Doesn't Know About GMOs |  http://t.co/916KExcb via @TakePart", "created_at": "Sat Feb 04 18:53:08 +0000 2012"}, {"text": "@Aloha_Analytics #Hawaii #GMO Justice Coalition calls for massive protest against GMO Foods on February 21 http://t.co/xoBrIhbM\u2026 #health", "created_at": "Sat Feb 04 09:51:39 +0000 2012"}, {"text": "Hungary Destroys All Monsanto GMO Corn Fields", "created_at": "Sat Feb 11 13:32:11 +0000 2012"}, {"text": "@stacyherbert Why don't farmers just sue Monsanto for deliberately contaminating their fields with GMO garbage?", "created_at": "Sat Feb 11 08:28:03 +0000 2012"}, {"text": "@AJInsideStoryAm MONSANTO BANS IT'S OWN GMO FOOD FROM IT'S CORPORATE CANTEENS_Barack HAS INSTALLED MONSANTO IN OUR FDA? http://t.co/Qqhr1k8p", "created_at": "Sat Feb 11 11:10:50 +0000 2012"}, {"text": "#Fukushima much? v @cinnamon_carter: RT @Earthnik Use transgenic fish to make bioluminescent sushi rolls http://t.co/kS0OiVXb #GMO #Insanity", "created_at": "Sat Feb 11 18:49:40 +0000 2012"}, {"text": "gmos will be on tour and at the premier of his new film, LISTEN TO THE SILENCE...everyone skates and rips at... http://t.co/yS5m5B8Q", "created_at": "Sat Feb 11 18:06:02 +0000 2012"}, {"text": "@FDA @FBI @barackobama @OccupyNetwork @Housecommerce Vermont Intros Monumental GMO Labeling Legislation | Wake Up World http://t.co/BOuE5xvs", "created_at": "Sat Feb 11 18:05:11 +0000 2012"}, {"text": "Vermont Introduces Monumental GMO Labeling Legislation | Wake Up World http://t.co/2NLbq7Aj via @wibiya", "created_at": "Sat Feb 11 21:13:04 +0000 2012"}, {"text": "Approved for consumption Monsanto GMO corn causes organ failure in mammals via @huffpostgreen http://t.co/UZBb1fnu via @HuffingtonPost", "created_at": "Sat Feb 11 19:50:56 +0000 2012"}, {"text": "RT @joshnamaharaj: i want to hold a fundraiser so that we can afford to use higher quality oils in patient meals than cheap GMO canola.", "created_at": "Tue Feb 14 23:47:25 +0000 2012"}, {"text": "CNN Hero of the Year 'Mother Robin' warns that GMOs may cause widespread umbilical cord deformities http://t.co/ZWfwJpLB via @HealthRanger", "created_at": "Tue Feb 14 22:12:51 +0000 2012"}, {"text": "This convenience product contains dextrose as well as other hidden GMO ingredience. http://t.co/zM2uKbxc", "created_at": "Tue Feb 14 15:53:53 +0000 2012"}, {"text": "@TheRealRoseanne you get my vote. Please burn GMO crops and remove trans fats from all foods and limit the refined sugar. Love u ma'am", "created_at": "Wed Feb 15 00:09:33 +0000 2012"}, {"text": "gmo vcs ta? e qe ta rolando umas coisas ai eu to deixando de fik mto aki mais vo voltar amanha de manha", "created_at": "Tue Feb 14 09:43:25 +0000 2012"}, {"text": "The trouble with Monsanto and GMO \u2013 Dr David Suzuki spells it out http://t.co/QZXTqrSj", "created_at": "Wed Feb 15 04:20:44 +0000 2012"}, {"text": "Farmers Sue Monsanto Over GMO Patents http://t.co/3nYu9J4i", "created_at": "Wed Feb 15 02:37:04 +0000 2012"}, {"text": "\u201c@destined2beme17 The FDA is on the brink of approving GMO salmon. This would be the first (cont) http://t.co/luLkZXDU", "created_at": "Thu Feb 16 01:43:58 +0000 2012"}, {"text": "@Bordbia  updated links to EU Gmo free regions..http://bit.ly/ybCESG", "created_at": "Wed Feb 15 13:17:10 +0000 2012"}, {"text": "15 Ways to take a stand against Monsanto and avoid GMO foods http://t.co/aWp0PCyx", "created_at": "Wed Feb 15 13:06:03 +0000 2012"}, {"text": "\ub18d\uc0b0\ubb3c \uc548\uc804\uad00\ub9ac\ub97c \ub300\ud3ed \uac15\ud654? \uadfc\ub370 \uadf8 \uae34\uae00 \uc5b4\ub514\uc5d0\ub3c4 \uc774\ubbf8 \uc3df\uc544\uc838 \ub4e4\uc5b4\uc624\ub294 GMO \uc791\ubb3c\uc5d0 \ub300\ud55c \uc5b8\uae09\uc740 \ucee4\ub155..\ud604\uc7ac \uad6d\ub0b4 \uc2dc\ubc94\uc0dd\uc0b0\uacfc\uc815\uc5d0 \uc774\ubbf8 \ub3cc\uc785\ub418\uc788\ub294 GMO\uc791\ubb3c\uc5d0 \ub300\ud55c \uc5b8\uae09\uc774 \ud55c\ub9c8\ub514\ub3c4 \uc5c6\ub294 \uc774\uc720\uac00?? ... http://t.co/keZriZ6R --", "created_at": "Wed Feb 15 18:58:32 +0000 2012"}, {"text": "@caitmoroney my boy gmo &lt;333", "created_at": "Wed Feb 15 21:36:10 +0000 2012"}, {"text": "Got brain dissections tomorrow on these transgenic mice & I'm slick excited!!!", "created_at": "Thu Feb 16 00:27:25 +0000 2012"}, {"text": "[news] VIDEO: GMOs and Free Speech: Scientists Under Attack http://t.co/oZBEqouf #nwo", "created_at": "Wed Feb 15 20:28:03 +0000 2012"}, {"text": "RT @prismsinc Infowars: Bill Gates Rebranding GMOs as \u201cHigh-Tech Agriculture\u201d http://t.co/T8JszZkE #tcot #ocra #ampat http://t.co/FgxXE3j5", "created_at": "Thu Feb 16 02:18:38 +0000 2012"}, {"text": "USDA to Give Monsanto\u2019s New GMO Crops Special \u2018Speed Approval\u2019 http://t.co/d1oGT7A4", "created_at": "Thu Feb 23 17:26:10 +0000 2012"}, {"text": "GMO RALLY Hawaii State Capitol 2012 http://t.co/wt6HIhw9", "created_at": "Fri Feb 24 01:18:17 +0000 2012"}, {"text": "Tell @Walmart: Stand up for consumer safety and reject Monsanto's untested, unlabeled GMO sweet corn: http://t.co/52W8UDW9 @CREDOMobile #gmo", "created_at": "Thu Feb 23 22:38:03 +0000 2012"}, {"text": "Monsanto's Bt GMO corn to be sold at Wal-Mart with no indication it is genetically modified http://t.co/r971cDwK via @HealthRanger", "created_at": "Thu Feb 23 22:58:41 +0000 2012"}, {"text": "GMOs - chickens who have been genetically modified to not grow feathers: http://t.co/7PIKZYSs", "created_at": "Thu Feb 23 19:44:51 +0000 2012"}, {"text": "Tell @Walmart: Stand up for consumer safety and reject Monsanto's untested, unlabeled GMO sweet corn: http://t.co/e9awbr5V @CREDOMobile #gmo", "created_at": "Thu Feb 23 20:17:03 +0000 2012"}, {"text": "@michaelpollan Sure you won't but I'll ask anyway - willing to do a PSA spot to support labeling GMOs in CA?", "created_at": "Fri Feb 24 04:51:24 +0000 2012"}, {"text": "Tell @Walmart: Stand up for consumer safety and reject Monsanto's untested, unlabeled GMO sweet corn: http://t.co/nyslGV5L @CREDOMobile #gmo", "created_at": "Thu Feb 23 14:35:23 +0000 2012"}, {"text": "Tell @Walmart: Stand up for consumer safety and reject Monsanto's untested, unlabeled GMO sweet corn: http://t.co/kO4Lix3h @CREDOMobile #gmo", "created_at": "Thu Feb 23 14:52:22 +0000 2012"}, {"text": "#CFAEM12 Mar 1 Webcast: Arjun Divecha of GMO on the next major trend in emerging markets, 10:25AM EST http://t.co/SL78rNfH #India #Invest", "created_at": "Sat Feb 25 13:00:02 +0000 2012"}, {"text": "Healthy Budget: Growing with Non GMO Seed for Home Garden http://t.co/eJXrjwVD", "created_at": "Sat Feb 25 18:04:33 +0000 2012"}, {"text": "YES I am. \u201c@grist: Are you one of the 93% of Americans who wants to see GMOs labeled? Read this: http://t.co/bhJCqa9o\u201d", "created_at": "Sun Feb 26 06:33:41 +0000 2012"}, {"text": "Bill Gates: We Need Genetically Modified Seeds & OCA's Response: We Need Organic, Not GMO Cro http://t.co/2HwQi2Dy #sustainability #organic", "created_at": "Sat Feb 25 16:05:12 +0000 2012"}, {"text": "Tell @Walmart: Stand up for consumer safety and reject Monsanto's untested, unlabeled GMO sweet corn: http://t.co/2dd4qfdZ @CREDOMobile #gmo", "created_at": "Sat Feb 25 07:14:06 +0000 2012"}, {"text": "What Are the Health Effects of Eating GMO Foods #646 http://t.co/H35qlZ3x", "created_at": "Sun Feb 26 03:01:13 +0000 2012"}, {"text": "Lawsuit Slams \u201cAll Natural\u201d Snack Makers for Containing Harmful GMO Ingredients -  Anthony... http://t.co/uhyhvgTm", "created_at": "Sat Feb 25 14:27:23 +0000 2012"}, {"text": "Recent studies demonstrate the dangers that GMOs pose to human health and the environment", "created_at": "Sat Feb 25 14:53:23 +0000 2012"}, {"text": "RT @sarafnovak: New Vermont GMO Labeling Policy Officially Introduced http://t.co/vW1u32cE #GMOlabeling", "created_at": "Wed Feb 08 17:25:08 +0000 2012"}, {"text": "#ICT As Biotech Debate Rages on, More GMOs Get Planted: Even as both sides continue to wage a battle around whet... http://t.co/hUVFoKZR", "created_at": "Wed Feb 08 21:02:53 +0000 2012"}, {"text": "As Biotech Debate Rages on, More GMOs Get Planted: Even as both sides continue to wage a battle around whether o... http://t.co/U5WZ26Ba", "created_at": "Wed Feb 08 21:00:59 +0000 2012"}, {"text": "Companies involved in gmo production always stress on the advantages of GMO production as a way of meeting food demand. http://t.co/MfZQmfmT", "created_at": "Wed Feb 08 20:11:41 +0000 2012"}, {"text": "GMO Labeling Advocate Gets Face Time with Monsanto CEO and Executive Team: http://t.co/0HmrDKMV via @AddThis", "created_at": "Thu Feb 09 02:15:07 +0000 2012"}, {"text": "The Science of Transgenic Technology Part 2 of 2 -  This video describes the use of transgenic organisms to study... http://t.co/1dZ7jEJX", "created_at": "Thu Feb 09 05:01:11 +0000 2012"}, {"text": "As Biotech Debate Rages on, More GMOs Get Planted\nhttp://t.co/ww0zKCwd", "created_at": "Thu Feb 09 05:18:20 +0000 2012"}, {"text": "Want GMO Salmon on Your Plate?Tell Jerry Hill,'No!' Today Patch http://t.co/UPIFxiQt", "created_at": "Thu Feb 09 22:58:29 +0000 2012"}, {"text": "Obama administration trying to bully Europe into using GMO crops. http://t.co/6tOmWqAb via @CofCC76 @JohnFugelsang #OWS", "created_at": "Thu Feb 09 22:48:23 +0000 2012"}, {"text": "I'm hardcore on GMO. I think anyone who creates GMO foods should be genetically modified themselves.", "created_at": "Thu Feb 09 16:38:59 +0000 2012"}, {"text": "Biotech rice slated for release next year: A genetically-modified rice that contains enhanced levels of beta car... http://t.co/mUeefhYH", "created_at": "Thu Feb 09 16:52:34 +0000 2012"}, {"text": "GMO Foods / Nephilim - Shows - Coast to Coast AM http://t.co/LFZyd3BQ", "created_at": "Thu Feb 09 19:41:35 +0000 2012"}, {"text": "15 Ways to take a stand against Monsanto and avoid GMO foods http://t.co/Q72ZjiYs via @examinercom", "created_at": "Fri Feb 10 02:24:29 +0000 2012"}, {"text": "GMO Right 2 Know Campaign leader & cancer survivor  believes cancer was caused by\"our current lifestyle\". We'll b putting Monsanto outta Biz", "created_at": "Mon Feb 13 01:03:11 +0000 2012"}, {"text": "Hungary Destroys All Monsanto GMO Corn Fields | True Activist http://t.co/h0TV53BM", "created_at": "Sun Feb 12 22:43:23 +0000 2012"}, {"text": "http://t.co/Fi2xMHCd  USA to start \"Trade Wars\" with countries who oppose GMO and Monsanto. Global food control baby! #NoGMO? #NOFOODFORYOU", "created_at": "Sun Feb 12 16:03:40 +0000 2012"}, {"text": "15 Ways to take a stand against Monsanto and avoid GMO foods http://t.co/7DXibTLU", "created_at": "Sun Feb 12 19:34:35 +0000 2012"}, {"text": "Many 'natural' foods are loaded with GMOs - Wednesday, October 05, 2011 by: S. D. Wells (NaturalNews) Weed... http://t.co/7Dv00BsT", "created_at": "Sun Feb 12 19:12:53 +0000 2012"}, {"text": "Right on, Gary! @Stonyfield Farm\u2019s Gary Hirshberg takes on GMO foods http://t.co/RTYxqe19 via @BostonGlobe", "created_at": "Mon Feb 13 00:03:05 +0000 2012"}, {"text": "Transgenic Crops IV (v. 4): This volume presents the current knowledge of plant biotechnology as an important to... http://t.co/X7H3WqZ9", "created_at": "Mon Feb 13 03:03:47 +0000 2012"}, {"text": "Boulder, Colorado Bans Growing of GMO Crops http://t.co/YZYsqa1C via @mercola", "created_at": "Mon Feb 13 04:00:19 +0000 2012"}, {"text": "Tell @Walmart: Stand up for consumer safety and reject Monsanto's untested, unlabeled GMO sweet corn: http://t.co/4wRNGIqE @CREDOMobile #gmo", "created_at": "Fri Feb 17 18:53:14 +0000 2012"}, {"text": "Tell @Walmart: Stand up for consumer safety and reject Monsanto's untested, unlabeled GMO sweet corn: http://t.co/9u2cmFXA @CREDOMobile #gmo", "created_at": "Fri Feb 17 15:43:10 +0000 2012"}, {"text": "Tell @Walmart: Stand up for consumer safety and reject Monsanto's untested, unlabeled GMO sweet corn: http://t.co/wRF0zpu8 @CREDOMobile #gmo", "created_at": "Fri Feb 17 15:37:33 +0000 2012"}, {"text": "Lol maybe so...that's even more #stalkerish. RT @Servants_Heart5: Or she googling you GMo", "created_at": "Sat Feb 18 03:18:18 +0000 2012"}, {"text": "Tell @Walmart: Stand up for consumer safety and reject Monsanto's untested, unlabeled GMO sweet corn: http://t.co/xLHGz3JP @CREDOMobile #gmo", "created_at": "Fri Feb 17 14:39:49 +0000 2012"}, {"text": "Tell @Walmart: Stand up for consumer safety and reject Monsanto's untested, unlabeled GMO sweet corn: http://t.co/GHv7zGhs @CREDOMobile #gmo", "created_at": "Fri Feb 17 14:29:40 +0000 2012"}, {"text": "My GMO apple is talking to me", "created_at": "Tue Feb 28 17:04:32 +0000 2012"}, {"text": "Healthy Budget: Growing with Non GMO Seed for Home Garden http://t.co/eJXrjwVD", "created_at": "Wed Feb 29 01:05:04 +0000 2012"}, {"text": "Piratpartiets forum om GMO  http://t.co/hlWcFMi8  #nejtack", "created_at": "Tue Feb 28 21:31:57 +0000 2012"}, {"text": "Bill Gates is financing research on drought resistant maize & a vaccine for livestock while defending GMOs http://t.co/SwzQEgoO", "created_at": "Tue Feb 28 09:32:05 +0000 2012"}, {"text": "GMOs with 'stacked traits' exponentially more harmful to humans due to synergistic toxicity http://t.co/27MeAjRF", "created_at": "Tue Feb 28 07:18:18 +0000 2012"}, {"text": "Unwitting Public Consumes More GMO foods As Evidence of Harm Mounts http://t.co/E35CqGW3", "created_at": "Wed Feb 29 02:36:32 +0000 2012"}, {"text": "Garden Deals: 85 VARIETIES-NON HYBRID NON GMO HEIRLOOM SURVIVAL GARDEN SEED BANK SKU85VFNIAVID: US $34.99 (0 Bid... http://t.co/T79hCziZ", "created_at": "Mon Feb 13 17:28:04 +0000 2012"}, {"text": "Healthy Budget: Growing with Non GMO Seed for Home Garden http://t.co/eJXrjwVD", "created_at": "Mon Feb 13 11:23:34 +0000 2012"}, {"text": "Glowing Sushi: Transgenic Bioluminescent Fish Turned Into Edible Masterpieces ...: Glow-in-the-dark sushi sounds... http://t.co/toYY0lrL", "created_at": "Mon Feb 13 16:52:09 +0000 2012"}, {"text": "Bulawayo24 NEWS | Zimbabwe to maintain ban on GMO imports http://t.co/xrmxWpUk", "created_at": "Sun Feb 26 21:48:19 +0000 2012"}, {"text": "Dr. Mercola Interviews Dr. Huber about GMO (Part 1 of 2) http://t.co/DCnPPi0o", "created_at": "Sun Feb 26 22:43:23 +0000 2012"}, {"text": "USDA to Give Monsanto\u2019s New GMO Crops Special \u2018Speed Approval\u2019 | NationofChange: http://t.co/S9LiJWia via @AddThis", "created_at": "Mon Feb 27 06:19:40 +0000 2012"}, {"text": "#gatesfoundation #gatesed @mathaba RT \u00ab@georgepericles RT @awozdeya: GMO IN AFRICA | Society: http://t.co/AwEyrSTO\u00bb", "created_at": "Sun Feb 26 15:29:18 +0000 2012"}, {"text": "Walmart to Sell Monsanto GMO Corn This Summer | Care2 Healthy Living http://t.co/tyRJTLH3", "created_at": "Sun Feb 26 19:43:00 +0000 2012"}, {"text": "Stuart Leavenworth: GMO foes should rebut Morain, not seek to censor him http://t.co/Xixgfhmh #CAGov #California", "created_at": "Sun Feb 26 12:45:54 +0000 2012"}, {"text": "WHAT??? USDA to give Monsanto new GMO special approval. \n\nhttp://t.co/lM4cutRR via @AddThis", "created_at": "Mon Feb 27 02:44:50 +0000 2012"}, {"text": "@GMKnowBoulder #drydown RoundUp is also sprayed on GMO roundup ready crops to enhance drydown of weeds at HARVEST TIME http://t.co/RNdHjjLk", "created_at": "Mon Feb 27 05:34:37 +0000 2012"}, {"text": "Nutter FM going on about insect genes in some GMO foods. I share 35% of my genes with bananas, 75% with fish, 82% platypus, 95% chimp.", "created_at": "Thu Feb 02 17:38:38 +0000 2012"}, {"text": "@RebelGreen We do to! Have you signed the petition urging the FDA to require mandatory GMO labeling? http://t.co/nHTWQsD3 #JustLabelIt", "created_at": "Thu Feb 02 17:06:10 +0000 2012"}, {"text": "gmo RW ah mo'a Lurah.hhaa :p RT @nonkQinonks: RW dong jangan RT terus :D RT @ORioORiO: RT nonkQinonks: RT @ORioORiO: I don't care !\n;)", "created_at": "Fri Feb 03 01:21:40 +0000 2012"}, {"text": "Bill Gates called GMOs \"high tech agriculture.\" he has openly n publicly admitted he wants to use vaccines to engage in global depopulation.", "created_at": "Fri Feb 03 01:44:14 +0000 2012"}, {"text": "Monsanto Investor Bill Gates Says GMO Crops Fight Starvation | Natural Society http://t.co/Chftgfec", "created_at": "Thu Feb 02 13:30:09 +0000 2012"}, {"text": "Aspartame is Made of GMO Bacteria Feces: Infowars Nightly News Alex Jones' Infowars: There's a war on for your mind! - http://t.co/9PqQnHu5", "created_at": "Thu Feb 02 11:46:20 +0000 2012"}, {"text": "Hawaii GMO Justice Coalition calls for massive protest against GMOs on February 21: The\u2026 http://t.co/RYzNdung", "created_at": "Fri Feb 03 06:43:08 +0000 2012"}, {"text": "Huge victory against GMOs as Monsanto driven out of the UK by consumer protests http://t.co/mNEQfazr", "created_at": "Fri Feb 03 06:59:36 +0000 2012"}, {"text": "Huge victory against GMOs as Monsanto driven out of the UK by consumer protests http://t.co/fP5NSOxb", "created_at": "Fri Feb 03 06:59:39 +0000 2012"}, {"text": "RT @WholeFoods New blog post to dispel GMO and Monsanto rumors. Please check it out! http://t.co/919tP2GS #Monsanto #GMO [thank you]", "created_at": "Thu Feb 02 16:45:20 +0000 2012"}, {"text": "Walmart to Sell Monsanto GMO Corn This Summer", "created_at": "Mon Feb 27 13:32:55 +0000 2012"}, {"text": "medical alert: Red Alert : Deadly Fungus Killing People ! Also , Deadly GMO E Coli Killer In Europe !: My FaceBo... http://t.co/iTFh0cxm", "created_at": "Mon Feb 27 08:26:43 +0000 2012"}, {"text": "Without GMO labels, we all eat in the dark http://t.co/V7HYqmkI via @grist", "created_at": "Mon Feb 27 18:16:19 +0000 2012"}, {"text": "Most in My India RT @InjusticeFacts: Monsanto's GMO crops and its exploitive practices are now linked to roughly 200,000 suicides of farmers", "created_at": "Tue Feb 28 06:39:26 +0000 2012"}, {"text": "Everything You Absolutely Need to Know About GMOs | Foodie Buzz http://t.co/2bvxxcQQ via @wordpressdotcom", "created_at": "Mon Feb 27 19:05:53 +0000 2012"}, {"text": "Walmart to Sell Monsanto GMO Corn This Summer-- however lab rats that fed the Bt corn suffer from organ failure...", "created_at": "Tue Feb 28 03:35:59 +0000 2012"}, {"text": "Label GMOs for food safety http://t.co/39aoP89P via @everywomanovr29", "created_at": "Tue Feb 28 02:14:51 +0000 2012"}, {"text": "@WholeFoods Agree to stop selling GMO foods, and then I'll tune in. #wholefrauds", "created_at": "Tue Feb 28 02:25:34 +0000 2012"}, {"text": "GMO Basics: What You Need to Know - Urban Organic Gardener http://t.co/JQrZD6dg", "created_at": "Mon Feb 20 23:54:44 +0000 2012"}, {"text": "\u6771\u4eaciPhone\u30a2\u30d7\u30ea\u52c9\u5f37\u4f1a\u3002\u30de\u30fc\u30b1\u30c6\u30a3\u30f3\u30b0\u304b\u3089\u30d7\u30ed\u30b0\u30e9\u30df\u30f3\u30b0\u307e\u3067\u8d85\u5145\u5b9f\u306e\u5185\u5bb9\u3092\u3054\u5831\u544a\u3002: 2\u670818\u65e5\uff08\u571f\uff09\u306b\u884c\u308f\u308c\u305f\u300ciPhone \u30a2\u30d7\u30ea\u52c9\u5f37\u4f1a at GMO Yours\u300d\u3092\u3054\u5831\u544a\uff01 \u300ciPhone \u30a2\u30d7\u30ea\u52c9\u5f37\u4f1a at G... http://t.co/yrlyu547", "created_at": "Mon Feb 20 13:39:11 +0000 2012"}, {"text": "State of Washington Seeks Labels for GMO Foods. http://t.co/yMMa67No", "created_at": "Mon Feb 20 11:26:58 +0000 2012"}, {"text": "GMO foods are more dangerous than we previously thought - and we thought they were quite harmful http://t.co/4bS6Azvq", "created_at": "Mon Feb 20 21:25:08 +0000 2012"}, {"text": "New Research: GMO Food Far Worse Than We Think  http://t.co/qe9mLc1t", "created_at": "Mon Feb 20 16:59:41 +0000 2012"}, {"text": "Lastest Food News: GreenSpace: Labeling the modified foods Since GMOs are now in much of the food we eat, some p... http://t.co/3O7heRJK", "created_at": "Mon Feb 20 19:22:55 +0000 2012"}, {"text": "European farmers lose out as consumers oppose GMOs http://t.co/9x44FfKu #agchat", "created_at": "Tue Feb 21 13:02:16 +0000 2012"}, {"text": "Research Is Not Showing the GMOs Are Harmless http://t.co/MtdoVnoW", "created_at": "Tue Feb 21 22:00:22 +0000 2012"}, {"text": "Hier kan duo Rutte/Wilders nog iets van leren &gt; Frankrijk vraagt opnieuw om de toelating van de GMO mais te schrappen: http://t.co/qT4YXvNR", "created_at": "Tue Feb 21 15:35:02 +0000 2012"}, {"text": "@DownWithTheBull Anyone who buys their \"food\" at Walmart deserves to have their chromosomes rearranged by GMO foods.", "created_at": "Tue Feb 21 15:25:11 +0000 2012"}, {"text": "New Research: GMO Food Far Worse Than We Think | Wake Up World http://t.co/CPkN8nNz via @wibiya", "created_at": "Tue Feb 21 20:49:08 +0000 2012"}, {"text": "Monsanto's Bt GMO corn to be sold at Wal-Mart with no indication it is genetically modified http://t.co/Y8iATiBa", "created_at": "Tue Feb 21 20:25:24 +0000 2012"}, {"text": "Sitting in Starbucks, eating GMOs: By Robert McCollough Across the country rage is growing about GMOs and their ... http://t.co/DaUx2T89", "created_at": "Tue Feb 21 07:14:50 +0000 2012"}, {"text": "GMO Foods And The Precautionary Principle: There have been several articles talking about opposition to GMO food... http://t.co/8eKClzPC", "created_at": "Wed Feb 22 03:12:16 +0000 2012"}, {"text": "Monsanto\u2019s Bt GMO corn to be sold at Wal-Mart with no indication it is genetically modified http://t.co/n3Hr3cdP", "created_at": "Tue Feb 21 12:34:39 +0000 2012"}, {"text": "@BarakObama LABEL GMO's!  Boulder, Colorado Bans Growing of GMO Crops http://t.co/ur6M3Sww via @mercola", "created_at": "Tue Feb 07 17:11:00 +0000 2012"}, {"text": "Tonight at 6pm and next Tues\nGMO Labeling on Community Tv with GMO-Free Santa Cruz, Thomas Wittman (Eco Farm) and... http://t.co/CELMWtV6", "created_at": "Wed Feb 08 01:29:01 +0000 2012"}, {"text": "GMO ALERT: Broccoli (Bella Verde) from #Monsanto being sold in UK Waitrose & Sainsbury's http://t.co/nF7UaKHd #GMO  :(  via @BeeStrawbridge", "created_at": "Tue Feb 07 08:50:05 +0000 2012"}, {"text": "Residents lobbying for GMO labeling #SB2279 #GMO http://t.co/1zGaRJX6", "created_at": "Tue Feb 07 08:19:02 +0000 2012"}, {"text": "CSPI's resident GMO shill Gregory Jaffe is a LAWYER, not a scientist! http://t.co/wpcPEbEj via @wordpressdotcom look #Rutgers #gmo #biotech", "created_at": "Tue Feb 07 22:30:26 +0000 2012"}, {"text": "Why do you want GMOs labeled? The main reason we want them labeled is that we see enough independent data to... http://t.co/lBzknDgT", "created_at": "Tue Feb 07 19:38:43 +0000 2012"}, {"text": "Modified Crops Tap a Wellspring of Protest: No known health risks are associated with eating transgenic foods (t... http://t.co/fdInCybM", "created_at": "Wed Feb 08 00:26:37 +0000 2012"}, {"text": "\"The Future of Food\" Trailer (What's in your food?!) Monsanto - GMO - Patenting - This is a must see film that... http://t.co/ahh4XXWw", "created_at": "Wed Feb 08 03:08:18 +0000 2012"}, {"text": "Boulder, Colorado Bans Growing of GMO Crops http://t.co/vzcQOr60", "created_at": "Wed Feb 08 03:57:47 +0000 2012"}, {"text": "@Shelmfry they didn't treat the water with any chemicals, i guess. and there are no GMOs involved.", "created_at": "Wed Feb 08 04:45:29 +0000 2012"}, {"text": "Public rejection of GM affects biotech firms (Screw GMO Criminals) http://t.co/Fllvo7V4", "created_at": "Tue Feb 07 12:30:00 +0000 2012"}, {"text": "@Miganphyl29 I have already done my research and my stand on fake science i.e. GMO is non-negotiable hehe", "created_at": "Tue Feb 07 14:32:37 +0000 2012"}, {"text": "\u201c@OccupyGravity: China Rejects Genetically Modified Rice, GMO Crops | Natural Society http://t.co/TNlAzuyP #NoGMO\u201d\neven CHINA won't eat it!!", "created_at": "Wed Feb 08 05:00:25 +0000 2012"}, {"text": "I think ima try to visit my bro Gmo over break", "created_at": "Sun Feb 19 17:13:43 +0000 2012"}, {"text": "US to Start Trade Wars with Nations Opposed to #Monsanto GMO Crops http://t.co/Sevett8J #AnonCorpWatch", "created_at": "Mon Feb 20 01:07:46 +0000 2012"}, {"text": "@NatureMagazine @nadavena In other words, biochem companies have no idea what will happen in the long run from transgenic practices.", "created_at": "Sun Feb 19 13:36:27 +0000 2012"}, {"text": "We are unknowing participants in a vast scientific experiment. GMOs Should Be Labeled | Down to Earth http://t.co/rjRmi410", "created_at": "Sun Feb 19 18:15:36 +0000 2012"}, {"text": "Tell @Walmart: Stand up for consumer safety and reject Monsanto's untested, unlabeled GMO sweet corn: http://t.co/gKNcibKY @CREDOMobile #gmo", "created_at": "Sun Feb 19 18:16:02 +0000 2012"}, {"text": "Gardening Stuff: 50 VARIETIES-NON HYBRID NON GMO HEIRLOOM SURVIVAL GARDEN SEED BANK SKU50VF0000M: US $15.99 (0 B... http://t.co/leAF0Qr3", "created_at": "Sun Feb 19 21:09:13 +0000 2012"}, {"text": "#Hungary Destroys All #Monsanto GMO Corn Fields | True Activist http://t.co/9ClvFcjz Good!", "created_at": "Sun Feb 19 15:47:42 +0000 2012"}, {"text": "#Hungary Destroys All #Monsanto GMO Corn Fields | True Activist http://t.co/9ClvFcjz Good!", "created_at": "Sun Feb 19 15:47:42 +0000 2012"}, {"text": "Tell @Walmart: Stand up for consumer safety and reject Monsanto's untested, unlabeled GMO sweet corn: http://t.co/aNApcedg @CREDOMobile #gmo", "created_at": "Mon Feb 20 00:28:17 +0000 2012"}, {"text": "Tell @Walmart: Stand up for consumer safety and reject Monsanto's untested, unlabeled GMO sweet corn: http://t.co/NH7RYdh2 @CREDOMobile #gmo", "created_at": "Wed Feb 22 17:51:42 +0000 2012"}, {"text": "Tell @Walmart: Stand up for consumer safety and reject Monsanto's untested, unlabeled GMO sweet corn: http://t.co/cF4NFOcV @CREDOMobile #gmo", "created_at": "Wed Feb 22 17:09:46 +0000 2012"}, {"text": "Tell Walmart: Reject Monsanto's GMO sweet corn http://t.co/gxJ9HH7u", "created_at": "Wed Feb 22 17:28:07 +0000 2012"}, {"text": "Tell @Walmart: Stand up for consumer safety and reject Monsanto's untested, unlabeled GMO sweet corn: http://t.co/YJauSKcc @CREDOMobile #gmo", "created_at": "Wed Feb 22 17:02:27 +0000 2012"}, {"text": "Tell @Walmart: Stand up for consumer safety and reject Monsanto's untested, unlabeled GMO sweet corn: http://t.co/PWpA1qZR @CREDOMobile #gmo", "created_at": "Wed Feb 22 18:36:38 +0000 2012"}, {"text": "Tell @Walmart: Stand up for consumer safety and reject Monsanto's untested, unlabeled GMO sweet corn: http://t.co/5xetcBzI @CREDOMobile #gmo", "created_at": "Wed Feb 22 21:41:58 +0000 2012"}, {"text": "Tell @Walmart: Stand up for consumer safety and reject Monsanto's untested, unlabeled GMO sweet corn: http://t.co/yvH6HND6 @CREDOMobile #gmo", "created_at": "Wed Feb 22 15:25:02 +0000 2012"}, {"text": "Monsanto's Bt GMO Corn to be Sold at Wal-Mart: Infowars Nightly News  http://t.co/wtkCJsHB", "created_at": "Wed Feb 22 15:21:00 +0000 2012"}, {"text": "Tell @Walmart: Stand up for consumer safety and reject Monsanto's untested, unlabeled GMO sweet corn: http://t.co/0EBWksFh @CREDOMobile #gmo", "created_at": "Wed Feb 22 15:06:43 +0000 2012"}, {"text": "Tell @Walmart: Stand up for consumer safety and reject Monsanto's untested, unlabeled GMO sweet corn: http://t.co/Snn4Ci5d @CREDOMobile #gmo", "created_at": "Wed Feb 22 16:49:01 +0000 2012"}, {"text": "today is so funyn gmo", "created_at": "Wed Feb 22 16:49:32 +0000 2012"}, {"text": "Tell @Walmart: Stand up for consumer safety and reject Monsanto's untested, unlabeled GMO sweet corn: http://t.co/40mvBmXE @CREDOMobile #gmo", "created_at": "Wed Feb 22 16:36:49 +0000 2012"}, {"text": "Tell @Walmart: Stand up for consumer safety and reject Monsanto's untested, unlabeled GMO sweet corn: http://t.co/lGgHjpbK @CREDOMobile #gmo", "created_at": "Wed Feb 22 16:19:46 +0000 2012"}, {"text": "@geneticmaize @franknfoode or in the millions of cats, dogs, rat, and other animals eating commercial GMO foods", "created_at": "Wed Feb 22 19:25:29 +0000 2012"}, {"text": "In so many ways China shows better common sense judgement then the US. Re: keeping out GMO altered foods. Hooray for China!!!", "created_at": "Wed Feb 22 12:48:22 +0000 2012"}, {"text": "Tell @Walmart: Stand up for consumer safety and reject Monsanto's untested, unlabeled GMO sweet corn: http://t.co/XAtYrxHC @CREDOMobile #gmo", "created_at": "Wed Feb 22 14:33:36 +0000 2012"}, {"text": "Tell @Walmart: Stand up for consumer safety and reject Monsanto's untested, unlabeled GMO sweet corn: http://t.co/7LKMcuvM @CREDOMobile #gmo", "created_at": "Wed Feb 22 14:19:35 +0000 2012"}]