[{"text": "California GMO Labeling Law Makes it Into November Ballot http://t.co/UdPDNUxi", "created_at": "Mon Jul 16 09:13:33 +0000 2012"}, {"text": "I favorited a @YouTube video http://t.co/CkOmvjHh Scientists Under Attack FULL Documentary GMO", "created_at": "Mon Jul 16 20:33:16 +0000 2012"}, {"text": "Non GMO Soy &amp; Identity Preservation Process DuPont  http://t.co/A3xFTMT0 [ @DuPont_ability  @DuPont_News ]", "created_at": "Mon Jul 16 21:34:16 +0000 2012"}, {"text": "@Ton_JK \u0e44\u0e21\u0e48\u0e23\u0e39\u0e49\u0e08\u0e31\u0e01\u0e2b\u0e23\u0e32? Gmo \u0e2d\u0e49\u0e30 5555555", "created_at": "Mon Jul 16 14:20:12 +0000 2012"}, {"text": "Organic, healthy, GMO frowners, enviro friendly friends. Do you know who supplied Agent Orange?", "created_at": "Mon Jul 16 14:52:52 +0000 2012"}, {"text": "@Poet_Carl_Watts Hows that 4A afternoon bombardment of the right news 4U DESTROY MONSANTO BEFORE THEY DO THE EARTH BOYCOTT GMOs", "created_at": "Mon Jul 16 14:59:59 +0000 2012"}, {"text": "\"@BillMoyers: RT @moyersstaff: Do u think GMO foods should be labeled? If so, would u buy them? http://t.co/AMAMB1qa #MoyersonTV\" yes &amp; no.", "created_at": "Mon Jul 16 15:23:45 +0000 2012"}, {"text": "California GMO Labeling Law Named Prop. 37 http://t.co/hGhYJLdG", "created_at": "Mon Jul 16 08:23:36 +0000 2012"}, {"text": "http://t.co/ukHvwQAY the most comprehensive  source of GMO health risks info on web @RightToKNowEh", "created_at": "Tue Jul 17 02:01:08 +0000 2012"}, {"text": "Caught GMO slippppin' he's a two timer!", "created_at": "Tue Jul 17 04:39:27 +0000 2012"}, {"text": "Urgent Action Alert on TWO GMO Amendments! http://t.co/fhvlvPxv via @sharethis", "created_at": "Tue Jul 10 22:28:42 +0000 2012"}, {"text": "@ResourcefulMom: Q1 I do not want GMO anything or hydrogenated anything #GetUnreal", "created_at": "Wed Jul 11 00:09:57 +0000 2012"}, {"text": "Millions Of GMO Mosquitoes Released In Brazil (video) http://t.co/9V4N2JxI", "created_at": "Tue Jul 10 12:56:19 +0000 2012"}, {"text": "#Overheard:\"Genes from all these GMO foods are in our kids' DNA now and making them sensitive to peanuts.\"- knowledgable lady at coffee shop", "created_at": "Tue Jul 10 20:30:58 +0000 2012"}, {"text": "CA Right to Know GMO labeling measure is Prop. 37 on Nov. ballot: Due to overwhelming support for the... http://t.co/Vz6ElZke #education", "created_at": "Tue Jul 10 20:48:37 +0000 2012"}, {"text": "The Truth about GMOs http://t.co/tmzpy69m via @NatAwakeNoAmer", "created_at": "Tue Jul 10 14:27:31 +0000 2012"}, {"text": "@MonsantoCo @MetroUK @farmapprentice GMO filled bread... YUMMERS!!", "created_at": "Tue Jul 10 15:21:05 +0000 2012"}, {"text": "Interesting analysis of implications The \u201cEmpire Strikes Back\u201d Against California\u2019s GMO Initiative http://t.co/UDhlL30q via @sharethis", "created_at": "Tue Jul 10 15:03:24 +0000 2012"}, {"text": "Activist mom launches national movement boycotting GMOs http://t.co/EMUIQyl0", "created_at": "Tue Jul 10 23:40:55 +0000 2012"}, {"text": "Tell House Ag. Committee to reject riders to Farm Bill that would hijack federal GMO crop regulations: http://t.co/YyTS4WFf #RightToKnow", "created_at": "Tue Jul 10 23:26:24 +0000 2012"}, {"text": "Do you care if your food is genetically engineered? Want a Right to Know if you are eating GMO &amp; GE food? Tuesday 7PM http://t.co/fcebySaS", "created_at": "Wed Jul 11 02:33:27 +0000 2012"}, {"text": "Monsanto Launches Massive Campaign Against GMO Labeling: http://t.co/sxWzecvH via @youtube", "created_at": "Wed Jul 11 03:03:27 +0000 2012"}, {"text": "@ChildMag have you written about the reduction of breast feeding with the rise of GMO in milk and cows?", "created_at": "Tue Jul 31 09:58:33 +0000 2012"}, {"text": "sorry gmo itu apa ya? \u201c@IvanAlif_: Gue ivan lo nasta lo GMO wkwk \"@nasythatristie: siapa lo siapa gue? \u201c@IvanAlif_:", "created_at": "Tue Jul 31 12:38:14 +0000 2012"}, {"text": "Top 5 GMO Foods To Watch Out For: http://t.co/yt4Jx21m", "created_at": "Tue Jul 31 12:41:19 +0000 2012"}, {"text": "Farm Battle: High-Tech Tires Vs. Tougher Stalks: Genetically-modified crops' tougher stalks are taking a toll on... http://t.co/kGSpSaea", "created_at": "Tue Jul 31 21:53:19 +0000 2012"}, {"text": "Genetically Modified Tires: Genetically-modified crops' tougher stalks are taking a toll on tractor tires, promp... http://t.co/VRnR4QR0", "created_at": "Tue Jul 31 23:59:03 +0000 2012"}, {"text": "Will Those Sneaky GMO Amendments Pass Because of an Underhanded Maneuver? http://t.co/9nAaVgd6 via @sharethis", "created_at": "Wed Aug 01 02:07:08 +0000 2012"}, {"text": "@andybellatti Supersoaker 2,4-D fights, Round-up Water Balloons, Bobbing for dead fish pesticide-spill children's pool &amp; GMO corn Dog eating", "created_at": "Tue Jul 31 13:40:30 +0000 2012"}, {"text": "GMO fiction for children http://t.co/Th34zFRl", "created_at": "Tue Jul 31 13:29:00 +0000 2012"}, {"text": "Top 10 GMO Foods to Avoid | NationofChange http://t.co/05wAWAUS via @nationofchange", "created_at": "Mon Jul 30 00:13:01 +0000 2012"}, {"text": "Top 10 GMO Foods to Avoid | NationofChange http://t.co/6FQYyFkE via @nationofchange", "created_at": "Mon Jul 30 00:05:00 +0000 2012"}, {"text": "Top 10 GMO Foods to Avoid | NationofChange http://t.co/XgsESB10", "created_at": "Sun Jul 29 20:16:56 +0000 2012"}, {"text": "Adrian Bloye liked who will save us from the gmo monster? \u00c2\u00bb weird things: But surely that means we could inject\u2026 http://t.co/hjrznXoI", "created_at": "Sun Jul 29 18:04:38 +0000 2012"}, {"text": "These grapes I'm eating are huge, 100% GMO #iMissSchneck http://t.co/4P1rtNg9", "created_at": "Sun Jul 29 23:06:30 +0000 2012"}, {"text": "Survival Vegetable Seeds Non Hybrid No GMO Heirloom 2012 New: Survival Seeds Non Hybrid Seeds Packed in a heat s... http://t.co/oBnjeblk", "created_at": "Sun Jul 29 08:55:53 +0000 2012"}, {"text": "GMO Seeds Clog Pipeline! http://t.co/17hggCo3 http://t.co/De3uFXec", "created_at": "Sun Jul 29 11:31:10 +0000 2012"}, {"text": "Gmo anisa rahma mh apal \"@de_gmo: Apal k gmo pastrana ? RT UkitSarukit: @de_gmo teu apal nya uing drifter kit_block ghimkana ...\"\"", "created_at": "Sun Jul 29 13:24:04 +0000 2012"}, {"text": "throwback coca cola w sugar not some gmo high fructose syrup crap in it. if you don't as  @ The Fresh Market http://t.co/gX0N7Hni", "created_at": "Wed Jul 18 22:59:50 +0000 2012"}, {"text": "Please watch this interview for you to understand why Monsanto's GMO products are slowly making us sick. Please... http://t.co/ktCHgzV4", "created_at": "Wed Jul 18 16:55:22 +0000 2012"}, {"text": "We totally agree --&gt; \"Why California should vote for GMO food labeling\" - http://t.co/mwAHEUlc", "created_at": "Wed Jul 18 09:30:06 +0000 2012"}, {"text": "USDA Prepares To Greenlight Gnarliest GMO Soy Yet http://t.co/O1a9iLCK #environment", "created_at": "Wed Jul 18 10:51:46 +0000 2012"}, {"text": "Jeffrey M. Smith: Monsanto, GMO Seeds of Destruction http://t.co/l7epWeSL", "created_at": "Wed Jul 18 17:15:32 +0000 2012"}, {"text": "Hey Tom Vilsack, hows that \"Hopey, GMO drought resistant Corn working out for ya?  Still into Bio-Tech Monsanto? You fucking idiot. #NOGMO", "created_at": "Wed Jul 18 17:40:18 +0000 2012"}, {"text": "House Ag Committee Takes Aim at Food Stamps, GMO Regulation http://t.co/HFY72bLE via @motherjones", "created_at": "Wed Jul 18 14:50:53 +0000 2012"}, {"text": "Proof That GMOs Really Are Unhealthy | Rodale News: http://t.co/OeU56YGA", "created_at": "Wed Jul 18 15:56:28 +0000 2012"}, {"text": "Residents of Key West have a choice: dengue fever or GMO mosquitoes? http://t.co/rskK83HI", "created_at": "Wed Jul 18 23:07:58 +0000 2012"}, {"text": "Jeffrey M. Smith: Monsanto, GMO Seeds of Destruction: http://t.co/NRLfefpz via @youtube", "created_at": "Wed Jul 18 23:58:06 +0000 2012"}, {"text": "@YoPrettyRickey4 llama I would if I could I lost my gmo dog again lol", "created_at": "Wed Jul 18 08:50:14 +0000 2012"}, {"text": "I liked a @YouTube video http://t.co/FLPAdQyU Jeffrey M. Smith: Monsanto, GMO Seeds of Destruction", "created_at": "Thu Jul 19 02:45:21 +0000 2012"}, {"text": "Reason for high infertility rates now??!!! MT @Earthnik \u2014\u2014CONTRACEPTIVE CORN\u2014\u2014 via GMOs &amp; the FDA! http://t.co/3Z8xyOLz", "created_at": "Thu Jul 19 02:26:12 +0000 2012"}, {"text": "@Kimbo_Ramplin plushie hybridization is as bad as GMO food?! who knew!", "created_at": "Thu Jul 19 04:29:41 +0000 2012"}, {"text": "The \u201cEmpire Strikes Back\u201d Against California\u2019s GMO Initiative http://t.co/OgMGn5Xe via @sharethis", "created_at": "Wed Jul 04 00:27:06 +0000 2012"}, {"text": "The \u201cEmpire Strikes Back\u201d Against California\u2019s GMO Initiative.   Don't let them!\n http://t.co/vQayt95s", "created_at": "Wed Jul 04 00:24:44 +0000 2012"}, {"text": "Genetic engineers tell why GMO foods are unsafe. https://t.co/Bzir9a3l", "created_at": "Tue Jul 03 17:16:14 +0000 2012"}, {"text": "Say no to the gmo apple!  Today is the last day for comments. http://t.co/WGaDMFBq", "created_at": "Tue Jul 03 14:59:28 +0000 2012"}, {"text": "The \u201cEmpire Strikes Back\u201d Against California\u2019s GMO Initiative http://t.co/fUwf68Pm via @sharethis", "created_at": "Tue Jul 03 23:02:01 +0000 2012"}, {"text": "Kenyan cereal millers warn that labelling requirements for GMO are too harsh &amp; could hurt business http://t.co/kn1ULlWt", "created_at": "Wed Jul 04 04:27:35 +0000 2012"}, {"text": "Transgenic Technique To 'Eliminate' A Specific Neural Circuit Of The ...: This technique can be applied to gene ... http://t.co/ouZsHG0s", "created_at": "Fri Jul 06 16:13:03 +0000 2012"}, {"text": "I liked a @YouTube video http://t.co/bRfohlkb 1ST GMO BABIES BORN!", "created_at": "Fri Jul 06 12:15:52 +0000 2012"}, {"text": "MONSANTO, go ahead, dump all of your GMO POISON over everything. Our soil, our oceans, our water supply, whatever... #MonsantosWetDream", "created_at": "Sat Jul 07 05:34:54 +0000 2012"}, {"text": "Monsanto waging huge disinfo campaign to stop GMO labeling - http://t.co/d45UpHS0 http://t.co/F2Ce1WBm via @HealthRanger", "created_at": "Sat Jul 07 05:13:58 +0000 2012"}, {"text": "\u201cLords of the Harvest\u201d Who Sways the USDA on GMO Approvals? | Children Of Vietnam Veterans Health Alliance http://t.co/wzeoSg5S", "created_at": "Sun Jul 01 16:47:08 +0000 2012"}, {"text": "PLEASE SIGN AND RETWEET THIS GMO LABELING PETITION! http://t.co/h4UAO6s5 #losangeles #miami #nyc #seattle #phoenix #dc #chicago #detroit", "created_at": "Sun Jul 01 09:08:30 +0000 2012"}, {"text": "Helluva way to spend the long weekend! #FishinInTheDark Gmo loses another... Les-3 Gmo-1 http://t.co/n8VJzr3k", "created_at": "Sun Jul 01 10:53:13 +0000 2012"}, {"text": "GMO Myths and Truths http://t.co/sInx2xyZ via @sharethis", "created_at": "Sun Jul 01 21:34:30 +0000 2012"}, {"text": "Please sign and share this GMO labeling petition! http://t.co/h4UAO6s5 #ows #occupy #occupywallstreet #monsanto #organic #food #dogood #wow", "created_at": "Mon Jul 02 02:47:56 +0000 2012"}, {"text": "after 23 years of tea launching a non gmo sustainable teas in glass mason jars \n18 different blends children in mind always evolving !", "created_at": "Mon Jul 02 01:54:47 +0000 2012"}, {"text": "Obesity, Corn, GMOs | Cornucopia Institute http://t.co/xClM8a28", "created_at": "Tue Jul 24 17:42:42 +0000 2012"}, {"text": "Are GMOs Making You Fat? http://t.co/PdiUkmHZ #diet411", "created_at": "Tue Jul 24 17:56:51 +0000 2012"}, {"text": "the Organic Review: Gates Foundation &amp; Monsanto Investing in GMO Projects: http://t.co/cglzdbHF Say NO 2 #GMOs &amp; EVIL #monsanto", "created_at": "Tue Jul 24 20:07:59 +0000 2012"}, {"text": "@Monsanto is the world\u2019s largest producer of GMO food, which has been tied to numerous health ailments such as sterility &amp; infant mortality", "created_at": "Tue Jul 24 19:03:13 +0000 2012"}, {"text": "Data? RT @InjusticeFacts: Monsanto GMO crops and its exploitive practices now linked to roughly 200,000 suicides of farmers and farmworkers.", "created_at": "Thu Jul 05 00:21:28 +0000 2012"}, {"text": "Say NO to GMO Mosquitoes! Update on Florida Keys Experiment: http://t.co/2RQH2D7Z", "created_at": "Thu Jul 05 05:17:21 +0000 2012"}, {"text": "PLEASE SIGN AND SHARE THIS GMO LABELING PETITION! https://t.co/8UuC2FSz #higgs #4thofjuly #july4th #alexjones #conspiracy #2012 #wow #now", "created_at": "Wed Jul 04 23:13:58 +0000 2012"}, {"text": "Sleeping alone for the first night in 5 nights. Too bad jared and gmo were my companions for 3 of the nights haha #nohomo #bros", "created_at": "Wed Jul 04 08:23:11 +0000 2012"}, {"text": "bohong ah, tu masih da namanya \"bambang\" RT @RadenRatno uda kosong wleeeee RT himawarychan:  gmo ah serem garuk hati mah, pa lg hati km udah", "created_at": "Wed Jul 04 08:13:28 +0000 2012"}, {"text": "upper class junkies are going to get you . . . the first planet killers ( GMO labels) . . . last and first men . . . day slave . . . breath", "created_at": "Thu Jul 05 03:54:36 +0000 2012"}, {"text": "GMO CROPS / COREXIT - http://t.co/VJK0CRCS - #depression #fatigue #pain #pregnancy #rash #swelling #thyroid", "created_at": "Wed Jul 04 11:12:21 +0000 2012"}, {"text": "Urgent Action Alert on TWO GMO Amendments! http://t.co/jZyRiB9m via @sharethis", "created_at": "Wed Jul 11 16:37:38 +0000 2012"}, {"text": "Of course they don't, but they must!!\n\u201c@ebertchicago: Monsanto doesn't want to label Genetically-Modified Foods. http://t.co/maDoljuN\u201d", "created_at": "Wed Jul 11 15:16:31 +0000 2012"}, {"text": "Top 5 GMO Foods To Watch Out For | Care2 Causes http://t.co/XFqEJjfQ", "created_at": "Thu Jul 12 02:42:54 +0000 2012"}, {"text": "Photo: Genetically-modified Hat. http://t.co/rbFdlalQ", "created_at": "Thu Jul 12 01:37:18 +0000 2012"}, {"text": "@CarrieOliver Let me know if I can clarify anything for you. It's pretty easy to understand - GMO \u2260 cross-breeding\u2014period. cc: @ediblearia", "created_at": "Thu Jul 12 04:32:58 +0000 2012"}, {"text": "Insult to injury: How the House snuck protection for GMOs into its farm\u00a0bill http://t.co/qzLxNjAF via @grist", "created_at": "Sat Jul 14 16:57:40 +0000 2012"}, {"text": "California GMO Labeling Law Successfully Makes It on the Ballot http://t.co/cZtX238W", "created_at": "Sat Jul 14 12:52:03 +0000 2012"}, {"text": "California GMO Labeling Law Successfully Makes It on the Ballot (Tree Hugger Site) http://t.co/0cS4Je38", "created_at": "Sat Jul 14 14:47:32 +0000 2012"}, {"text": "@robdelaney not to mention all the GMO food they eat! Also: feline sodomy is a serious problem nobody should laugh at.", "created_at": "Sun Jul 15 03:30:38 +0000 2012"}, {"text": "oWp now VEGAN &amp; petro-chemical free! Organic, fare-trade, non GMO Kosher, cleanest candles made in the USA! http://t.co/SK8fRF1l", "created_at": "Sun Jul 15 01:45:09 +0000 2012"}, {"text": "Green America: April/May 2012: 9 GMO Ingredients to Watch Out For http://t.co/Y1e2HMck", "created_at": "Sun Jul 15 19:08:57 +0000 2012"}, {"text": "Vandana Shiva on the Problem with Genetically-Modified Seeds http://t.co/0n93leww ---  #monsanto", "created_at": "Mon Jul 16 03:33:39 +0000 2012"}, {"text": "------------------Show Details----------------- Hour 1 - Biotech &amp; GMO Immunity from Feds\u2026 http://t.co/NRJIRv5O", "created_at": "Sun Jul 15 13:30:07 +0000 2012"}, {"text": "Label It Yourself: The Truth About GMOs http://t.co/8NqXwsrE #yolo #tcot #tlot #teaparty #gop #USA #sgp #p2 #rolo", "created_at": "Mon Jul 16 01:09:34 +0000 2012"}, {"text": "U2, Bono? Celeb partners with Monsanto, G8, to biowreck African farms with GMOs http://t.co/5gUXvrIw via @sharethis", "created_at": "Mon Jul 23 10:48:44 +0000 2012"}, {"text": "USDA Prepares to Green-Light Gnarliest GMO Soy Yet http://t.co/QIQgyHwJ via @motherjones", "created_at": "Mon Jul 23 15:59:20 +0000 2012"}, {"text": "Labeling of GMOs should be required and Organic Farmers should be treated fairly!  Fair Farm Bill: http://t.co/HcNv8C6w @FRESHthemovie", "created_at": "Mon Jul 23 18:17:39 +0000 2012"}, {"text": "I had a nightmare I was parking and a woman in a hummer yelled at me beside a gmo fruit garden #becomingfearless", "created_at": "Mon Jul 23 23:24:17 +0000 2012"}, {"text": "GMO 101 (and Where We are Now) | Wake Up World http://t.co/SmlyASTf", "created_at": "Mon Jul 23 19:30:25 +0000 2012"}, {"text": "BAXTER INTERNATIONAL ONE OF LEADING GROUPS ON U.S. VACCINES ALSO W/MONSANTO GROUP GMO OUR FOOD SUPPLY TO MAKE US SICK.STEAL FARMERS FARMS.", "created_at": "Mon Jul 23 06:06:56 +0000 2012"}, {"text": "@milkohol THERE IS A PROCESS AN YOU ARE WATERING IT DOWN YOU SPOILED GMO \"DAIRY\"PRODUCT", "created_at": "Tue Jul 24 01:05:16 +0000 2012"}, {"text": "(thanks to monsanto? both of these are gmo crops,and got monsanto projects/seeds/crops shut down in Germany, India, etc)http://t.co/xFsn6Vcj", "created_at": "Wed Jul 25 22:56:37 +0000 2012"}, {"text": "USDA Prepares To Greenlight Gnarliest GMO Soy Yet http://t.co/QYQPiJMF", "created_at": "Thu Jul 26 00:20:34 +0000 2012"}, {"text": "Christian News------ Genetically Modified Apples Newest GMO Creation to be Pushed on\u2026 http://t.co/ZMLlv97Y", "created_at": "Wed Jul 25 17:22:24 +0000 2012"}, {"text": "GMO sugar beets get the green\u00a0light: http://t.co/5L9K0d9b via @grist", "created_at": "Wed Jul 25 17:38:45 +0000 2012"}, {"text": "Ask @TraderJoesList to label their products gmo free. Stay ahead of the curve joe! http://t.co/RtH9gwFS @gmotruth", "created_at": "Thu Jul 26 05:13:11 +0000 2012"}, {"text": "California is ground zero for the GMO debate as the Prop. 37 campaign ramps up (by @GoodTimesSC) http://t.co/CM0ByO4E #LabelGMOs #YesOn37", "created_at": "Wed Jul 25 19:41:54 +0000 2012"}, {"text": "It makes me sick that GMO sugar beets approved w/o considering risks except becoming pest itself http://t.co/Cw0shPWi @grist #sustainability", "created_at": "Wed Jul 25 06:09:24 +0000 2012"}, {"text": "GMO sugar beets get the green light | Grist http://t.co/ozPmkx5s", "created_at": "Wed Jul 25 13:40:41 +0000 2012"}, {"text": "*Cries* Ima Miss GMO :(", "created_at": "Thu Jul 26 01:14:15 +0000 2012"}, {"text": "Monsanto Launches Massive Campaign to Stop GMO Labeling http://t.co/6aQ1c3Kx via @sharethis", "created_at": "Sun Jul 08 16:36:57 +0000 2012"}, {"text": "@MonsantoCo Monsanto Launches Massive Campaign to Stop GMO Labeling http://t.co/j7fsWFwm", "created_at": "Sun Jul 08 14:14:28 +0000 2012"}, {"text": "@cheeky_fish \u0106PIESZ KROPL\u00d3WKI, STA\u0141A\u015a SI\u0118 GMO ;_;", "created_at": "Sun Jul 08 11:50:09 +0000 2012"}, {"text": "Monsanto Launches Massive Campaign to Stop GMO Labeling http://t.co/E3LGEgLn @EZKpatriots @AlexLFz @topmug1 @xenoc @WolfeConnor @Anne_R_u_Ok", "created_at": "Mon Jul 09 22:26:16 +0000 2012"}, {"text": "There are alternatives to big GMO agribusiness that sells \"one season\" seeds. http://t.co/fJ6jW551", "created_at": "Mon Jul 09 07:16:01 +0000 2012"}, {"text": "saw another GMO foods video. How can people eat GMO foods? Turns your stomach into a pesticide factory OMG", "created_at": "Mon Jul 09 20:58:57 +0000 2012"}, {"text": "@She_Jayd_Up2 lol yeahh, i had to room w/ Gmo &amp; Aunt Sherie -_____- #sweet lol", "created_at": "Tue Jul 10 05:05:54 +0000 2012"}, {"text": "Monsanto's Burnt Offerings, failures of GMO in drought conditions: http://t.co/81IID12u They lied.", "created_at": "Mon Jul 09 15:57:23 +0000 2012"}, {"text": "Amy's Organic Fat Free Chunky Vegetable Soup, 14.3-Ounce Cans (Pack of 12) (Grocery): No GMOs - No bioengineered... http://t.co/LuJeJQLT", "created_at": "Mon Jul 09 23:44:59 +0000 2012"}, {"text": "I liked a @YouTube video http://t.co/l17nTXhE GMO Film Project Sizzler", "created_at": "Mon Jul 09 13:58:21 +0000 2012"}, {"text": "@MrZMau @nfernandez92 @Mitch_Holland @jimmiecotter ill be up close to 2 and I know gmo will wanna play", "created_at": "Thu Jul 12 16:25:51 +0000 2012"}, {"text": "The Canadian Government blatantly supports RoundUp Ready GMO Crops by Monsanto, without regard to the... http://t.co/e8pToIPT", "created_at": "Thu Jul 12 07:12:29 +0000 2012"}, {"text": "GMO foods are not healthy for us and we have the right to know what foods are GMO and which are not.  We need to... http://t.co/4Ff4OV8Z", "created_at": "Thu Jul 12 10:31:02 +0000 2012"}, {"text": "MONSANTO CAFETERIA BANS GMO FOODS! 'In what has to be close to the ultimate in corporate hypocrisy, employees at... http://t.co/pxeMQyAX", "created_at": "Thu Jul 12 21:40:56 +0000 2012"}, {"text": "Activist mom launches national movement boycotting GMOs http://t.co/a7Ebo3HH via @HealthRanger #Solutionism #Dow #Bhopal", "created_at": "Thu Jul 12 15:02:11 +0000 2012"}, {"text": "@CockzVille @gmos15 @cor11092 me an Brii will beat Gmo haha", "created_at": "Thu Jul 12 18:10:53 +0000 2012"}, {"text": "No...no. No \"global warming\" here. Now behave and eat your GMO food.", "created_at": "Thu Jul 12 23:52:07 +0000 2012"}, {"text": "Lord, what did I walk in on? RT @EdiblyOrganic: RT @Unbeelievable: @EdiblyOrganic Human liver GMO rice- aaaacckkk!!!!", "created_at": "Thu Jul 12 08:16:07 +0000 2012"}, {"text": "Huhuhu\"@_ichrot15: Iya dadah :-) , iya selamat besok ya trktr loh ya recheese gmo tau RT @amelianaz: Ext. Dadah @_ichrot15 sampe bsk ya\u263a\"", "created_at": "Thu Jul 12 06:07:23 +0000 2012"}, {"text": "RT @ArcticApples : From the Seattle Times \"I bite into GMO apples\": http://t.co/3d6d0bo7 http://t.co/f3uP9TfU", "created_at": "Tue Jul 17 22:31:24 +0000 2012"}, {"text": "I am NOT super excited that @MonsantoCo just posted a @TheAtlantic article in support of GMOs titled the triumph of the American Farmer.", "created_at": "Tue Jul 17 16:23:30 +0000 2012"}, {"text": "In RSA we eat and accept GMO modified food- no questions asked. Not so in USA, see the relevant RT messages. What's your take on GMO's?", "created_at": "Tue Jul 17 12:11:18 +0000 2012"}, {"text": "9 Out Of 10 Americans Wants GMOs To Be Labeled | Care2 Causes http://t.co/fYFMKpOx", "created_at": "Tue Jul 17 21:09:12 +0000 2012"}, {"text": "The globalists want people to be products they produce like they produce GMO food. They will \"own\" your DNA. Theyre siiiiick.", "created_at": "Tue Jul 17 14:56:00 +0000 2012"}, {"text": "Stand-off looms over US plans to cut GMO crop oversight:  http://t.co/HjMHtvW5 #japan", "created_at": "Tue Jul 17 23:29:21 +0000 2012"}, {"text": "Healthy Budget: Growing with Non GMO Seed for Home Garden http://t.co/eJXmLWMt\n #Organic", "created_at": "Tue Jul 17 08:19:22 +0000 2012"}, {"text": "\u201c@alikat747: @BlizzyBe @mercola why I ONLY eat #organic #local and #homegrown :) #SayNOtoGMO\u201d/ Gr8 way to avoid GMOs &amp; chemicals!", "created_at": "Wed Jul 18 04:24:55 +0000 2012"}, {"text": "you got people who dying over your FOODS&gt;...but you don't care, you support the GMO companies and Meat Industry...go figure.", "created_at": "Sat Jul 28 14:14:15 +0000 2012"}, {"text": "My niggas gmo and ej gone be playin the league one day. I better have press box seats at the game to", "created_at": "Sat Jul 28 18:42:58 +0000 2012"}, {"text": "GMO in Your Food Supply | The Seeds of Freedom http://t.co/S0A2RfHi via @mercola", "created_at": "Sat Jul 28 18:36:00 +0000 2012"}, {"text": "I know GMO food weirds folks out...I'm happy with cuttin' down on it all once I can eat a strawberry the size of my fist. It's all I ask.", "created_at": "Sun Jul 29 03:25:00 +0000 2012"}, {"text": "GMO in Your Food Supply | The Seeds of Freedom http://t.co/NsZxbyVJ via @mercola", "created_at": "Sat Jul 28 11:35:17 +0000 2012"}, {"text": "@followgmo lol I was like this is dope GMO has straight skillz", "created_at": "Fri Jul 13 16:22:09 +0000 2012"}, {"text": "GMO RT @ria_bjfitri: OMG RT @Kar_Linaaa: Jgn mau klo lo ga dianggp apa2,paling pelarian :D RT ria_bjfitri: Hahaha iya kak pasti,,", "created_at": "Fri Jul 13 12:11:40 +0000 2012"}, {"text": "@seeker401 In reality GMO food is all different. I won't eat ones that are engineered to produce pesticides etc. Some is fine #auspol", "created_at": "Fri Jul 13 07:06:56 +0000 2012"}, {"text": "Eating GMO makes people stupid.  Don't be stupid! Support #stopmonsanto ! #NWO #OWS #MMFlint #iusuallyrunoutofcharssonowidontknowwhattodo", "created_at": "Fri Jul 13 20:32:10 +0000 2012"}, {"text": "GMOs are no better, or worse, for the environment than conventional crops. #Environment #GMO #Food @tffchallenge http://t.co/44bzGVaQ", "created_at": "Fri Jul 13 13:57:01 +0000 2012"}, {"text": "My latest @grist. Insult to injury: How the House snuck protection for GMOs into their farm\u00a0bill http://t.co/b9tPKI8i", "created_at": "Fri Jul 13 13:49:51 +0000 2012"}, {"text": "GMO sugar beets get the green\u00a0light http://t.co/hfX1avka via @grist", "created_at": "Thu Jul 26 17:46:41 +0000 2012"}, {"text": "Genetically Modified Apples Newest GMO Creation to be Pushed on Consumers - http://t.co/7Yfz8vYV http://t.co/hrbEERuz via @sharethis", "created_at": "Thu Jul 26 14:18:23 +0000 2012"}, {"text": "Wake Up America! Genetically Modified Apples Newest GMO Creation to be Pushed on Consumers http://t.co/J2Eu1Dfm", "created_at": "Thu Jul 26 14:05:48 +0000 2012"}, {"text": "GMO wars - Monsanto suing DuPont to see who will dominate the world's food supply http://t.co/r0W2VBIA via @HealthRanger", "created_at": "Thu Jul 26 08:33:55 +0000 2012"}, {"text": "Criminal Monsanto ~ Codex Alimentarius and GMO Poison Food - http://t.co/JpP1udtW - #depression #fatigu... http://t.co/vrvk3MWo", "created_at": "Thu Jul 26 11:03:15 +0000 2012"}, {"text": "President Barack Obama: Issue an executive order requiring labeling of all GMO foods https://t.co/rYEVkFqz via @change", "created_at": "Mon Jul 02 09:23:51 +0000 2012"}, {"text": "OMG OMG OMG GMO MGO OGM!!! What is thees feeling?~! WAH!!! I can't ufgh. July 28 Boyfriend sa MOA. Guest sila. OH MY CASH!", "created_at": "Mon Jul 02 12:20:35 +0000 2012"}, {"text": "\"@rawdawgbuffalo: Scientists: insecticide in GMO corn is now showing up in our bloodstream and the umbilical cords of pregnant women.", "created_at": "Mon Jul 02 20:12:52 +0000 2012"}, {"text": "Canola oil will still be GMO &amp; contain natural toxins even if cold-pressed. @ProfitDaGod @susirianti what about extra virgin?", "created_at": "Tue Jul 03 05:01:02 +0000 2012"}, {"text": "GMO Myths and Truths http://t.co/GLxmPBoV via @sharethis", "created_at": "Mon Jul 02 19:57:48 +0000 2012"}, {"text": "@romersburger Vancouver should ban GMOs instead", "created_at": "Tue Jul 03 01:12:49 +0000 2012"}, {"text": "http://t.co/h5f6zQXy GMO Seeds in My Garden? Will Lettuce Cross Pollinate? and More Gardening Q &amp;amp; A", "created_at": "Sat Jul 28 05:01:59 +0000 2012"}, {"text": "New Clue : : Jeffrey M. Smith: Monsanto, GMO Seeds of Destruction http://t.co/YA9ENfuC", "created_at": "Fri Jul 27 15:04:13 +0000 2012"}, {"text": "Fattening Our Kids on GMO Foods: A new international study suggests a diet including genetically modified foods ... http://t.co/Y6WPohxz", "created_at": "Fri Jul 27 19:49:11 +0000 2012"}, {"text": "Local carrots turned through a table-side meat grinder; meanwhile the world economy collapses around us, GMO corn sprouts in sidewalk cracks", "created_at": "Fri Jul 27 19:23:42 +0000 2012"}, {"text": "We're going to need your Twitter support to keep GMOs out of YOUR food - http://t.co/w76lNQI9 - #Yeson37 #food http://t.co/68m0u9m9", "created_at": "Sat Jul 28 02:54:32 +0000 2012"}, {"text": "Man chill wit gmo", "created_at": "Sat Jul 28 04:04:51 +0000 2012"}, {"text": "USDA Prepares to Green-Light Gnarliest GMO Soy Yet  Make your complaints and share this please.  http://t.co/BjNd4JIR via @sharethis", "created_at": "Fri Jul 20 20:12:22 +0000 2012"}, {"text": "@TayTwerk_ Kamaran, Tiago, and Gmo", "created_at": "Fri Jul 20 21:56:37 +0000 2012"}, {"text": "Gmo gmo gmo *wuekkkk* RT@daniii2808 abah jang euy jang euy RT @egha_audina: Opo jang euy??? Hahahaaa RT@daniii2808 Nyiii @egha_audina", "created_at": "Fri Jul 20 21:52:05 +0000 2012"}, {"text": "Environmental INSANITY: USDA Prepares to Green-Light Gnarliest GMO Soy Yet http://t.co/Hx4kA1aN via @motherjones", "created_at": "Fri Jul 20 19:35:19 +0000 2012"}, {"text": "Californians will vote on GMO product labeling, November ballot http://t.co/HPURiJ4h", "created_at": "Fri Jul 20 19:05:55 +0000 2012"}, {"text": "I liked a @YouTube video http://t.co/q6E207r4 Top 5 GMO Foods to Watch Out For", "created_at": "Fri Jul 20 08:42:28 +0000 2012"}, {"text": "Jeffery Smith Exposes GMO Food &amp; Total Health Freedom with Darren Craddo...: http://t.co/s7KFMBhx via @youtube", "created_at": "Sat Jul 21 04:12:54 +0000 2012"}, {"text": "New post: New GMO \u2018Agent Orange Soy\u2019 Silentl http://t.co/NAS9J9Od", "created_at": "Sat Jul 21 17:51:01 +0000 2012"}, {"text": "1ST GMO BABIES BORN!: http://t.co/6SMlV7Gn via @youtube", "created_at": "Sat Jul 21 15:05:49 +0000 2012"}, {"text": "@BocajJayPeso GMO YOU OWE ME LIKE GIVE SOLIDS FOR THIS ONE", "created_at": "Sat Jul 21 18:37:00 +0000 2012"}, {"text": "@LymeRFL it was, I found non gmo non pesticide food!  It's not easy to find.  Locally grown and very very good.  I am a happy camper :)", "created_at": "Sat Jul 21 23:37:09 +0000 2012"}, {"text": "Amy's Organic Lentil Soup, 14.5-Ounce Cans (Pack of 12) (Grocery): No GMOs - No bioengineered ingredients. USDA ... http://t.co/kjDfxEM7", "created_at": "Sat Jul 21 19:04:49 +0000 2012"}, {"text": "@niallerjhorann YES IMF OM GMO GMO GMO GMOMGOM MOM OMG OM GOM GMO GMO IFysIWFHBDFSBHDWEGFSIVBQWEGHdbHDIGBHHWUGBHQEU", "created_at": "Sat Jul 21 08:11:14 +0000 2012"}, {"text": "Egypt\u2019s legal battle to regulate Monsanto\u2019s GMOs http://t.co/xmCaJTxe via @zite", "created_at": "Sun Jul 22 03:35:23 +0000 2012"}, {"text": "GMO Bill has been squashed...but the fight shall continue.  Short article on the politics and reasons it is hard... http://t.co/e8yDzJ4w", "created_at": "Thu Jul 05 17:35:28 +0000 2012"}, {"text": "GMOs and why you should never use Canola oil. http://t.co/3ik9Qhqi via @vanessaruns", "created_at": "Thu Jul 05 15:45:16 +0000 2012"}, {"text": "What You Need to Know About GMOs http://t.co/FjWE4kXb", "created_at": "Thu Jul 05 19:22:01 +0000 2012"}, {"text": "Writing a paper on GMOs while eating (what is probably) a GMO #badass", "created_at": "Thu Jul 05 11:42:41 +0000 2012"}, {"text": "Top 10 GMO Foods to Avoid http://t.co/EGpFxlvY", "created_at": "Mon Jul 30 22:08:24 +0000 2012"}, {"text": "@MetalWorkoutTX @lika_xavier I worry so many veg/vegans eating too much soy. GMO is the main thing.I'm great thanks! Love metal &amp; health! :)", "created_at": "Mon Jul 30 22:40:34 +0000 2012"}, {"text": "BAD APPLES: GMOs and the Precautionary Principle! FRANKEN-APPLES COMING TO A STORE NEAR YOU? http://t.co/ODLMMj61", "created_at": "Mon Jul 30 16:49:51 +0000 2012"}, {"text": "Stoney Brook Scientist Draws Possible Connection Between Morgellons Disease And GMOs \u2013 Audio http://t.co/9Q91qG8m", "created_at": "Tue Jul 31 05:09:40 +0000 2012"}, {"text": "@ScoutEngineer I want them to end the discrimination against genetically-modified controversial blueberries.  ^_^", "created_at": "Mon Jul 30 14:49:07 +0000 2012"}, {"text": "Giveaways LIVE on #Mamavation TV. This week sponsored by @GetUnreal. Join us for chat w @Bodhi_Bear about GMO http://t.co/r2rDsQ3o", "created_at": "Mon Jul 30 18:37:53 +0000 2012"}, {"text": "RT @cj14clevenger: GMO foods to avoid...... http://t.co/ZmtH5n7d", "created_at": "Mon Jul 30 23:59:46 +0000 2012"}, {"text": "Tell Monsanto: Endorse California's Proposition 37, Require GMO food labeling - Sign the Petition http://t.co/xUiUWxrX", "created_at": "Mon Jul 30 13:04:49 +0000 2012"}, {"text": "Top 10 GMO Foods to Avoid | NationofChange http://t.co/bnBXZgfe via @nationofchange", "created_at": "Tue Jul 31 01:18:19 +0000 2012"}, {"text": "@Melo_R0 normally eat ? Or because everything is GMO ? Or grown with fertilizers that have grains introduced ?", "created_at": "Sat Jul 07 17:24:22 +0000 2012"}, {"text": "Top 5 GMO Foods To Watch Out For | Care2 Causes http://t.co/zxGOkg2v", "created_at": "Sat Jul 07 20:35:30 +0000 2012"}, {"text": "GeorgiaBoers We label our food as GMO free all the time...we use the USDA certified organic label fo", "created_at": "Sat Jul 07 20:17:08 +0000 2012"}, {"text": "GMO Dangers - Genetically modified foods\u2026 Are they safe? http://t.co/a02JkdYe", "created_at": "Sat Jul 07 15:59:42 +0000 2012"}, {"text": "http://t.co/cf1F2H18 The Choline Oxidase Gene codA Confers Salt Tolerance to Transgenic Eucalyptus globulus in a... http://t.co/j25tYbZI", "created_at": "Sat Jul 07 13:21:33 +0000 2012"}, {"text": "I liked a @YouTube video from @ganjamuonline http://t.co/898BCbTK Kanturu event - GMO Season 2", "created_at": "Sun Jul 08 04:38:51 +0000 2012"}, {"text": "The Trouble With GMO Labeling  What's a Biotech Giant to Do? http://t.co/i8OUwWbZ", "created_at": "Thu Jul 19 10:25:13 +0000 2012"}, {"text": "Wal-Mart: Don't stock Monsanto's GMO corn. Want to avoid this toxic product? \u2013 it will arrive on shelves unlabeled http://t.co/kXiVTgGN", "created_at": "Thu Jul 19 23:19:37 +0000 2012"}, {"text": "The EU, Japan, China, Korea, Australia, and New Zealand require GMO foods to be labelled.", "created_at": "Sun Jul 22 14:28:41 +0000 2012"}, {"text": "Fattening Our Kids on GMO Foods | Care2 Causes http://t.co/4jXwLod9", "created_at": "Sun Jul 22 15:33:27 +0000 2012"}]