[{"text": "GMOs - Take them back to the store! http://t.co/Eb0t3NY6", "created_at": "Fri Nov 16 10:55:47 +0000 2012"}, {"text": "want to know WHY GMO 'foods' are DANGEROUS? \"Safe Food Foundation Director, Scott Kinnear, University of... http://t.co/YASD9KoX", "created_at": "Fri Nov 16 15:31:04 +0000 2012"}, {"text": "What\u2019s Next in the GMO Battle? http://t.co/RyqTpCp3", "created_at": "Fri Nov 16 15:26:27 +0000 2012"}, {"text": "If we want to stop cancer, STOP eating GMO foods, get healthy, alleviate stress (stress is the biggest killer)...", "created_at": "Fri Nov 16 16:53:22 +0000 2012"}, {"text": "White House Petition to Label GMOs Gaining Thousands of Signatures Per Day http://t.co/eAok8dIT", "created_at": "Fri Nov 16 20:06:51 +0000 2012"}, {"text": "So the foodies, beaten by GMO in Calif., have engineered the end of the Twinkie. Is that the narrative?", "created_at": "Fri Nov 16 14:12:12 +0000 2012"}, {"text": "@kaleidochord @HardhatJelon gmo ym niarb struh", "created_at": "Sat Nov 10 10:33:56 +0000 2012"}, {"text": "@octoberthehotti GMO is a crazy buzz word right now but too much for twitter :)", "created_at": "Sat Nov 10 21:42:25 +0000 2012"}, {"text": "Since GMO labeling failed in CA, people are printing own labels to stick on grocery items! poon.jpeg 600\u00d7180 pixels http://t.co/3PL1GSC3", "created_at": "Sun Nov 11 06:03:37 +0000 2012"}, {"text": "Scientist that discovered GMO health hazards immediately fired, team dismantled http://t.co/YfdB029p via @HealthRanger", "created_at": "Sat Nov 10 15:17:56 +0000 2012"}, {"text": "@michaelpollan GMO label law fraud? AP/media lied; map precinct PARTIAL count; of Nov. 9: 3.3 MILLION votes uncounted http://t.co/reoFjJ4F", "created_at": "Sun Nov 11 00:49:55 +0000 2012"}, {"text": "@MiscKlaire Bring Mandatory GMO Labeling To Canada! Show support for Bill C-257 by emailing Gerry Ritz at gerry.ritz@parl.gc.ca.", "created_at": "Sun Nov 11 03:23:51 +0000 2012"}, {"text": "Millions Of GMO Mosquitoes Released On General Public http://t.co/gLMkjcOh via @sharethis", "created_at": "Sat Nov 10 12:57:09 +0000 2012"}, {"text": "HONOLULU BLOCKS GMO LABELING MOVEMENT NOV 27 2012 http://t.co/ry3VJKea", "created_at": "Thu Nov 29 23:01:29 +0000 2012"}, {"text": "Taking Over for Monsanto, DuPont Hunts Down Farmers for Violating the \u201cIntellectual Property\u201d of GMO Seeds: http://t.co/MGtQbnsk", "created_at": "Thu Nov 29 18:30:29 +0000 2012"}, {"text": "@RT_America: GMO giant hires retired cops to hunt down farmers http://t.co/VX4uqarQ", "created_at": "Thu Nov 29 18:59:55 +0000 2012"}, {"text": "GMO Labeling Fight Gains Momentum Across US!  http://t.co/4n7xI1c6 #nogmos #labelgmos #gmos #food", "created_at": "Thu Nov 29 15:26:54 +0000 2012"}, {"text": "Interview with Robert Scott Bell about Prop 37 GMO lables http://t.co/Iqq4BwrV", "created_at": "Thu Nov 29 16:58:12 +0000 2012"}, {"text": "US Senate votes against GMO food labels 73-26: http://t.co/fyOVwwhh", "created_at": "Fri Nov 30 00:02:51 +0000 2012"}, {"text": "RT @GanaderiaMex: Organic farmers condemn US report, claim it favors GMO http://t.co/NYGiC7fz", "created_at": "Fri Nov 30 03:28:38 +0000 2012"}, {"text": "Top US Healthcare Giant: GMOs Are Devastating Health - Democratic Underground http://t.co/NufVmMYl - this needs to be stopped!", "created_at": "Thu Nov 29 14:38:24 +0000 2012"}, {"text": "Sign the petition to help get rid of GMO's in Skagit County: SKAGIT COUNTY FREE GMO http://t.co/IcdqitqD @signon #noGMO", "created_at": "Sun Nov 18 23:25:34 +0000 2012"}, {"text": "non gmo http://t.co/WTsiDrKE", "created_at": "Mon Nov 19 01:46:55 +0000 2012"}, {"text": "@DavidLynWriter poisoned our water table, sprayed us with toxins, GMO vaccines eugenics, poison media lies,murdered truth, yet we still wake", "created_at": "Sun Nov 18 11:50:25 +0000 2012"}, {"text": "@Rivikah 30 states are demanding GMO labelling: http://t.co/g1BvzxGg . If Canadian, sign Canada's petition: http://t.co/gKB5PPa5", "created_at": "Sun Nov 18 21:53:12 +0000 2012"}, {"text": "\"Wah, jadi GMO itu apa sih?\" mau tau jawabannya?? http://t.co/o8pkivoh", "created_at": "Sun Nov 18 15:43:23 +0000 2012"}, {"text": "Organic Peppermint Extract-2 ozs.: This Organic Peppermint Extract is 100% organic, non GMO and gluten-free. It ... http://t.co/NcMflqkj", "created_at": "Sun Nov 18 16:47:31 +0000 2012"}, {"text": "@im_marcie @BillyHallowell @MrsTrina DNA doesn\u2019t make you human, otherwise some transgenic pigs are close to getting voting rights.", "created_at": "Sun Nov 18 20:43:05 +0000 2012"}, {"text": "@ediblesandiego @SDPublicMarket Pls RT my new blog @No_GMO_Man. 2nd post is about Public Mrkt. 1st is Bros over GMOs http://t.co/fBOvILOu", "created_at": "Sun Nov 18 09:43:46 +0000 2012"}, {"text": "After GMO Labeling Shot Down, Citizens Start Labeling Themselves http://t.co/zsKcu2PX", "created_at": "Sun Nov 18 14:35:03 +0000 2012"}, {"text": "With respect to GMO foods, this is a recent phenomena. Hybrid farming is not genetic engineering.", "created_at": "Sun Nov 18 14:43:07 +0000 2012"}, {"text": "White House Petition to Label GMOs Gaining Thousands of Signatures http://t.co/0MpMwptI", "created_at": "Mon Nov 19 02:27:47 +0000 2012"}, {"text": "@TheSocialEater organic non GMO high antioxidant vegetable powder that you mix with water. Very high ORAC value", "created_at": "Mon Nov 19 02:11:42 +0000 2012"}, {"text": "@BitchyBassist Correct! GMOs are genetically modified organisms injected into the food we eat.", "created_at": "Sat Nov 03 22:24:31 +0000 2012"}, {"text": "GMO Food Debate In The National Spotlight http://t.co/pEnNFSAa #startup", "created_at": "Sat Nov 03 16:22:41 +0000 2012"}, {"text": "@charmoto IOW there are lots of other things we could label - many would serve public health better - I don't think GMOs are a good start", "created_at": "Sun Nov 04 00:30:54 +0000 2012"}, {"text": "ECO Update: Genetic Roulette  GMOs Gamble with our Lives - This is a long video  almost 1.5 hours  so make sure you ... http://t.co/F8k9tubJ", "created_at": "Sun Nov 04 00:32:36 +0000 2012"}, {"text": "GMOs (genetically modified food) Corporate thugs vs science and your health http://t.co/lNEM0636 via @sharethis", "created_at": "Sat Nov 03 12:21:02 +0000 2012"}, {"text": "Companies Monsanto &amp; Hershey are spending millions to defeat Prop 37 GMO labeling initiative in CA http://t.co/j7RZmrbC @HuffingtonPost", "created_at": "Sat Nov 03 07:33:19 +0000 2012"}, {"text": "GMO DO NOT BUY LIST http://t.co/Ev0mxugI http://t.co/CyBkN6E8", "created_at": "Sat Nov 03 07:00:51 +0000 2012"}, {"text": "@SkepticalVegan so how do the gmo foods taste ? im glad you like them good luck with that", "created_at": "Sat Nov 03 17:53:39 +0000 2012"}, {"text": "David versus Monsanto: A Documentary on GMO http://t.co/o6xBCRlj via @mercola", "created_at": "Sat Nov 03 17:11:04 +0000 2012"}, {"text": "Its In Your Food: GMO Your Right to Know Forum with Jeffrey Smith http://t.co/KwCsKHYm via @IRTnoGMOs", "created_at": "Sat Nov 03 20:46:24 +0000 2012"}, {"text": "Vote for GMO labeling yes on CA Proposition 37\nfree movie until 11-10 http://t.co/h4SErfYq", "created_at": "Sat Nov 03 21:28:30 +0000 2012"}, {"text": "David versus Monsanto: A Documentary on GMO http://t.co/eWuDFDO3 via @mercola", "created_at": "Sat Nov 03 14:04:11 +0000 2012"}, {"text": "David versus Monsanto: A Documentary on GMO http://t.co/HpY4tX8o via @mercola", "created_at": "Sat Nov 03 08:12:03 +0000 2012"}, {"text": ".@Stanford Thanks for the mention! Prof Walbot was a great interview.  MT Virginia Walbot on #prop37 and GMO foods: http://t.co/WSRzsG5L", "created_at": "Sat Nov 03 06:04:47 +0000 2012"}, {"text": "Biotech Nightmare \u2013 GMO Jumping Genes - David Icke Website http://t.co/wChDs7lb #biotech #gmo #conspiracy (via @davidicke)", "created_at": "Sat Nov 03 06:47:07 +0000 2012"}, {"text": "The top 10 breakfast cereals most likely to contain Monsanto's GMO corn http://t.co/GNKPPFt0 via @HealthRanger", "created_at": "Sun Nov 04 03:55:36 +0000 2012"}, {"text": "Avoid cloned food, GMOs and rBGH. Yeah. Our \"food\" is fast becoming \"lab produced.\" Dangerous to your body!", "created_at": "Sun Nov 04 03:16:18 +0000 2012"}, {"text": "David versus Monsanto: A Documentary on GMO http://t.co/j1FgBovB via @mercola", "created_at": "Sat Nov 03 11:59:40 +0000 2012"}, {"text": "GMO Food Debate In The National Spotlight: You don\u2019t have to look far to find grapples, pluots, tangelos or lema... http://t.co/UBipIWBj", "created_at": "Sun Nov 04 04:34:15 +0000 2012"}, {"text": "@EdibleSF This is the REAL truth about GMOs &amp; why they MUST be labeled: http://t.co/NGPTIVkb  #YesOn37 #LabelGMOs", "created_at": "Sun Nov 04 04:11:51 +0000 2012"}, {"text": "\"Herbicide-resistant GMOs are committing us to a chemical treadmill\" http://t.co/yIYydGUW #GMfreeIreland #notoGMOs #yeson37", "created_at": "Tue Nov 06 10:13:23 +0000 2012"}, {"text": "Marcus Samuelsson: 'Prop 37', Genetically-Modified Foods &amp; Me http://t.co/QPnePULM", "created_at": "Tue Nov 06 11:17:30 +0000 2012"}, {"text": "No on 37 guys.  Y'all know you'll look in your fridge anyways and eat it if its the only thing there.  GMO or not, \"I'd fix wid it.\"", "created_at": "Tue Nov 06 11:32:09 +0000 2012"}, {"text": "A decade of research, tens of thousands of transgenic animals, millions of man hours, hundreds of millions of dollars. All gone in a storm.", "created_at": "Tue Nov 06 18:13:14 +0000 2012"}, {"text": "@jose_pinilla @AngToledo @ILiveHereBC Article is tired biotech propaganda. If simple label hurts GMO then look to market viability of GMO's.", "created_at": "Tue Nov 06 21:08:45 +0000 2012"}, {"text": "GMO - Their right to grow, our right to know http://t.co/S3anpj5H #trooth", "created_at": "Tue Nov 06 21:51:45 +0000 2012"}, {"text": "By now, nearly everyone interested in healthy living is aware of the recent research linking Monsanto's GMO http://t.co/7vSjpeh2", "created_at": "Tue Nov 06 22:34:09 +0000 2012"}, {"text": "\ud83d\ude1e RT @EyeAmGoddess: You really thought they would label GMOs when current and past employees of Monsanto hold seats in congress?", "created_at": "Wed Nov 07 06:27:35 +0000 2012"}, {"text": "@PaleoRomano b/c scaremongering created a great (unfounded) fear of GMO. This is a v important scicomm topic. We have failed people on GMO", "created_at": "Wed Nov 07 06:20:47 +0000 2012"}, {"text": "GMO labeling or no, a movement comes of age http://t.co/4ZgqdHcu via @grist", "created_at": "Wed Nov 07 06:44:26 +0000 2012"}, {"text": "If your looking for fresh non pesticide &amp; non GMO choices in your area at least for here in the states.  Please... http://t.co/mdJTQAe9", "created_at": "Tue Nov 06 16:01:23 +0000 2012"}, {"text": "Michael Pollan voices support for GMO labeling initiative, stresses importance of the rising food movement http://t.co/v4O7eEWQ", "created_at": "Tue Nov 06 16:49:32 +0000 2012"}, {"text": "Check out this doc film - David vs. Monsanto\u2014 A Documentary on GMO (free viewing until Nov 10th) http://t.co/yg8bdH6G", "created_at": "Tue Nov 06 16:28:53 +0000 2012"}, {"text": "Environmentalists raise alarm over GMO contamination of native white corn | Sun.Star: http://t.co/fWc0KNFd via @\u201dsunstaronline\u201d", "created_at": "Tue Nov 06 16:13:35 +0000 2012"}, {"text": "We're seriously voting whether its a good idea to label GMO foods, or have porn stars wear condoms? DUH! How about some real fucking issues?", "created_at": "Tue Nov 06 16:12:53 +0000 2012"}, {"text": "U support Obama who supports GMO ...comin on ppl lol", "created_at": "Tue Nov 06 16:19:31 +0000 2012"}, {"text": "@genatural We're trying to get the word about GMO Foods. Please check out video &amp; share if you agree! http://t.co/2JANZHIO", "created_at": "Tue Nov 06 19:53:24 +0000 2012"}, {"text": "I liked a @YouTube video http://t.co/TBpl1Xht Michael Pollan: California's Prop 37 Fight to Label GMOs Could Galvanize U.S. Food", "created_at": "Tue Nov 06 19:07:10 +0000 2012"}, {"text": "Let's say I'm the ceo of a scummy corporation.... monsanto for example. If i sell gmo food that kills people how can I get that legalized?", "created_at": "Tue Nov 06 19:37:21 +0000 2012"}, {"text": "#IBMS2  If Monsanto really believes GMOs are good, why are they fighting so hard against having food labelled as genetically modified?", "created_at": "Tue Nov 06 19:21:22 +0000 2012"}, {"text": "Good background on Prop 37: GMOs have long history at UC Berkeley http://t.co/N8Zz3Gvl", "created_at": "Tue Nov 06 19:29:12 +0000 2012"}, {"text": "Michael Pollan voices support for GMO labeling initiative, stresses importance of the rising food movement http://t.co/jnMqe9qi", "created_at": "Tue Nov 06 19:59:49 +0000 2012"}, {"text": "Prop 37 \nVoice of Art - Label GMOs with Danny DeVito and Cass Bugge: http://t.co/gu4zOoPD via @youtube", "created_at": "Wed Nov 07 00:45:58 +0000 2012"}, {"text": "California GMO measure may fail after food industry fights back - Chicago Tribune http://t.co/WQVFjuaT via @ArchiveDigger", "created_at": "Tue Nov 06 07:24:35 +0000 2012"}, {"text": "This is it! YES on 37 needs your vote: Help defeat GMOs and Monsanto at the ballot box http://t.co/K4mQSivW via @HealthRanger", "created_at": "Tue Nov 06 14:43:21 +0000 2012"}, {"text": "The GMO fight is NOT OVER!\nMwuahahaha\n#EvilLaugh\n#IStillFeelLikeShit", "created_at": "Wed Nov 07 05:27:57 +0000 2012"}, {"text": "@CRAYJAY_PEBBLES Because it would take 1/1000th of the labels to mark the non GMO food?", "created_at": "Wed Nov 07 05:33:07 +0000 2012"}, {"text": "Prop 37 requiring labels on GMO foods doesn't look like it's going to pass smh", "created_at": "Wed Nov 07 05:07:11 +0000 2012"}, {"text": "GMO Labeling fail in California somehow.", "created_at": "Wed Nov 07 05:26:52 +0000 2012"}, {"text": "Do you know what GMOs are? http://t.co/PzhpYPyG", "created_at": "Thu Nov 01 22:31:50 +0000 2012"}, {"text": "Major Food Companies Spending Millions To Oppose GMO Label Law http://t.co/dErACwBu", "created_at": "Thu Nov 01 16:05:51 +0000 2012"}, {"text": "Ben Inker of GMO \"Too much money chasing commodities today\".", "created_at": "Thu Nov 01 20:43:48 +0000 2012"}, {"text": "Glayds Sillas liked CA Prop. 37 - GMO Labeling: Funding Update - Monsanto ($4M), Dupont ($4M), Pepsi ($1.7M) |\u2026 http://t.co/jbSzUZSr", "created_at": "Fri Nov 02 05:56:59 +0000 2012"}, {"text": "Do you know what GMOs are? http://t.co/Brn1HxY7", "created_at": "Thu Nov 01 14:43:48 +0000 2012"}, {"text": "@geneticmaize Yeah, though doesnt seem terribly innovative or anything. Still cool. Seen this? http://t.co/hJqZGxEe 2 GMOs better than 1...", "created_at": "Thu Nov 01 14:36:47 +0000 2012"}, {"text": "Do you know what GMOs are? http://t.co/CFbV0dD0", "created_at": "Thu Nov 01 18:20:22 +0000 2012"}, {"text": "@DrOz endorses GMO labeling, interviews Jeffrey Smith about health dangers http://t.co/tgIYfNy8", "created_at": "Thu Nov 01 18:32:17 +0000 2012"}, {"text": "Do you know what GMOs are? http://t.co/xiVTMEcy", "created_at": "Thu Nov 01 23:39:25 +0000 2012"}, {"text": "Do you know what GMOs are? http://t.co/LCyXn6G4", "created_at": "Thu Nov 01 19:09:41 +0000 2012"}, {"text": "Do you know what GMOs are? http://t.co/0lsaD4UL", "created_at": "Thu Nov 01 08:22:00 +0000 2012"}, {"text": "\"@andybellatti: Contrary to Big Ag's spin, GMOs do not help developing nations. They enslave countries to Big Ag, impede food sovereignty.\"", "created_at": "Fri Nov 02 02:31:28 +0000 2012"}, {"text": "@JeffFowle Great to hear,but everywhere else, pesticides used for GMO KILL honeybees.Oh, pls answer: why is Monsanto afraid of GMO labeling?", "created_at": "Fri Nov 02 02:59:56 +0000 2012"}, {"text": "Do you know what GMOs are? http://t.co/sPxCcxA8", "created_at": "Fri Nov 02 04:29:45 +0000 2012"}, {"text": "#gmfoods Genetically-Modified Organisms should stay in the lab, says scientist http://t.co/shgEgbVr", "created_at": "Sat Nov 24 08:22:03 +0000 2012"}, {"text": "LETTER: Safety of GMOs in food a real worry- The New Haven Register - Serving New Haven, Connecticut http://t.co/1FubtDGU", "created_at": "Sun Nov 25 06:34:58 +0000 2012"}, {"text": "Ako prase koristi GMO da li ce se pretvoriti u jagnje?", "created_at": "Sat Nov 24 16:47:53 +0000 2012"}, {"text": "I know you all want GMO foods labeled, but my senior FDA advisor &amp; former Monsanto VP &amp; lobbysist says there's... http://t.co/c01vPZho", "created_at": "Sat Nov 24 19:52:23 +0000 2012"}, {"text": "How could you betray the wives, sons and grand children who supported you any more than GMO criminals running the FDA? https://t.co/ni9ZtYg2", "created_at": "Sun Nov 25 04:49:22 +0000 2012"}, {"text": "Avoiding GMO foods? Dine out with caution: Restaurants are HUGE source of hidden GMOs http://t.co/lnwHjW2K via @HealthRanger", "created_at": "Sun Nov 04 23:04:01 +0000 2012"}, {"text": "\"My Monsanto Story... GMOs crops are \"poison on\" or \"poison out\" which do you want to eat?\" http://t.co/9IKko2e3", "created_at": "Mon Nov 05 01:12:04 +0000 2012"}, {"text": "Private Biotech Firm Investing in GMO Salmon - While California anxiously awaits next Tuesday's vote that could pass... http://t.co/H2UXuEIK", "created_at": "Sun Nov 04 08:23:41 +0000 2012"}, {"text": "GMOs at the Polls: 7 Things to Tell Your Friends Before Election Day http://t.co/uroTuyBJ", "created_at": "Sun Nov 04 18:54:39 +0000 2012"}, {"text": "o..kirain,ni gmo lunch kmu de?RT @Ardians_AViCq: Noegroez Wahahhaha :D kemarin pulsa aku nya habis kak :p Lagi apa ?", "created_at": "Mon Nov 05 06:00:50 +0000 2012"}, {"text": "7 Things to Tell Your Friends About GMOs http://t.co/nCLU3TqW", "created_at": "Sun Nov 04 20:03:29 +0000 2012"}, {"text": "I posted 2 photos on Facebook in the album \"Hemp Hearts, no GMO (from Canada)\" http://t.co/D1SQgZ9c", "created_at": "Mon Nov 05 03:42:47 +0000 2012"}, {"text": "Yes on 37.  Know what's GMO http://t.co/mjeNsIwQ", "created_at": "Mon Nov 05 02:36:48 +0000 2012"}, {"text": "Angela Merkel German Chancilor Heads UN and CIA: Global Genocide via Chemtrail GMO Chemo Fog; Weather Warfare Genocide; Merkyl Bayer", "created_at": "Sun Nov 11 17:58:38 +0000 2012"}, {"text": "One GMO Success We Missed On Election Day http://t.co/vbkWxXoU", "created_at": "Sun Nov 11 13:23:01 +0000 2012"}, {"text": "GMO our right to know! http://t.co/nQBQpQso", "created_at": "Sun Nov 11 13:02:44 +0000 2012"}, {"text": "@autojim @Simalot @mariancall @scottbarkan It could have funded research into genetically-modified cold-resistant avocado trees, though...", "created_at": "Sun Nov 11 22:15:08 +0000 2012"}, {"text": "\u0e01\u0e25\u0e49\u0e27\u0e22 GMO \u0e21\u0e35\u0e14\u0e48\u0e32\u0e07, \u0e44\u0e2a\u0e49\u0e04\u0e31\u0e2a\u0e15\u0e32\u0e23\u0e4c\u0e14, \u0e2d\u0e23\u0e48\u0e2d\u0e22, \u0e02\u0e2d\u0e07\u0e1d\u0e32\u0e01 @ \u0e2a\u0e33\u0e19\u0e31\u0e01\u0e2b\u0e2d\u0e2a\u0e21\u0e38\u0e14 \u0e21\u0e08\u0e18. (KMUTT Library) http://t.co/MiYZetSf", "created_at": "Mon Nov 12 06:20:47 +0000 2012"}, {"text": "@chefcraigflinn Join the movement! Canadians have a right to know what's in their food! Label GMOs Please sign &amp; RT! http://t.co/aEejLVCz", "created_at": "Mon Nov 12 06:33:02 +0000 2012"}, {"text": "@inagarten Join the movement! Canadians have a right to know what's in their food! Label GMOs Please sign &amp; RT! http://t.co/aEejLVCz", "created_at": "Mon Nov 12 06:46:38 +0000 2012"}, {"text": "For those of you growing your own GMO free wheat.  It's also pretty, expensive and from WS so you know it's good. http://t.co/rTUk5u6e", "created_at": "Sun Nov 11 16:56:00 +0000 2012"}, {"text": "Washington County Bans GMO Cultivation : TreeHugger http://t.co/3FRNmcH1 via @TreeHugger", "created_at": "Sun Nov 11 16:44:00 +0000 2012"}, {"text": "One GMO Success We Missed On Election Day http://t.co/BrsVBsbb", "created_at": "Sun Nov 11 19:42:44 +0000 2012"}, {"text": "@GMOcito @iamjwatts lol come on John I was just messing with my boi Gmo lol", "created_at": "Sun Nov 11 19:09:55 +0000 2012"}, {"text": "Looking for a few moms to review my No, No GMO book on Amazon. Let me know if you're interested! :)", "created_at": "Mon Nov 12 00:11:25 +0000 2012"}, {"text": "what's the bog deal about GMO ? http://t.co/EUsEG0NY", "created_at": "Sun Nov 11 20:39:01 +0000 2012"}, {"text": "@Label_GMOs Sign the petition to get the FDA to require GMO labeling NATIONWIDE. http://t.co/IJLdUm3T", "created_at": "Mon Nov 12 03:42:19 +0000 2012"}, {"text": "Dr. Mercola Interviews Vicky Debold about GMO Vaccines http://t.co/anRjHutI", "created_at": "Sun Nov 11 14:56:06 +0000 2012"}, {"text": "Labeling GMOs is not over, share this: http://t.co/er5qXCyh", "created_at": "Sun Nov 11 14:58:39 +0000 2012"}, {"text": "David versus Monsanto: A Documentary on GMO http://t.co/p968enbN via @mercola", "created_at": "Sun Nov 11 14:02:36 +0000 2012"}, {"text": "Why a Failed GMO Ballot Measure Still Matters http://t.co/oQ8PdgQr", "created_at": "Wed Nov 14 23:08:07 +0000 2012"}, {"text": "S/O To San Juan County in Washington State passes GMO ban!! #BRAVO", "created_at": "Thu Nov 15 01:48:58 +0000 2012"}, {"text": "@ZMGalindo go to gmo", "created_at": "Wed Nov 14 08:59:19 +0000 2012"}, {"text": "HUMBOLDT CAN: Labeling makes avoiding GMO food affordable: Organic is often the most expensive option on the gro... http://t.co/BHhiTKBt", "created_at": "Wed Nov 14 11:26:00 +0000 2012"}, {"text": "GMO yeast for better head retention in your beer...thoughts?\nhttp://t.co/lJTcXieg", "created_at": "Wed Nov 14 22:48:09 +0000 2012"}, {"text": "@jlynneda actually moving in this direction. Hybrid, GMO and prepared food is death.", "created_at": "Wed Nov 14 16:50:04 +0000 2012"}, {"text": "Seralini\u2019s GMO Study Ignites A War http://t.co/rVJg1DWH via @sharethis", "created_at": "Wed Nov 14 19:22:52 +0000 2012"}, {"text": "Genocide Intervention Network  GMO - GMO FOOD - GMO SEED - GMO Genocide - Transgene - Genetic Bomb  Bill Gates,... http://t.co/n8GTqSDS", "created_at": "Thu Nov 15 00:19:04 +0000 2012"}, {"text": "30 States Pick Up Reigns on GMO Labeling Initiative After Prop 37 Defeat - Waking Times \u00ab Waking Tim http://t.co/NG1HreFl", "created_at": "Wed Nov 14 20:13:22 +0000 2012"}, {"text": "GMO growing banned in San Juan County, Washington http://t.co/IVgF9Gob", "created_at": "Wed Nov 14 07:06:06 +0000 2012"}, {"text": "Incidence of gluten sensitivity skyrocketing in the U.S. - Are GMOs to blame? http://t.co/nXcbNfHY via @HealthRanger", "created_at": "Thu Nov 15 03:47:23 +0000 2012"}, {"text": "So what is a GMO anyway? The history behind genetically modified foods in Canada http://t.co/HX5lU1ot", "created_at": "Thu Nov 15 04:15:07 +0000 2012"}, {"text": "So what is a GMO anyway? The history behind genetically modified foods in Canada http://t.co/ueCTGjIi", "created_at": "Thu Nov 15 04:15:07 +0000 2012"}, {"text": "So what is a GMO anyway? The history behind genetically modified foods in Canada http://t.co/v5AlqJWQ", "created_at": "Thu Nov 15 04:15:07 +0000 2012"}, {"text": "Downstream consequences of GMO foods... What are the consequences on the people consuming them? - #drweil", "created_at": "Thu Nov 15 04:41:10 +0000 2012"}, {"text": "GMO tomorrow is Thursday ;o", "created_at": "Wed Nov 14 12:49:06 +0000 2012"}, {"text": "@JPlovesCOTTON if you believe that GMO foods actually improve health, then why the objections to labeling?", "created_at": "Thu Nov 15 23:14:20 +0000 2012"}, {"text": "@aboulomania_mia: gmo yes! she's fioneeeee when she's banging away at the drums, lawd help meh. Lol", "created_at": "Thu Nov 15 22:41:39 +0000 2012"}, {"text": "#gmfoods GMO label backers look ahead after loss - LOS ANGELES (AP) \u2014 Activists seeking special labels on food made ... http://t.co/EK3qh2a5", "created_at": "Fri Nov 16 00:44:11 +0000 2012"}, {"text": "@simplysarahj What about contamination of non-GMO crops by GMO crops? Talk about forcing a personal preference on others . . .", "created_at": "Thu Nov 15 20:24:58 +0000 2012"}, {"text": "it takes lots &amp; lots of water to grow all of that GMO corn that the cows are fed... and lots of wate http://t.co/XKw2LO4A", "created_at": "Fri Nov 16 03:32:33 +0000 2012"}, {"text": "Special crop or local late plant sweet corn for Friday. So so sweet I ate one raw today. Couldn't stop. It's non GMO corn direct from farm.", "created_at": "Fri Nov 16 02:36:36 +0000 2012"}, {"text": "Emg ya ap ?? Loe mah buka aib sel \"@RCshella: Selalu aja si nugi nebeng wkwkwk RT \"@IDnoegie: Numpang ah ,, morning vana :D. \"@RCshella: Gmo", "created_at": "Fri Nov 23 23:52:54 +0000 2012"}, {"text": "@fatimah_adam @ZaynzAmazing @niallofficial No I'm a fucking transgenic unicorn!", "created_at": "Fri Nov 23 23:48:38 +0000 2012"}, {"text": "Absolutely absurd &gt;&gt; USDA Report on GMOs \u201cIll-Conceived\u201d Says the National Organic Coalition http://t.co/naerhBdA", "created_at": "Fri Nov 23 18:15:24 +0000 2012"}, {"text": "Google gmos before you die", "created_at": "Fri Nov 23 21:15:29 +0000 2012"}, {"text": "Firms behind bee killing #pesticides also driving GMOs  http://t.co/D3aeQP7C", "created_at": "Fri Nov 23 22:36:58 +0000 2012"}, {"text": "RT @HomerWhite RT @sheilaaj: RT @isabellaliberty: GMOs plus Obamacare: your ticket to slavery http://t.co/YMhN5Urf via @HealthRanger", "created_at": "Sat Nov 24 00:34:36 +0000 2012"}, {"text": "Decorating the tree w sister, watching the Apple Cup while gmo makes yummy leftovers :D", "created_at": "Fri Nov 23 20:49:12 +0000 2012"}, {"text": "Peru promulgates GMO moratorium law http://t.co/rpFZjvd9", "created_at": "Fri Nov 23 14:26:43 +0000 2012"}, {"text": "Scientist: Many Pro-GMO Corporate Biologists Own GMO Patents, in Bed with Monsanto http://t.co/yojupCE8 via @@naturalsociety", "created_at": "Sun Nov 25 23:09:43 +0000 2012"}, {"text": "\u00bb Scientist: Many Pro-GMO Corporate Biologists Own GMO Patents, in Bed with Monsanto Alex Jones' Infowars: There's a... http://t.co/M5H9FhHM", "created_at": "Sun Nov 25 13:40:20 +0000 2012"}, {"text": "GMO and ED? Oh yea, didn't they say that on the labeling, well they label GMO in over 21 countries, you're sterile with GMO's foods/products", "created_at": "Sun Nov 25 21:52:40 +0000 2012"}, {"text": "@m_arandjelovic to je jako tesko posto i ako ne pise da je nesto GMO ono sigurno jeste, ili je hrana za stoku GMO i ne kazu ili je neki deo", "created_at": "Sun Nov 25 19:44:01 +0000 2012"}, {"text": "Scientist: Many Pro-GMO Corporate Biologists Own GMO Patents, in Bed with Monsanto http://t.co/HWdqchhD #Truth #Freedom", "created_at": "Sun Nov 25 12:51:38 +0000 2012"}, {"text": "Scientist that discovered GMO health hazards immediately fired, team dismantled http://t.co/VncO1b9x", "created_at": "Mon Nov 26 02:09:27 +0000 2012"}, {"text": "@JessAnDess omg me too! omg omg omg omg gmo omg omg omg oh...my...gosh. OMG", "created_at": "Mon Nov 26 02:50:36 +0000 2012"}, {"text": "California voters reject labeling requirements for GMO foods. http://t.co/l3oB2pN6", "created_at": "Thu Nov 08 23:01:21 +0000 2012"}, {"text": "Millions of GMO Mosquitoes Released Without Risk Assessment or Oversight: The WHO-funded Mosqguide project, whic... http://t.co/8qUFj69E", "created_at": "Thu Nov 08 17:22:03 +0000 2012"}, {"text": "Please sign this! Bring GMO labeling to Canada.\n http://t.co/yKrnZtrl", "created_at": "Thu Nov 08 17:14:13 +0000 2012"}, {"text": "Sign Now! Petition to Bring Mandatory GMO Labeling to Canada. Thanks to Jennifer Harrington for posting sending... http://t.co/JFg4NCmN", "created_at": "Thu Nov 08 17:25:14 +0000 2012"}, {"text": "Proposition 37 appears to have failed in California, but GMO labeling awareness achieves victory\n\n http://t.co/Sj8IIJxM", "created_at": "Thu Nov 08 17:38:59 +0000 2012"}, {"text": "Lies, Dirty Tricks and $45 Million Kill GMO Labeling in California http://t.co/o6LGcf3B via @HuffPostGreen", "created_at": "Fri Nov 09 01:56:27 +0000 2012"}, {"text": "\"Tobacco was found to be harmful to health in 1950, &amp; it took nearly half a century to meaningfully change laws\" GMOs you're next.", "created_at": "Thu Nov 08 18:31:10 +0000 2012"}, {"text": "How Corporations Defeated Prop 37 GMO Labeling Law: #showmethemoney http://t.co/WKYWZ0V1", "created_at": "Thu Nov 08 18:25:35 +0000 2012"}, {"text": "one last bit of info the whole GMO issue (for now). here is a great website that is a collaborative initiative to... http://t.co/RuSg2wH4", "created_at": "Thu Nov 08 21:09:35 +0000 2012"}, {"text": "For real: Lies, Dirty Tricks, and $45 Million Kill GMO Labeling in California : TreeHugger http://t.co/dOIU2X5B", "created_at": "Thu Nov 08 16:40:35 +0000 2012"}, {"text": "Excellent article\n\u201c@bittman: Lies, Dirty Tricks, and $45 Million Kill GMO Labeling in California | Appetite for Profit http://t.co/QtnqF4Vw\u201d", "created_at": "Thu Nov 08 16:23:42 +0000 2012"}, {"text": "GMO Ticking Time Bomb - Gary Null - Part 2: http://t.co/MSHekEKA", "created_at": "Thu Nov 08 16:41:04 +0000 2012"}, {"text": "In order to support genetically-modified food, you either have to be ignorant or a genocidal asshole.", "created_at": "Thu Nov 08 16:59:30 +0000 2012"}, {"text": "@dgardner agree that GMOs are safe you mean?", "created_at": "Thu Nov 08 19:50:53 +0000 2012"}, {"text": "Selectively Scientific Regarding GMO http://t.co/8hMHxvQ4", "created_at": "Thu Nov 08 20:41:35 +0000 2012"}, {"text": "@kasafc They do test it, my cousin signed up for it years ago down @  USDA agricultural farm in Greenbelt.  where the gov. grows &amp; tests GMO", "created_at": "Thu Nov 08 20:39:38 +0000 2012"}, {"text": "#Monsanto wins #California : GMO labeling law defeated http://t.co/xbS28aO7 #Prop37 #GMOs #Food #health #diet", "created_at": "Thu Nov 08 07:30:37 +0000 2012"}, {"text": "@badbrainAJ @MonsantoCo I will happily shake your hand! I'd give everything I have to see GMOs banned worldwide. Shame on you Monsanto!", "created_at": "Fri Nov 09 03:44:41 +0000 2012"}, {"text": "@RezaAzalea @NidAnalya @IchaaIccho @siti_rise15 @astriiaci @widyakrna @nitajulio_ gw jg ga GMO :p", "created_at": "Fri Nov 09 04:44:08 +0000 2012"}, {"text": "@shifted - awesome dietician in library 2nite. The mathy side of nutrition 4 teens...blood levels, anatomy, healthy spices, even GMO debate.", "created_at": "Fri Nov 09 02:31:46 +0000 2012"}, {"text": "Prop 37 GMO Labeling Law Defeated By Corporate Dollars And Deception, Proponents Say http://t.co/uiPMOmNW via @HuffPostGreen", "created_at": "Fri Nov 09 02:44:38 +0000 2012"}, {"text": "no GMO", "created_at": "Fri Nov 09 05:00:56 +0000 2012"}, {"text": "For how progressive Obama is his DEA, DHS, FBI, policies against whistle blowers, pot, for GMOs all say otherwise.", "created_at": "Sat Nov 10 01:17:55 +0000 2012"}, {"text": "\"Let we accept GMOs in Organics\": http://t.co/RLVV24iB", "created_at": "Fri Nov 09 13:42:40 +0000 2012"}, {"text": "@Oreo Oreo cookies contain Soy and Canola. Both are GMO (Genetically Modified Organisms) OMG! BOYCOTT.", "created_at": "Fri Nov 09 21:51:54 +0000 2012"}, {"text": "Help win the battle for GMO labeling by supporting Washington's fight to pass I-522! - http://t.co/qnVfVlnZ via @Shareaholic #eco-diva.com", "created_at": "Fri Nov 09 21:19:37 +0000 2012"}, {"text": "@AmitaMetta @cobaltkitsune exactly! I can't believe that the porn condom thing passed but not gmo labeling. http://t.co/eLp4xPHR", "created_at": "Fri Nov 09 15:03:20 +0000 2012"}, {"text": "Re @slate by @keithkloor it is reasonable for me as a consumer to want to know if GMOs are in my food. I see no reason why I shouldn't know.", "created_at": "Fri Nov 09 16:28:14 +0000 2012"}, {"text": "Interesting Article- Scientists Sound Off: Ban GMO Testing... http://t.co/5pYCowOT #Featured #FeaturedStories #GeneralHealth #ban #country", "created_at": "Sat Nov 10 00:34:02 +0000 2012"}, {"text": "Even more scientists in India are demanding GMO testing be halted  http://t.co/z0322t0A", "created_at": "Sat Nov 10 00:11:55 +0000 2012"}, {"text": "Washington County Bans GMO Cultivation http://t.co/9IuaV39V", "created_at": "Fri Nov 09 20:15:47 +0000 2012"}, {"text": "Are Genetically Modified Insects The Next Step For The GMO Industry? - http://t.co/OLqAz4gQ via @FastCompany", "created_at": "Fri Nov 09 20:35:03 +0000 2012"}, {"text": "PRIJEDLOG 37: Zakon o ozna\u010davanju GMO hrane \u2013 PROPAO ! http://t.co/UUm9eI7A", "created_at": "Fri Nov 09 07:22:53 +0000 2012"}, {"text": "Mark Bittman explains why California\u2019s GMO labeling proposition failed \u2013 89.3 KPCC http://t.co/MPkEh7yG", "created_at": "Fri Nov 09 12:58:29 +0000 2012"}, {"text": "California Votes 'No' on Prop 37 GMO Food Labeling http://t.co/uaIFOBBB\n #Green", "created_at": "Fri Nov 09 14:00:10 +0000 2012"}, {"text": "Trial and error....hahahaha. Next time I read about a new GMO crop field trial I'll imagine all the errors that occur in its wake.", "created_at": "Mon Nov 12 17:21:36 +0000 2012"}, {"text": "One GMO Success We Missed On Election Day http://t.co/dDHCkHm2", "created_at": "Mon Nov 12 13:50:24 +0000 2012"}, {"text": "Prop 37 Failed, Now What? Ways to Avoid GMO Foods and Support Sustainable Agriculture http://t.co/eUO9YigO", "created_at": "Mon Nov 12 18:30:57 +0000 2012"}, {"text": "\"where to shop for non gmo foods?\" http://t.co/Pms1zu7D", "created_at": "Mon Nov 12 18:45:45 +0000 2012"}, {"text": "GMO updates,Female Endocrine/Hormone Seminar, +NEW CNHP class - Greetings ! We are getting closer to the... http://t.co/gsKw2J8G", "created_at": "Mon Nov 12 21:41:11 +0000 2012"}, {"text": "My first taste of dairy and GMO free egg not and mint chocolate milk. Amazing! http://t.co/bq311DzR", "created_at": "Tue Nov 13 06:40:27 +0000 2012"}, {"text": "In the US almost all corn, soy, cotton, and alfalfa is GMO (roundup ready), and contain glyphosate. #wapfconf", "created_at": "Mon Nov 12 16:49:11 +0000 2012"}, {"text": "@Andromeda95 Would you be interested in getting involved with a GMO labeling initiative in GA? You an reach me at gmofreeusa@gmail.com", "created_at": "Mon Nov 12 16:21:50 +0000 2012"}, {"text": "@JohnCornyn what do I have to do to get GMO labels on food here in Tx?", "created_at": "Mon Nov 12 19:54:14 +0000 2012"}, {"text": "Washington County Bans Growing of GMOs http://t.co/JJcbLc1w via @@naturalsociety", "created_at": "Mon Nov 12 12:56:58 +0000 2012"}, {"text": "Stop GMO: Play Stop GMO on http://t.co/V3nu8fNC. http://t.co/FVyJxmAv #gameitnow #games", "created_at": "Mon Nov 12 12:59:59 +0000 2012"}, {"text": "@topher_sweet @i_am_change_usa I'm not even heated about the mitt endorsement, but he voted for sanctions on Iran &amp; against labeling GMOs", "created_at": "Sun Nov 18 01:34:34 +0000 2012"}, {"text": "Prop 37\u2032s Backlash: DIY GMO Labels Popping Up in California Stores http://t.co/8KYCnXK7", "created_at": "Sun Nov 18 01:01:07 +0000 2012"}, {"text": "GMO w Polsce - przeg\u0142osowano cichaczem 8 listopada - ewa.pi\u00f3ro: \"antyaging\" - Salon24 http://t.co/6YZ5ojqn", "created_at": "Sat Nov 17 13:08:47 +0000 2012"}, {"text": "GMO Roundtable: Big Money &amp; Computers Decided Prop 37 Outcome http://t.co/v0rEQ40Q #news", "created_at": "Sat Nov 17 11:58:13 +0000 2012"}, {"text": "Gmo u a liar", "created_at": "Sat Nov 17 16:08:03 +0000 2012"}, {"text": "GMOs anyone via Nutiva http://t.co/XMGqeUMn", "created_at": "Sat Nov 17 07:01:47 +0000 2012"}, {"text": "What we have here,people, is Twinkie-icide\u2122\nThe extermination of useless junk food by Far Right elitist GMO foodies!\n\nREVOLT!\n#SaveTwinkies\u2122", "created_at": "Sun Nov 18 04:17:20 +0000 2012"}, {"text": "Top US Healthcare Giant: GMOs are Devastating Health | NationofChange http://t.co/XLN1elQe via @nationofchange", "created_at": "Wed Nov 28 23:23:15 +0000 2012"}, {"text": "@mdgblogger http://t.co/zE4wLLlb petition requiring FDA Label GMOs Require 7k more sigs by Dec 8-PLS SIGN here: http://t.co/t7Oe7aIF", "created_at": "Wed Nov 28 17:04:34 +0000 2012"}, {"text": "in response to the GMO controversy... http://t.co/E4tXglVA\n#m201", "created_at": "Wed Nov 28 17:04:46 +0000 2012"}, {"text": "GMO ! Buat si rusuh ! Wkwk yang sabar yaaaa ({})", "created_at": "Wed Nov 28 10:22:46 +0000 2012"}, {"text": "GMO \uc804\ubb38\uac00 \uae40\uc740\uc9c4\uc740, \uc774\uc815\ud76c\ub97c \uc9c0\uc9c0\ud558\uba74 \uc5b4\ub5a4 \uaf2c\ub9ac\ud45c\uac00 \ubd99\uc744\uc9c0 \uc54c\uace0 \uc788\uc9c0\ub9cc \uc774\uc815\ud76c \ud380\ub4dc\uc5d0 \uac00\uc785\ud588\ub2e4\uace0 \ud55c\ub2e4. \uc633\uc740 \uc815\ucc45\uc744 \ub9d0\ud558\ub294 \uc774\uc815\ud76c, \ucd94\uc9c4 \uacfc\uc815\uae4c\uc9c0 \ub2e4 \ubc1d\ud78c \uc774\uc815\ud76c\uc774\uc9c0\ub9cc \uc544\ubb34\ub807\uac8c\ub098 \ubc00\uccd0\ub0b4\ub294 \uc0ac\ub78c\ub4e4\ub3c4 \ub9ce\ub2e4. \uadf8\ub4e4\uc758 \uc0b6\uc740 \ud30d\ud30d\ud558\uc9c0 \uc54a\uc544\uc11c\uc77c\uae4c?", "created_at": "Wed Nov 28 13:29:17 +0000 2012"}, {"text": "GMOs Banned in Europe, But Monsanto Receives $40 Million from EU Bank http://t.co/nWQddiRH via @OrganicAuthorit", "created_at": "Wed Nov 28 08:24:31 +0000 2012"}, {"text": "@msnbc @hardball Da CIA was giving out GMO Food on purpose.Da CIA IS A PRIVATE CORP just Like THE ,IRS,IMF,NSA,FDA NASA.. NO FREE PRESS", "created_at": "Wed Nov 28 18:12:06 +0000 2012"}, {"text": "Everyone has the right to know what is in their food! Say No to GMO products and demand GMO labeling! #saynotogmo", "created_at": "Wed Nov 28 21:35:58 +0000 2012"}, {"text": "Corporate Giant Kaiser Permanente Comes Out Against GMOs (and the companies that love them) http://t.co/0wWrmGTH #gmo", "created_at": "Wed Nov 28 21:49:04 +0000 2012"}, {"text": "@ryannrathbone Hi. Please see our postion on GMOs here http://t.co/zQ1XDnHh  -We believe everyone has the right to know what's in their food", "created_at": "Wed Nov 28 22:15:54 +0000 2012"}, {"text": "Biotech industry wants organic farmers to pay for GMO contamination of their own crops http://t.co/1waZxXgC http://t.co/pgXNNEGy", "created_at": "Thu Nov 29 06:25:23 +0000 2012"}, {"text": "hodujemy z GMO https://t.co/y8Kuo2jC", "created_at": "Wed Nov 28 16:55:26 +0000 2012"}, {"text": "@TEAMSFHW http://t.co/zE4wLLlb petition requiring FDA Label GMOs Require 7k more sigs by Dec 8-PLS SIGN here: http://t.co/t7Oe7aIF", "created_at": "Wed Nov 28 16:57:36 +0000 2012"}, {"text": "@Gary_Hirshberg BU student looking to spread the word about GMO labeling in New England. Can I ask you some GMO questions via email, please?", "created_at": "Wed Nov 28 20:19:54 +0000 2012"}, {"text": "RT @Politicore: RT @seekingmolly: Top #US #Healthcare Giant: GMOs Are Devastating Health http://t.co/aeoglW8Q /... http://t.co/8PoQ7p9x", "created_at": "Thu Nov 29 03:43:37 +0000 2012"}, {"text": "Przez GMO stracimy suwerenno\u015b\u0107 http://t.co/brkfT8FN", "created_at": "Wed Nov 28 12:05:25 +0000 2012"}, {"text": "Talk about each other? Folks health at risk from unlabeled GMO s McLuhan on solar powered rotisserie? till archaeologists get him?  #PnPcbc", "created_at": "Tue Nov 13 23:06:01 +0000 2012"}, {"text": "GMO growing banned in San Juan County, Washington http://t.co/gTWLvCGm", "created_at": "Tue Nov 13 17:27:11 +0000 2012"}, {"text": "GMO Free Food List http://t.co/ZkH19iuF", "created_at": "Tue Nov 13 17:40:13 +0000 2012"}, {"text": "GMOs Kids Right To Know - JUST LABEL IT! http://t.co/3Ymcu1Li", "created_at": "Tue Nov 13 17:39:11 +0000 2012"}, {"text": "Giving a presentation on transgenic resistance to bacterial spot disease in tomatoes today, my favourite topic...", "created_at": "Tue Nov 13 08:56:21 +0000 2012"}, {"text": "@zelenisrbije organik \u010dips i pivo zbog holesterola su ubili ili osakatili vi\u0161e ljudi nego GMO soja", "created_at": "Tue Nov 13 11:07:48 +0000 2012"}, {"text": "Washington County (US) Bans Growing of GMOs http://t.co/QdCoSQj1", "created_at": "Tue Nov 13 11:21:54 +0000 2012"}, {"text": "With California Prop Defeated, GMO Labeling Proponents Look to Farm Bill http://t.co/mWN98iF0", "created_at": "Tue Nov 13 18:22:31 +0000 2012"}, {"text": "Scientist that discovered GMO health hazards immediately fired, team dismantled http://t.co/zXO7absE via @HealthRanger", "created_at": "Tue Nov 13 21:55:31 +0000 2012"}, {"text": "Wouldn't surprise me. . . RT @TheBlissfulChef: gluten sensitivity skyrocketing in the U.S. - Are GMOs to blame?\n http://t.co/W1HBkjjf", "created_at": "Tue Nov 13 21:00:21 +0000 2012"}, {"text": "Come join the #GMOAware Kitchen Cabinet Challenge! Find the GMOs in YOUR house and take a pic! http://t.co/aGcC5NtG #mamavation", "created_at": "Tue Nov 13 22:05:18 +0000 2012"}, {"text": "Transgenic Crops IV: v. 4 (Biotechnology in Agriculture and Forestry): Eng Chong Pua, Michael R. Davey:  | @scoopit http://t.co/AGaRSmfm", "created_at": "Wed Nov 14 06:46:50 +0000 2012"}, {"text": "Prop 37 in California helped bring discussion on GMOs to a forefront. ...but the conversation was driven by extreme positions on both sides.", "created_at": "Tue Nov 13 15:06:58 +0000 2012"}, {"text": "@skitsketchjeff For sure! A follow up could be GMO corn picked for the head of the FDA...", "created_at": "Tue Nov 13 16:15:53 +0000 2012"}, {"text": "GMOs aren't the only food danger. RT @RippDemUp: How Factory Farms Quietly Defeated Food Safety In North Dakota http://t.co/GGfeexlI #p2", "created_at": "Tue Nov 13 19:33:45 +0000 2012"}, {"text": "@stilloldduck @that_was_random @dystopia47 No Not Commercial. Rotation works on any scale. GMO invented to control seed &amp; Chemicals Globally", "created_at": "Tue Nov 13 19:52:11 +0000 2012"}, {"text": "And you thought they were delicious before... RT @PharmacistScott: So now diapers are GMO free? http://t.co/SN4nvLuV", "created_at": "Wed Nov 14 00:43:46 +0000 2012"}, {"text": "@aprilhera Ini pagi2 br melek uda dikirimin capture yg gazeboooo,mau bikin aku GMO yah ga mempansss :D", "created_at": "Wed Nov 14 00:56:46 +0000 2012"}, {"text": "Monsanto wins California: GMO labeling law defeated \u2014 RT http://t.co/XZutUQQV", "created_at": "Wed Nov 14 03:07:27 +0000 2012"}, {"text": "could say something important.. like how GMO companies pay billions to keep labels off.. or that 46 million US citizens live in poverty", "created_at": "Wed Nov 14 03:11:38 +0000 2012"}, {"text": "Jeffrey Smith GMO update January, 2012 - GMO labeling initiate in California, bad science and more - NaturalNews.tv \n\nVery Informative!", "created_at": "Wed Nov 14 03:28:23 +0000 2012"}, {"text": "New article - GMO Model Profile: Meet Travis Lee Ferguson @tferg83 http://t.co/K1x2YGF0", "created_at": "Wed Nov 14 04:59:30 +0000 2012"}, {"text": "Setiba tiba nya dia mnta jadi sarjana dan gmo skola lagi..ontel onteeell..-.-", "created_at": "Tue Nov 13 14:20:14 +0000 2012"}, {"text": "@svgoatcheese Did you see this petition for mandatory GMO labelling? http://t.co/8gSZ1h1S", "created_at": "Wed Nov 14 05:43:19 +0000 2012"}, {"text": "@peggy_doyle Did you see this petition for mandatory GMO labelling? http://t.co/8gSZ1h1S", "created_at": "Wed Nov 14 05:49:23 +0000 2012"}, {"text": "The Ongoing Battle Over GMOs and Food Safety - CounterPunch: GoodFood WorldThe Ongoing Battle Over GMOs and Food... http://t.co/qBJfLV7x", "created_at": "Mon Nov 26 10:30:03 +0000 2012"}, {"text": "Mandatory GMO Labeling Bill Hearing Set for TOMORROW in Honolulu City Council http://t.co/HYs9FzuS #GMOfreeHawaii #noGMO #StopMonsanto", "created_at": "Mon Nov 26 18:55:10 +0000 2012"}, {"text": "Boycott corporations that oppose GMO labeling. It's better and healthier to make juice at home. It's fun to... http://t.co/lTsfvlyG", "created_at": "Mon Nov 26 22:55:53 +0000 2012"}, {"text": "Bacillus thuringiensis (Bt) \u2013 a pesticide used for GMO corn that breaks open the stomach of insects &amp; kills them.", "created_at": "Tue Nov 27 06:00:28 +0000 2012"}, {"text": "Corporate Giant Comes Out Against GMOs http://t.co/Q80AUjkW", "created_at": "Mon Nov 26 15:52:17 +0000 2012"}, {"text": "Palos Hills, IL Pushes for GMO Labels on Food http://t.co/1NDOzpTb #RoundupResistance #noGMO #AllPoliticsAreLocal #OWS #ag #p2 #tcot", "created_at": "Mon Nov 26 15:50:54 +0000 2012"}, {"text": "I liked a @YouTube video http://t.co/jnGg8uqI Last Night's Show - The GMO Story, End of Discussion", "created_at": "Mon Nov 26 16:30:06 +0000 2012"}, {"text": "Tell India To Take A Stand Against GMOs - The Petition Site http://t.co/WlXjw05n", "created_at": "Mon Nov 26 16:53:57 +0000 2012"}, {"text": "Price pivot lows\n\nGALE\nGMO\nIQNT\nOPTR\nSKUL  $GALE $IQNT $SKUL $OPTR $GMO http://t.co/wcwKnkqY", "created_at": "Tue Nov 27 00:31:29 +0000 2012"}, {"text": "part of NWO food control=&gt;&gt;FELLOW  LAB RATS EAT GMO GROW YOUR OWN TUMOUR BIG PHARMA IS HERE TO HELP! http://t.co/84JnhUiR via @BeforeItsNews", "created_at": "Mon Nov 26 20:55:56 +0000 2012"}, {"text": "@StoryRoute @scoopit America GMO Marketing Dollars Killing Off Real Food Worldwide!! Blood &amp; Bone Cancers Are Big Business! #NoAccident #Now", "created_at": "Mon Nov 26 20:38:36 +0000 2012"}, {"text": "Read Washington State University's findings on USA pesticide use after the first 16 years of GMOs http://t.co/ApHUOGh2", "created_at": "Mon Nov 26 20:37:16 +0000 2012"}, {"text": "@jamieoliver I know u must be busy but please read 'seeds of deception' if u get time... Food is changing for the worse GMO food has to go!", "created_at": "Tue Nov 27 03:42:38 +0000 2012"}, {"text": "RT @GMKnowBoulder Many Pro-GMO Corporate Biologists Own GMO Patents, in Bed w/Monsanto http://t.co/tH7rBSv5 =&gt;What a surprise! NOT!", "created_at": "Tue Nov 27 03:06:09 +0000 2012"}, {"text": "Whole Foods Pushes for Labeling of GMOs  http://t.co/iwI2ZLyq", "created_at": "Fri Nov 02 16:57:44 +0000 2012"}, {"text": "RT @HuffPostGreen: Michael Pollan's take on GMOs http://t.co/N2hJmIQ9", "created_at": "Fri Nov 02 16:01:26 +0000 2012"}, {"text": "RT: @GreenSolarWind: Biotech Nightmare - GMO Jumping Genes | Farm Wars http://t.co/GvRWnS4W", "created_at": "Fri Nov 02 21:43:32 +0000 2012"}, {"text": "David versus Monsanto: A Documentary on GMO http://t.co/obGEIQMx via @mercola", "created_at": "Sat Nov 03 05:17:59 +0000 2012"}, {"text": "Corn is a year \u2018round staple and favorite for fall recipes. Go organic with corn-based ingredients if you want to avoid corn from GMO crops.", "created_at": "Fri Nov 02 15:30:31 +0000 2012"}, {"text": "Weeks ago, I tried to contact my local and LosAngeles chapters of #NAACP about them not supporting #Prop37. I got no comment/call back. GMO", "created_at": "Fri Nov 02 15:59:25 +0000 2012"}, {"text": "Do you know what GMOs are? http://t.co/t4vRYNxl", "created_at": "Fri Nov 02 06:48:02 +0000 2012"}, {"text": "Grocery Store Finds (and GMO Free Foods): It's that time again. I just got back yesterday from my Onc... http://t.co/XgxuccbL #hsblogger", "created_at": "Fri Nov 02 13:26:47 +0000 2012"}, {"text": "California to vote on labeling GMO foods http://t.co/9se60ArN", "created_at": "Sat Nov 03 01:30:04 +0000 2012"}, {"text": "It would be interesting if Prop 37 drove GMO innovation towards more consumer ends: tastier food, more nutrients, etc. cc @bittman", "created_at": "Sat Nov 03 01:56:00 +0000 2012"}, {"text": "Powerful companies like Monsanto &amp; Hershey are spending millions to defeat Prop 37, the GMO labeling initiative http://t.co/U74ezKxg", "created_at": "Sat Nov 03 01:01:03 +0000 2012"}, {"text": "@YvonneElmHall Definitely. I'm a big fan of very clear definitions for everything. (&amp; grandparents don't grow GMO crops. They pack fruit.)", "created_at": "Sat Nov 03 01:21:37 +0000 2012"}, {"text": "GMO updates,Female Endocrine/Hormone Seminar, +NEW CNHP class - Greetings ! We are getting closer to the... http://t.co/gsKw2J8G", "created_at": "Tue Nov 27 17:51:53 +0000 2012"}, {"text": "Genotype-induced changes in biophysical properties of frontal cortex lipid raft from APP/PS1 transgenic mice: Ma... http://t.co/Kt8WC91f", "created_at": "Tue Nov 27 10:01:29 +0000 2012"}, {"text": "Scientist: Many Pro-GMO Corporate Biologists Own GMO Patents, in Bed with Monsanto http://t.co/YEFrz8sW via @@naturalsociety", "created_at": "Tue Nov 27 13:48:40 +0000 2012"}, {"text": "bam! No GMO for Peru! Awesome what a country can do with the right education! Unfortunate what California has... http://t.co/pu0dUAxX", "created_at": "Tue Nov 27 21:27:25 +0000 2012"}, {"text": "Jerry Doyle &amp;amp; Robert Scott Bell: GMO Establishment Launches Disinfo Campaign Targeting Organic Food -   http://t.co/quR5Nsbr\n #newtag", "created_at": "Tue Nov 27 22:06:05 +0000 2012"}, {"text": "Monsanto\u2019s GMO might soon be banned in India\nhttp://t.co/f3OLD56s http://t.co/xkqMweyd", "created_at": "Tue Nov 27 19:19:44 +0000 2012"}, {"text": "please watch! How GMO foods alter organ function and pose a very real health threat to...: http://t.co/pedg9sfv", "created_at": "Wed Nov 28 00:24:10 +0000 2012"}, {"text": "Scientist: Many Pro-GMO Corporate Biologists Own GMO Patents, in Bed with Monsanto\nPosted: 25 Nov 2012 10:19 PM... http://t.co/kFvsKbYH", "created_at": "Tue Nov 27 09:59:35 +0000 2012"}, {"text": "I 522 Label GMO petition  did you sign yet? http://t.co/yngUctKp", "created_at": "Wed Nov 28 03:34:55 +0000 2012"}, {"text": "Japan\u2019s GMO Venture Partners focuses on Southeast Asia\u2019s potential with new $12 million fund http://t.co/NvAPYBcJ http://t.co/Te5U4TEd", "created_at": "Wed Nov 28 04:29:47 +0000 2012"}, {"text": "Jarren benton and gmo needa collab already", "created_at": "Wed Nov 28 05:09:51 +0000 2012"}, {"text": "Dr. Jim LaValle posted Part 1 of a 2 part series on the controversy surrounding GMOs (genetically modified... http://t.co/L01y2xiP", "created_at": "Tue Nov 20 17:40:49 +0000 2012"}, {"text": "News Just For You.: Organic farmers condemn U.S. report, claim it favors GMO [http://t.co/OwGYE1e6] http://t.co/Scspg1Yf", "created_at": "Wed Nov 21 06:01:45 +0000 2012"}, {"text": "GMO RUNSYSTEM\u3001\u30d9\u30c8\u30ca\u30e0\u306e\u30c9\u30e1\u30a4\u30f3\u201c.vn\u201d\u306e\u516c\u8a8d\u30ec\u30b8\u30b9\u30c8\u30e9\u306e\u8a8d\u5b9a\u53d6\u5f97 http://t.co/MA78Ic4Z", "created_at": "Wed Nov 21 06:17:42 +0000 2012"}, {"text": "RT @pixelkat: Monsanto in Mexico: Stop GMO Corn Now http://t.co/1LRTocjN http://t.co/bofOIeuC", "created_at": "Tue Nov 20 15:04:10 +0000 2012"}, {"text": "An Island Divided: Hawai'i Battles GMO Industry Takeover (Part One): http://t.co/PybgsrxI via @organicauthorit", "created_at": "Tue Nov 20 20:34:17 +0000 2012"}, {"text": "Organic farmers condemn US report, claim it favors GMO http://t.co/o3kdPqSD", "created_at": "Tue Nov 20 20:07:02 +0000 2012"}, {"text": "Genetically Modified Apples Newest GMO Creation to be Pushed on Consumers http://t.co/Alu8F7t3 via @@naturalsociety", "created_at": "Tue Nov 20 20:05:30 +0000 2012"}, {"text": "Food Labeling: How to Identify Conventional, Organic and GMO ... http://t.co/FNvz5Xev", "created_at": "Wed Nov 21 04:21:42 +0000 2012"}, {"text": "Organic farmers condemn U.S. report, claim it favors GMO http://t.co/pDLj3JgP", "created_at": "Wed Nov 21 17:48:02 +0000 2012"}, {"text": "Kenya bans importation of GMO foods! Woohoo! When will the USA ban them? \n\nWhether you like it or not, chances... http://t.co/FmTd7O3Q", "created_at": "Thu Nov 22 01:42:40 +0000 2012"}, {"text": "Kaiser Permanente advises its customers against GMOs http://t.co/wgqaOeYQ", "created_at": "Wed Nov 21 10:37:25 +0000 2012"}, {"text": "New post: GMOs plus Obamacare: your ticket to slavery http://t.co/cgbBs8Da", "created_at": "Wed Nov 21 13:40:04 +0000 2012"}, {"text": "David versus Monsanto: A Documentary on GMO http://t.co/bNKiD4MD", "created_at": "Wed Nov 21 18:25:16 +0000 2012"}, {"text": "Ten Grassroots Lessons From Monsanto's Swift-Boating of the Prop37/Label GMO Campaign http://t.co/UqFiH4Bz via @HuffPostGreen", "created_at": "Wed Nov 21 22:14:39 +0000 2012"}, {"text": "Pesticide Use Ramps Up As GMO Crop Tech Starts Backfiring\n\n.http://t.co/QTMTq5tD", "created_at": "Thu Nov 22 06:29:14 +0000 2012"}, {"text": "California's Proposition 37 for GMO Labeling Does Not Pass... http://t.co/hv8EURE7", "created_at": "Thu Nov 22 00:19:27 +0000 2012"}, {"text": "Until GMOs are labeled, you can be safe by buying USDA Organic foods, as by law, they do not have GMOs in them. http://t.co/dsrWwYMy", "created_at": "Wed Nov 21 20:23:01 +0000 2012"}, {"text": "We lost the fight for Prop. 37 in CA which would have required the labeling of GMO foods.  There were 81... http://t.co/jarEVbon", "created_at": "Wed Nov 21 20:24:45 +0000 2012"}, {"text": "From Food to Foe #GMO http://t.co/54KkFOmY CA GMO measure may fail after food industry fights back http://t.co/BTX8uMSg", "created_at": "Mon Nov 05 23:23:36 +0000 2012"}, {"text": "Do GMOs Cause Gluten Intolerance?: Organic Authority | Digestive disorders have skyrocketed since GMOs have ente... http://t.co/T4dwtkTj", "created_at": "Mon Nov 05 23:48:33 +0000 2012"}, {"text": "California's Prop 37: Monsanto, vote yes for GMO labelling - Opinion - Al Jazeera English http://t.co/UDUEp9i6 via @ajenglish", "created_at": "Mon Nov 05 17:30:55 +0000 2012"}, {"text": "With rampant obesity, diabetes, and cancer, we cannot afford to be guinea pigs in experiments with GMO foods. Vote YES on CA Prop 37!", "created_at": "Mon Nov 05 17:25:16 +0000 2012"}, {"text": "Help win the battle for GMO labeling by supporting California's fight to pass Prop 37! http://t.co/aRA23JfO via @causes", "created_at": "Mon Nov 05 17:54:27 +0000 2012"}, {"text": "Educate yourself about GMOs and how they damage health, avoid processed foods and farmed foods from producers who... http://t.co/496Lh90T", "created_at": "Mon Nov 05 17:59:56 +0000 2012"}, {"text": "@iansomerhalder GMOs are created to increase yields and resist disease and pests", "created_at": "Tue Nov 06 01:36:35 +0000 2012"}, {"text": "JJ DOOM- Gmo", "created_at": "Mon Nov 05 13:29:33 +0000 2012"}, {"text": "Prefer to shop with retailers that back the Non GMO Project? Find out who they are: http://t.co/ohxomZah Vote YES on #Prop37", "created_at": "Mon Nov 05 18:51:32 +0000 2012"}, {"text": "GMOs (genetically modified food) Vote YES to Your Right to Know http://t.co/OiulaMiH via @sharethis", "created_at": "Mon Nov 05 18:29:09 +0000 2012"}, {"text": "California GMO measure may fail after food industry fights back (Yahoo!): Share With Friends:  |  | Health - Smo... http://t.co/w4ZyRcBj", "created_at": "Mon Nov 05 18:36:01 +0000 2012"}, {"text": "Great ways to start cutting out GMOs from your diet! http://t.co/KETEGR2t", "created_at": "Mon Nov 05 21:27:13 +0000 2012"}, {"text": "California's GMO food-label ballot bill could have nationwide impact http://t.co/QlTTeVlz", "created_at": "Mon Nov 05 21:00:18 +0000 2012"}, {"text": "@TheGayVegans YES on 37! LABEL GMOs VIDEO! PLEASE SHARE! :) http://t.co/XW0DOJZ6", "created_at": "Mon Nov 05 22:35:12 +0000 2012"}, {"text": "@charliesheen YES on 37! LABEL GMOs VIDEO! PLEASE SHARE! :) http://t.co/XW0DOJZ6", "created_at": "Mon Nov 05 22:36:50 +0000 2012"}, {"text": "@bbum @nitinganatra good place to start \u201c@ryanzhelp: Seven Things to Tell Your Friends About GMOs http://t.co/WfH5MDs2 via @HuffPostFood\u201d", "created_at": "Tue Nov 06 06:39:14 +0000 2012"}, {"text": "Three Things I Learned When I Forced Myself to Learn About Proposition 37 http://t.co/VM6xRGdm\u00a0=&gt;vs forcing GMOs on unsuspecting consumers?", "created_at": "Mon Nov 05 15:51:45 +0000 2012"}, {"text": "Not at all RT @brownfield: Would the labeling of products containing GMOs change your buying habits? http://t.co/G050pqol", "created_at": "Mon Nov 05 15:55:18 +0000 2012"}, {"text": "Entrada Livre com Inscri\u00e7\u00e3o Obrigat\u00f3ria at\u00e9 19 de Novembro.\n\n2nd Forest Genomics Meeting:\nTransgenic Forest... http://t.co/UedNnNDO", "created_at": "Mon Nov 05 15:07:17 +0000 2012"}, {"text": "GMO Devastation in India http://t.co/M4HLUeQj", "created_at": "Mon Nov 05 15:23:28 +0000 2012"}, {"text": "California GMO measure may fail after food industry fights back: (Reuters) - Major food and seed companies appear to... http://t.co/c8PpQXDG", "created_at": "Mon Nov 05 07:56:09 +0000 2012"}, {"text": "California GMO measure may fail after food industry fights back: (Reuters) - Major food and seed companies appea... http://t.co/ZUqtIUCs", "created_at": "Mon Nov 05 07:56:09 +0000 2012"}, {"text": "@DrJennBerman Just started watching. Thank u for the link! I'm sure the vid will get there, but how do we discern btwn GMO and non in store?", "created_at": "Mon Nov 05 07:36:50 +0000 2012"}, {"text": "Jill Stein would ban GMOs until further research is completed. #NowThatsADebate", "created_at": "Tue Nov 06 03:21:43 +0000 2012"}, {"text": "@jillstein2012 Any reason why the GMO question on the Cali ballot isnt included for all states?.. I was hoping it would be, boo.", "created_at": "Tue Nov 06 04:56:27 +0000 2012"}, {"text": "@NastyNate_93 meet me upp foo im down to get dropped like gmo", "created_at": "Tue Nov 06 04:25:12 +0000 2012"}, {"text": "@bookieboo Q4: In no way are they the same. GMOs are man-made, not natural, and shouldn't even be considered to be the same thing. #yeson37", "created_at": "Tue Nov 06 04:38:59 +0000 2012"}, {"text": "Q2: WHEN EUROPE LABELED, FOOD COMP. WARNED PRICES WOULD GO UP. NOT!  DO U KNOW OF SIMILAR PRODUCTS IN EUROPE THAT ARE GMO FREE? #YESON37", "created_at": "Tue Nov 06 04:17:50 +0000 2012"}, {"text": ".@veepveep @JessicaGottlieb Popcorn is safe. It's what they put ON the popcorn that can be GMO #LabelGMOs #YesOn37", "created_at": "Mon Nov 05 14:29:28 +0000 2012"}, {"text": "\"@Slate:The demonization of gmo crops isn't just scientifically baseless-it's politically stupid:http://t.co/yBPYl4PL\" huh?@Thereallabuff", "created_at": "Tue Nov 06 02:41:42 +0000 2012"}, {"text": "David versus Monsanto: A Documentary on GMO this is proof that the law is an ASS http://t.co/ybw9d29V via @mercola", "created_at": "Tue Nov 06 05:30:00 +0000 2012"}, {"text": "Game Huy\u1ebft Chi\u1ebfn: Long Tinh Truy\u1ec1n Thuy\u1ebft 2: S\u1ef1 tr\u1edf l\u1ea1i c\u1ee7a GMO Long Tinh 2 \u0111\u00e1nh d\u1ea5u m\u1ed9t th\u1eddi k\u1ef3 m\u1edbi cho game nh... http://t.co/eUMO7tRm", "created_at": "Tue Nov 06 05:20:11 +0000 2012"}, {"text": "\"Right To Know\" - Music Video - Yes On California Prop 37 - No GMO - EVe...: http://t.co/tzr74SSb via @youtube", "created_at": "Tue Nov 06 05:49:58 +0000 2012"}, {"text": "Kaiser Permanente Warns Millions of Members: Avoid GMOs http://t.co/1xq9wuRb", "created_at": "Fri Nov 30 13:53:52 +0000 2012"}, {"text": "GMO giant DuPont Co. hires ex-cops to 'enforce' patents http://t.co/Loe73C1e", "created_at": "Fri Nov 30 13:19:42 +0000 2012"}, {"text": "GMO Cops: Biotech Giant Hires Former Cops to \u2018Enforce Patents\u2019 | NationofChange http://t.co/SPYYlJ5d via @nationofchange", "created_at": "Fri Nov 30 21:57:58 +0000 2012"}, {"text": "Good for Peru! They banned GMO foods. It will be up for review again in 10 years http://t.co/bAjfuPkb", "created_at": "Fri Nov 30 15:46:44 +0000 2012"}, {"text": "We'd like to say \"unbelievable\" but... &gt;&gt; Are you a farmer worried about GMO contamination? USDA says \u2018get... http://t.co/RqzXP4Ew", "created_at": "Fri Nov 30 16:08:36 +0000 2012"}, {"text": "Lmao its GMO RT @JetPolitics: @ThasWatMiSed @NuCommSolutions i got bootleg coconut oils if yall want some", "created_at": "Fri Nov 30 16:06:41 +0000 2012"}, {"text": "True RT @SaySandra white sugar is GMO, sugar beets. Fact it's a GMO makes it difficult 4 body system. Fruit, honey or cane sugar is better.", "created_at": "Fri Nov 30 19:20:10 +0000 2012"}, {"text": "@JillianMichaels Hello! For Canadians, we deserve to know what's in our food! Please help! Mandatory GMO labeling http://t.co/cQXCSrEy", "created_at": "Wed Nov 07 23:24:06 +0000 2012"}, {"text": "Proposition 37 appears to have failed in California, but GMO labeling awareness achieves victory http://t.co/IzVapZkI via @HealthRanger", "created_at": "Wed Nov 07 17:30:09 +0000 2012"}, {"text": "California prop. 37 was defeated at 53.7% to 46.3%. We can keep eating GMO food and not know it. Yay! http://t.co/Eu1v4PHZ", "created_at": "Wed Nov 07 17:22:21 +0000 2012"}, {"text": "Lies, Dirty Tricks, and $45 Million Kill GMO Labeling in California  | Appetite for Profit http://t.co/Mu5pDWFg", "created_at": "Wed Nov 07 17:34:08 +0000 2012"}, {"text": "\u201c@HuffingtonPost: California voters reject mandatory GMO labeling http://t.co/tSKeQk0J #Prop37\u201d @GabiPaltrova", "created_at": "Wed Nov 07 17:37:11 +0000 2012"}, {"text": "No gmos", "created_at": "Thu Nov 08 01:20:14 +0000 2012"}, {"text": "So California, you don't want to know what GMO Monsanto garbage you're putting in your body, but you care that a porn star puts a condom on?", "created_at": "Thu Nov 08 01:45:05 +0000 2012"}, {"text": "@formanegas gonna have papa john's deliver me some gmo poison and then TOMORROW im going to stop being a piece of shit", "created_at": "Thu Nov 08 01:47:11 +0000 2012"}, {"text": "@billmaher No suprise as most don't know what comes out of their mouths either. No to GMO", "created_at": "Thu Nov 08 01:29:33 +0000 2012"}, {"text": "http://t.co/kUDxWStV Proposition 37 appears to have failed in California, but GMO labeling awarene... http://t.co/jPo9GndV please retweet", "created_at": "Wed Nov 07 13:15:23 +0000 2012"}, {"text": "Proposition 37 appears to have failed in California, but GMO labeling awareness achieves victory http://t.co/ARJs05pm", "created_at": "Wed Nov 07 13:15:24 +0000 2012"}, {"text": "Glasa\u010di u Kaliforniji na referendumu odbili ozna\u010davanje GMO proizvoda. Njima i tako vi\u0161e ne mogu na\u0161tetiti, dovoljno su mutirali...", "created_at": "Wed Nov 07 13:21:39 +0000 2012"}, {"text": "Monsanto\u2019s GMO Corn are Banned in Russia \u00ab Seattle Organic Restaurants http://t.co/xzdjNtF6", "created_at": "Wed Nov 07 13:19:44 +0000 2012"}, {"text": "Putting GMO warning stickers on food is just as stupid as putting evolution warning stickers in biology textbooks. #YesOn37 #Prop37", "created_at": "Wed Nov 07 08:58:45 +0000 2012"}, {"text": "Legal Recreational Pot won, gay marriage won, Obama won, GMO food labeling -lost-, Prop 30 looks like it may've won...", "created_at": "Wed Nov 07 08:06:29 +0000 2012"}, {"text": "Yes, I am.  RT @HuffPostLA Are you surprised that California rejected mandatory GMO labeling? http://t.co/bNTY4qQ3 #Prop37", "created_at": "Wed Nov 07 18:08:40 +0000 2012"}, {"text": "Ballot Initiatives * GMO Labeling * Marijuana Legalization http://t.co/2G8akTU8 #peace", "created_at": "Wed Nov 07 18:32:06 +0000 2012"}, {"text": "InfoGraphic - Natural brands betray consumers over GMO labeling - http://t.co/NKVW1r8F http://t.co/5aXAd9hC via @HealthRanger", "created_at": "Wed Nov 07 21:27:19 +0000 2012"}, {"text": "WTF! In other countries GMO food is banned totally. Here we can't even have the right to know if it is GMO that we're eating..#CARejects37", "created_at": "Wed Nov 07 21:20:43 +0000 2012"}, {"text": "Brands Against Prop 37: Companies Opposed To The Labeling Of Genetically-Modified Foods - http://t.co/n5S9TPu5", "created_at": "Wed Nov 07 21:56:11 +0000 2012"}, {"text": "GMO labeling efforts change course after California defeat: (Reuters) - The failure on Tuesday of a California b... http://t.co/ZZRJAE3V", "created_at": "Wed Nov 07 21:21:56 +0000 2012"}, {"text": "Bolivia enacts GMO ban... and so does San Juan County: 1.Bolivia enacts Law of Mother Earth and GMO ban2.Sa... http://t.co/yTgJcuHX #GMO", "created_at": "Wed Nov 07 22:45:56 +0000 2012"}, {"text": "@renee_smith225 it was going to make it required for food labels in California to state that there were GMOs in the food being sold", "created_at": "Thu Nov 08 06:49:06 +0000 2012"}, {"text": "\u201c@Star_Fawkes: Frankenpot \u2013 Marijuana gone GMO!\n http://t.co/Jb228xpW\u201d Stay away GMO you don't want me getting all potted up on you!", "created_at": "Wed Nov 07 15:45:42 +0000 2012"}, {"text": "I think we all need to keep in mind that @ScharffenBerger is owned by Hershey's. GMO product in their chocolate too?", "created_at": "Wed Nov 07 15:24:45 +0000 2012"}, {"text": "@AnniesCEO Can you label in spite of how 37 turned out? Consumers will begin to prefer products labeled Non GMO over the ones that don't :D", "created_at": "Wed Nov 07 16:31:02 +0000 2012"}, {"text": "VERY sad and scared about this :-( CA Prop 37 GMO food labeling initiative defeated http://t.co/GELO5kFq via @examinercom", "created_at": "Wed Nov 07 16:44:50 +0000 2012"}, {"text": "Seriously on Prop 34? Reign of GMOs and Monsanto continues, it's not like food is a defining crux of life or anything.... OH WAIT", "created_at": "Wed Nov 07 19:51:21 +0000 2012"}, {"text": "California Prop 37 - GMO Labeling http://t.co/BV0DmDHQ", "created_at": "Wed Nov 07 19:39:33 +0000 2012"}, {"text": "The FDA Doesn\u2019t Even TEST the Safety of Genetically Engineered Foods http://t.co/WHOtQKha GMO Food Producers \u201cVoluntarily Consult\u201d, But T...", "created_at": "Thu Nov 08 00:27:58 +0000 2012"}, {"text": "Proposition 37 On Truthful GMO Labeling Fails: A Planned Outcome? http://t.co/Q2r72qH3 I bet they bought the votes!", "created_at": "Wed Nov 07 20:31:15 +0000 2012"}, {"text": "RT @HealthyVoyager: Here is a little cheat sheet on what companies use GMO and those that do not! http://t.co/JdbXtLDt", "created_at": "Wed Nov 07 20:46:45 +0000 2012"}, {"text": "Monsanto Crams GMOs Down California\u2019s Throat\ncontract San Juan Co, Wa banning all GMO's including\nplanting\n http://t.co/Vyv5BjyK", "created_at": "Thu Nov 08 03:14:11 +0000 2012"}, {"text": "Prop 37 GMO Labeling Law Defeated By Corporate Dollars And Deception, Proponents Say http://t.co/yVVELJ7C  #tech #technology", "created_at": "Thu Nov 08 03:03:07 +0000 2012"}, {"text": "Lies, Dirty Tricks, and $45 Million Kill GMO Labeling in California  | Appetite for Profit http://t.co/ixZqfRqd", "created_at": "Thu Nov 08 04:01:54 +0000 2012"}, {"text": "Operation  Whole Foods Hidden Camera GMO Sting - Bait Organic, Switch to GMO http://t.co/rRuL7LuZ", "created_at": "Wed Nov 07 12:29:22 +0000 2012"}, {"text": "Almost split vote on GMO #food labeling ZimmPoll: http://t.co/S51Xagpb. Most said yes.  Surprised?", "created_at": "Wed Nov 07 14:45:10 +0000 2012"}, {"text": "Baffles me. RT \u201c@ABC7: #BREAKINGNEWS CA voters reject Prop 37, which would have required labels on genetically-modified foods\u201d", "created_at": "Wed Nov 07 14:52:29 +0000 2012"}, {"text": "Companies don't have to label products as containing GMOs in California. New plan: \"GMO-Free\" labeling campaign! Take it in a new direction!", "created_at": "Wed Nov 07 14:16:06 +0000 2012"}, {"text": "Bad news for food lovers! Prop 37, Measure to Label GMO Foods, Loses http://t.co/AxR5Jz8Z via @KCETFood", "created_at": "Wed Nov 07 14:36:27 +0000 2012"}, {"text": "\u201c@ABC7: #BREAKINGNEWS CA voters reject Prop 37, which would have required labels on genetically-modified foods\u201d\ud83d\ude15", "created_at": "Wed Nov 07 14:24:31 +0000 2012"}, {"text": "Seed Wars = Knowledge Wars = GMOs http://t.co/wpHupnbS", "created_at": "Wed Nov 07 14:06:01 +0000 2012"}, {"text": "Natural brands betray consumers over California GMO labeling - http://t.co/J3QmdmiR http://t.co/IpGbV483 via @HealthRanger", "created_at": "Wed Nov 07 14:59:09 +0000 2012"}, {"text": "The great GMO Conspiracy - Offer your sources! http://t.co/dZlaWfJu", "created_at": "Mon Nov 19 17:31:06 +0000 2012"}, {"text": "6 New GMO Crops that May Soon Hit Your Dinner Table http://t.co/Pn3ZdpY8\n #newtag", "created_at": "Mon Nov 19 13:11:22 +0000 2012"}, {"text": "Want to know what you're eating? Support mandatory labeling of GMO food in Canada. A bill is already in parliament... http://t.co/ViGqSVRK", "created_at": "Mon Nov 19 22:21:32 +0000 2012"}, {"text": "@BodyByBrenna Don't worry dear. I felt the same way. Cheerios hid their GMO content from us all. #mamavation", "created_at": "Mon Nov 19 15:58:57 +0000 2012"}, {"text": "@kraftfoods I want to know what's in my food.  Please stop contributing against GMO Labeling", "created_at": "Tue Nov 20 05:36:28 +0000 2012"}, {"text": "Nejv\u011bt\u0161\u00ed zdravotn\u00ed poji\u0161\u0165ovna v USA varuje p\u0159ed nebezpe\u010d\u00edm GMO - Dolezite.sk http://t.co/VaPR6R1b", "created_at": "Thu Nov 22 11:40:10 +0000 2012"}, {"text": "GMO Presentation - Grants Interest Rate Observer Conference http://t.co/nVrJYCih", "created_at": "Thu Nov 22 15:07:40 +0000 2012"}, {"text": "I liked a @YouTube video http://t.co/gcW7JfbC What Do You Want to Know About GMO Food? Labeling", "created_at": "Thu Nov 22 20:04:08 +0000 2012"}, {"text": "FRIDAY TALK: The Highlights of the Week that is - Security Issues, Voter Registration, GMOs Saga and and an eclectic playlist", "created_at": "Fri Nov 23 03:21:59 +0000 2012"}, {"text": "Gucci Milk Oreo GMO", "created_at": "Fri Nov 23 04:40:01 +0000 2012"}, {"text": "Uberima fidei (Buyer be ware)....\n\n'Sossi' is GMO and as such, stands BANNED according to recent ministerial directive.", "created_at": "Thu Nov 22 14:57:22 +0000 2012"}]