[{"text": "Jeffrey Smith ~ GMOs - Seeds of Deception P1 - YouTube http://t.co/hJcUVz37", "created_at": "Sun Dec 16 23:30:02 +0000 2012"}, {"text": "Well.. Double check as they do sneak GMO soy LECITHIN into so much \"food\" \u201c@DutchieFlair:  hence I can't do soy anything\u201d", "created_at": "Sun Dec 16 16:15:41 +0000 2012"}, {"text": "@therealstylesp you should find out if the fruit used at the jb is organic or gmo.. gmo is man fuckin with foods dna which is never good..", "created_at": "Sun Dec 16 16:38:35 +0000 2012"}, {"text": "GMO alert: top 10 genetically modified foods to avoid eating http://t.co/yTIZLSga via @HealthRanger", "created_at": "Sun Dec 16 09:16:34 +0000 2012"}, {"text": "@kiki22wj @organiclivefood @britoven322 EU is talking about dropping the GMO labeling regulation #moneyrules #GMOlobby", "created_at": "Sun Dec 16 07:25:28 +0000 2012"}, {"text": "aspartame is the feces (shit) of  GMO (genetically modified organisms)...google it! http://t.co/1YPNvTvo", "created_at": "Mon Dec 10 18:10:12 +0000 2012"}, {"text": "Really this BS is still floating around lol. The type of Estrogen that Organic NON GMO Soy produces in the body... http://t.co/rptnCQrZ", "created_at": "Mon Dec 10 21:05:58 +0000 2012"}, {"text": "(\u02d8\u0329\u0329\u0329\u2323\u02d8\u0329\u0329\u0329)\\('\u0301\u2323'\u0300 ) RT @megasabella23: @novaliachow : emg serem tau kaya sakau gigit2 ._. gua gmo lg", "created_at": "Mon Dec 10 15:43:36 +0000 2012"}, {"text": "Stop Agent Orange GMOs!\n\nTell USDA Secretary Tom Vilsack Not to Approve New 2,4-D-Resistant GMO Crops\n\nPlease take... http://t.co/Kx4ugVrN", "created_at": "Mon Dec 10 19:47:20 +0000 2012"}, {"text": "Gmos mixtape&gt; matt cs mixtape&gt;", "created_at": "Tue Dec 11 05:37:17 +0000 2012"}, {"text": "#IfAlbumTitlesWereHonest \"Sad and Not Very Good\" by  The Transgenic Organisms. #TTO", "created_at": "Wed Dec 19 01:56:15 +0000 2012"}, {"text": "@michaelpollan  Why do we constantly appoint former Monsanto tools to FDA and USDA? They tell us GMOs are healthy with no science. #america", "created_at": "Tue Dec 18 18:48:33 +0000 2012"}, {"text": "Wikileaks: GMO conspiracy reaches highest levels of US Government \u00ab CRISISBOOM http://t.co/qAiLqVhF", "created_at": "Tue Dec 18 19:45:26 +0000 2012"}, {"text": "Stop Agent Orange GMOs! \n\nTell USDA Secretary Tom Vilsack Not to Approve New 2,4-D-Resistant GMO Crops. Watch and... http://t.co/JkV8mUFM", "created_at": "Tue Dec 18 20:16:56 +0000 2012"}, {"text": "The supply of non-GM soybean is decreasing on the global market after   Brazil GMO planting increased fast in 2012 http://t.co/kIs93oxZ", "created_at": "Tue Dec 18 12:31:35 +0000 2012"}, {"text": "How do you feel about being a tester generation for GMO's? Demand proper labeling and buy GMO free products! #SayNoToGMO", "created_at": "Mon Dec 03 23:13:40 +0000 2012"}, {"text": "@ThinkinginMiss Need 5K signatures this week-Whitehouse Petition for FDA to Label GMOs PLS Sign &amp; RT:-) http://t.co/OKMRn7Q6 #GMOWorldOrder", "created_at": "Mon Dec 03 17:59:58 +0000 2012"}, {"text": "@mpf2011 I honestly don't know how I feel about GMO foods, but I do know I am opposed to them being unlabeled.", "created_at": "Mon Dec 03 18:56:20 +0000 2012"}, {"text": "@GoldenLauren_ GMO I JUST FOUND IT..", "created_at": "Mon Dec 03 16:32:47 +0000 2012"}, {"text": "@HubHealth Help us!-Whitehouse Petition for FDA to Label GMOs PLS Sign/RT to end Monsanto Abusive Seed Monopoly @ http://t.co/t7Oe7aIF", "created_at": "Mon Dec 03 19:40:06 +0000 2012"}, {"text": "@thepacker Help us! Whitehouse Petition for FDA to Label GMOs PLS Sign/RT to end Monsanto Abusive Seed Monopoly @: http://t.co/t7Oe7aIF", "created_at": "Mon Dec 03 19:11:42 +0000 2012"}, {"text": "Peru joins list of countries banning GMO foods | Current http://t.co/ItFDWkvd", "created_at": "Mon Dec 03 19:25:45 +0000 2012"}, {"text": "@MarielHemingway Help!?-Whitehouse Petition for FDA to Label GMOs PLS Sign/RT to end Monsanto Abusive Seed Monopoly @ http://t.co/t7Oe7aIF", "created_at": "Mon Dec 03 19:50:56 +0000 2012"}, {"text": "Pesticide Use Ramps Up As GMO Crop Tech Starts Backfiring\n\n.http://t.co/QTMTq5tD", "created_at": "Mon Dec 03 07:18:58 +0000 2012"}, {"text": "@OrganicConsumer The best thing about freedom is having the ability to make an informed decision. Which is why I also support GMO labeling.", "created_at": "Tue Dec 04 03:29:23 +0000 2012"}, {"text": "Kenya bans GMO imports and use in food http://t.co/sFnE95xc", "created_at": "Mon Dec 03 14:28:55 +0000 2012"}, {"text": "Wow. Creative Facebook users. MT @nickcicero: Uh oh Cheerios - facing a GMO Backlash and FB campaign jacking http://t.co/EXgnnNk9 #cmgrchat", "created_at": "Tue Dec 04 02:45:58 +0000 2012"}, {"text": "Has any one kept up with the Monsanto GMO crop planting and destruction of heirloom plants?", "created_at": "Thu Dec 06 17:44:38 +0000 2012"}, {"text": "#Hot Kenya's Recent Ban on All GMOs Draws Cheers and Jeers: \"The Minister of Public Health and Sanitation has no... http://t.co/jyPRmV33", "created_at": "Thu Dec 06 18:38:35 +0000 2012"}, {"text": "China sacks three officials for GMO rice test Xinhua Yahoo News: From Yahoo! News: BEIJING (Reuters) - China has... http://t.co/cFLxNCbm", "created_at": "Thu Dec 06 21:20:10 +0000 2012"}, {"text": "China sacks three officials for GMO rice test: Xinhua - BEIJING (Reuters) - China has sacked three officials for tes... http://t.co/lYGFlcEi", "created_at": "Thu Dec 06 21:25:26 +0000 2012"}, {"text": "RT @Moon_Shadows Kaiser Permanente Issues Warning on GMO Food http://t.co/Wj61WPkn \u2026 WOW! health over profit, that's almost unamerican!", "created_at": "Thu Dec 06 22:09:29 +0000 2012"}, {"text": "Future of genetically-modified salmon looks murky - Honolulu Star -Advertiser  - http://t.co/UdPmVcld", "created_at": "Thu Dec 06 22:52:40 +0000 2012"}, {"text": "@xkit @gmo917 1 Day left to sign Whitehouse .gov Petition-FDA to label GMOs @ http://t.co/t7Oe7aIF need 6k Sigs or we fail! PLS SIGN&amp; RT!", "created_at": "Thu Dec 06 20:49:17 +0000 2012"}, {"text": "#Health China sacks three officials for GMO rice test: Xinhua: BEIJING (Reuters) - China has sacked three ... http://t.co/vzY6WvlF #News", "created_at": "Thu Dec 06 20:28:36 +0000 2012"}, {"text": "This is long but worth reading....Cheerios GMO backlash goes social.... http://t.co/o97yoExk", "created_at": "Thu Dec 06 07:43:31 +0000 2012"}, {"text": "Institute for Responsible Technology - GMO Education http://t.co/qVtUSKvl", "created_at": "Thu Dec 06 07:44:41 +0000 2012"}, {"text": "Chemtrails and Horizontal Gene Transfer \u2013 The GMO Connection http://t.co/uw1INq3E", "created_at": "Thu Dec 06 12:34:03 +0000 2012"}, {"text": "Four ways to know if GMOs are making you fatter http://t.co/FEcoWNRQ", "created_at": "Fri Dec 07 02:00:43 +0000 2012"}, {"text": "The Other Dark Side of GMO Corn http://t.co/WJGFZmEM via @HuffPostGreen", "created_at": "Sat Dec 01 23:44:44 +0000 2012"}, {"text": "Farmer feeds GMO corn to his pigs: they all become sterile.: http://t.co/8j6RA7Ae via @youtube", "created_at": "Sat Dec 01 17:44:17 +0000 2012"}, {"text": "Eat cake? To farmers worried about GMO contamination USDA says, Get insurance: http://t.co/jtrICGSU", "created_at": "Sat Dec 01 17:36:05 +0000 2012"}, {"text": "Biotech industry wants organic farmers to pay for GMO contamination of their own crops http://t.co/WgcjDYMU", "created_at": "Sat Dec 01 13:08:43 +0000 2012"}, {"text": "I just became the mayor of GMO Petek Pastenesi on @foursquare! http://t.co/MV55cfi6", "created_at": "Sat Dec 01 11:33:53 +0000 2012"}, {"text": "And mandatory vaccinations RT \u201c@SyrianUragan: GMO foods increase autism rates.\u201d", "created_at": "Sat Dec 01 22:31:14 +0000 2012"}, {"text": "Dr. Oz attacks organic foods, farmers mrkts, pushes feedlot beef, urges clueless consumers to eat more pesticides &amp; GMO http://t.co/2qV7NOQq", "created_at": "Sat Dec 01 22:24:59 +0000 2012"}, {"text": "THE FIX IS IN | GMO labeling bill could die http://t.co/0BLagJH8", "created_at": "Sun Dec 02 04:14:32 +0000 2012"}, {"text": "\u201c@_Livestrongg: \u201c@myrtyyy: \u201c@_Livestrongg: I ssim uoy.\u201d gmo yllear\u201d kcus em\u201d tnod tpmet em ;)", "created_at": "Sun Dec 02 05:37:58 +0000 2012"}, {"text": "Makasih ya mbak GMO :p RT @yastyust: Selamat Natal @alexfebrian @MonicaAmeliana GBU ~~~(/\u00b4\u25bd`)/", "created_at": "Mon Dec 24 18:41:37 +0000 2012"}, {"text": "GMO food hitting your dinner tables quickly now. If you garden save your heirloom seeds (non hybrid) times they are a changing.Bob Dylan '64", "created_at": "Tue Dec 25 00:52:43 +0000 2012"}, {"text": "@Lasagnawola they are thinking about approving GMO salmon. fake fucking fish. with no labels required. smh", "created_at": "Tue Dec 04 23:49:31 +0000 2012"}, {"text": "GMO Company DuPont Pioneer Bribing Third-Grade Students With \u2018Seed\u2019 Money:  Natural News  | Educators, museum cu... http://t.co/xxT6LaWi", "created_at": "Tue Dec 04 17:58:35 +0000 2012"}, {"text": "GMO Dangers &amp; Home Farming - 11-15-2012\nhttp://t.co/tvOHBlXw", "created_at": "Tue Dec 04 17:46:48 +0000 2012"}, {"text": "@BrknSdwlkFrm Help!-Whitehouse Petition for FDA to Label GMOs Sign/RT to end Monsanto Abusive Seed Monopoly @: http://t.co/fBR8sqqD", "created_at": "Wed Dec 05 01:14:29 +0000 2012"}, {"text": "David versus Monsanto: A Documentary on GMO http://t.co/mGg9aZRZ #in #fb", "created_at": "Tue Dec 04 18:31:48 +0000 2012"}, {"text": "Monsanto plotting to wipe out genetic diversity of corn in Mexico with GMO corn http://t.co/2WSj2en0 via @HealthRanger", "created_at": "Tue Dec 04 21:35:15 +0000 2012"}, {"text": "GMO Riders Could Be Back in \u201cFiscal Cliff\u201d Funding Package http://t.co/xj0rTlvh", "created_at": "Wed Dec 05 06:53:47 +0000 2012"}, {"text": "Kiddos lunch. Blackberries, cucumber, hummus (in small tin) with crackers &amp; cheese. GMO popcorn made with coconut... http://t.co/qUjIv05Q", "created_at": "Tue Dec 04 15:15:22 +0000 2012"}, {"text": "Now I am really worried. @DrOz says GMO foods are the same as non-GMO and defends Monsanto!    http://t.co/sriIDIqe", "created_at": "Tue Dec 04 15:31:05 +0000 2012"}, {"text": "ok. Shut down GMOs &amp; end drone warfare. Thanks! \u201c@whitehouse: \"Make your voice heard. I promise, it makes a difference.\" \u2014President Obama.\u201d", "created_at": "Tue Dec 04 16:45:44 +0000 2012"}, {"text": "@YourAnonMusic Help us-Whitehouse Petition for FDA to Label GMOs &amp; end Abusive Seed Monopoly PlsSign/RT @ http://t.co/fBR8sqqD #TangoDown", "created_at": "Tue Dec 04 19:03:01 +0000 2012"}, {"text": "@Tais_tizz mine is due at 6 about GMO", "created_at": "Wed Dec 05 00:22:55 +0000 2012"}, {"text": "By @LoraxCommunity\nBiodiversity = food security. Boycott GMO products! http://t.co/oGfTBBwg", "created_at": "Tue Dec 04 20:46:49 +0000 2012"}, {"text": "GMO company DuPont Pioneer bribing third-grade students with 'seed' money http://t.co/IEJ9KWVt via @HealthRanger", "created_at": "Tue Dec 04 12:52:03 +0000 2012"}, {"text": "@WhatsCookinErin Help!-Whitehouse Petition for FDA to Label GMOs Sign/RT to end Monsanto Abusive Seed Monopoly @: http://t.co/fBR8sqqD", "created_at": "Wed Dec 05 02:22:33 +0000 2012"}, {"text": "Tell Obama to Make Getting Rid of GMOs &amp; Pesticides  Fuck Knows We Are Pissed!!! http://t.co/TZP1ZGiD", "created_at": "Tue Dec 11 17:17:27 +0000 2012"}, {"text": "Cheerios Maker Feels Consumer Heat for their Use of GMOs -  http://t.co/bVcmRhKY #GMO #Cheerios #Health", "created_at": "Wed Dec 12 01:40:12 +0000 2012"}, {"text": "Tell General Mills: No GMOs for breakfast! *love this &amp; many other articles by Green America! http://t.co/acTJcsnm", "created_at": "Tue Dec 11 18:57:10 +0000 2012"}, {"text": "GMO Victory \u2014 Thank You Kenya!!! http://t.co/hqd2uowK", "created_at": "Tue Dec 11 22:27:12 +0000 2012"}, {"text": "I misss my baby gmo ! Likee idk why tf i havent heard frm haa toodaaaaay !", "created_at": "Tue Dec 11 22:03:17 +0000 2012"}, {"text": "BRAVO: Congressman Kucinich(D) calls out Monsanto on GMO Labeling: 90% of Americans want #GMO labeling: http://t.co/S3t5mpOv", "created_at": "Tue Dec 11 22:24:05 +0000 2012"}, {"text": "All Cattle In The UK Fed With GMO Food, Minister Claims http://t.co/gsezmA9a", "created_at": "Tue Dec 11 15:06:38 +0000 2012"}, {"text": "GMO info. Know what you are eating and what it could do to your body. #organic #nongmo http://t.co/90NRD2Z7", "created_at": "Tue Dec 11 16:30:31 +0000 2012"}, {"text": "Costa Rica now battling Monsanto over GMO corn http://t.co/IJpcZxj1 #gmo", "created_at": "Tue Dec 11 19:00:56 +0000 2012"}, {"text": "Pesticide Use Increases as GMO Technology Backfires http://t.co/yIjmW7Ui", "created_at": "Wed Dec 12 00:35:44 +0000 2012"}, {"text": "Russia bans all GM corn imports; EU may also ban Monsanto GMO in wake of shocking cancer findings\nhttp://t.co/AwOa8Lzs", "created_at": "Tue Dec 11 20:37:49 +0000 2012"}, {"text": "GMO Awareness. http://t.co/OG9BiWj2", "created_at": "Tue Dec 11 20:58:00 +0000 2012"}, {"text": "GMO label group to rally in Hartford, CT http://t.co/ggSuI5hN #GMOfreeCT #noGMO #OWS #ag #tcot", "created_at": "Tue Dec 11 20:03:15 +0000 2012"}, {"text": "Just say NO! to GMO Salmon - http://t.co/Er79wChB http://t.co/4fWs5kPc", "created_at": "Wed Dec 12 03:00:22 +0000 2012"}, {"text": "Will the Natural Products Association Live Up to its Name in the Continued Fight for GMO Labeling?... http://t.co/Zy35yyNg", "created_at": "Tue Dec 11 12:35:37 +0000 2012"}, {"text": "Will the Natural Products Association Live Up to its Name in the Continued Fight for GMO Labeling? http://t.co/NgjwSK96", "created_at": "Tue Dec 11 12:33:22 +0000 2012"}, {"text": "The Situation: GMO foods encourage the massive spraying of herbicides on our topsoils, polluting the ground,... http://t.co/20Dj3dBX", "created_at": "Wed Dec 12 02:21:51 +0000 2012"}, {"text": "Amy\u2019s Organic Fat Free Chunky Vegetable Soup, 14.3-Ounce Cans (Pack of 12): No GMOs - No bioengineered ingredien... http://t.co/OUv9g7LD", "created_at": "Wed Dec 12 02:29:07 +0000 2012"}, {"text": "GMO info http://t.co/Wuvu5LNx", "created_at": "Wed Dec 12 05:15:22 +0000 2012"}, {"text": "thefreelioness: The tricky part about just not buying GMOs to put their producers out of business is the fact\u2026 http://t.co/mQcy4PX4", "created_at": "Fri Dec 14 17:13:48 +0000 2012"}, {"text": "Pri\u010da se: Mi\u0161kovi\u0107 se zamerio Koletu Monsantu jer ne\u0107e da uzgaja GMO na svojim njivama. Posledice znate...", "created_at": "Fri Dec 14 11:58:00 +0000 2012"}, {"text": "#NAPSG Ron Langhelm presenting DHS GMO HLS GeoCONOPS Get more by emailing: Geoconops@dhs.gov", "created_at": "Fri Dec 14 18:12:21 +0000 2012"}, {"text": "Download your free wallet-sized card showing which products to boycott - co's which fought GMO labeling! http://t.co/s4ORxoZk JUST LABEL IT!", "created_at": "Fri Dec 14 21:03:39 +0000 2012"}, {"text": "@mustluvcuba if that doesn't get you , beware the GMO FOODS. Monsanto OWNS Barack Obama , he apptd their CEOs to STAFF: Vilsak , Mike Taylor", "created_at": "Fri Dec 14 22:57:40 +0000 2012"}, {"text": "It's funny cuz gmo was prob dead serious", "created_at": "Fri Dec 14 20:17:56 +0000 2012"}, {"text": "Oppose the GMO Riders: Must-pass 'fiscal cliff' bill could end up becoming 'Monsanto Protection Act' http://t.co/mrimq5jy via @HealthRanger", "created_at": "Fri Dec 14 12:41:41 +0000 2012"}, {"text": "a thoughtful GMO conversation http://t.co/kuK76145", "created_at": "Sat Dec 15 17:55:44 +0000 2012"}, {"text": "Does Dr. Oz really support GMO foods in your diet? http://t.co/VnQ4ORH0 #GMOInside RT!", "created_at": "Sun Dec 16 01:35:34 +0000 2012"}, {"text": "Major Investigation Into GMOs Following Tumor Study \u2013 The GMO debate is over; GM crops must be immediately outlawed; M\u2026http://t.co/gUXNMnG0", "created_at": "Sun Dec 16 03:27:26 +0000 2012"}, {"text": "Take Action: Tell the NPA to stop certifying products that contain GMOs as \"Natural\" http://t.co/mf5dQS0O", "created_at": "Sun Dec 16 04:21:02 +0000 2012"}, {"text": "Wishing all a happy holiday season and a world full of heirloom seeds and produce and free from GMO CRAP. We are all in this together.", "created_at": "Sun Dec 23 13:11:23 +0000 2012"}, {"text": "@nakedjuice I've since decided since your company uses GMOs to ditch you.  If you change your mind let me know. Yuck.", "created_at": "Sun Dec 23 13:01:11 +0000 2012"}, {"text": "#RT Largest Health Insurance Company in the U.S.A Warns about GMO Dangers - http://t.co/jcRPPdQx #EndNWO", "created_at": "Sun Dec 23 21:12:16 +0000 2012"}, {"text": "GMO ---&gt; GMC ----&gt; GMF", "created_at": "Mon Dec 24 06:50:59 +0000 2012"}, {"text": "Potential Therapy for Liver Diseases: Transplanted Genetically-Modified Adipose Cells:   Researchers in Italy ha... http://t.co/s0YQ8G6y", "created_at": "Sun Dec 23 15:57:55 +0000 2012"}, {"text": "http://t.co/NbQy9o5s Community Page about Just Say NO to GMO", "created_at": "Sun Dec 23 09:56:00 +0000 2012"}, {"text": "It was easy to get the FDA to allow us to replace God's salmon with our Hellspawn Monsanto GMO salmon. After all, the FDA is in our pocket.", "created_at": "Sun Dec 23 07:42:43 +0000 2012"}, {"text": "If you are wondering what the top GMO foods are... http://t.co/5psrD314", "created_at": "Mon Dec 24 04:18:43 +0000 2012"}, {"text": "Transgenic fish wins US regulatory backing http://t.co/4OshB64A", "created_at": "Sun Dec 23 14:53:07 +0000 2012"}, {"text": "Fishing Update: GMO Salmon to Get FDA Approval in the United States http://t.co/hZLWKL7J", "created_at": "Tue Dec 25 16:29:03 +0000 2012"}, {"text": "The scientific evidence of organ damage done by GMO foods is overwhelming. Multiple studies prove that. If you... http://t.co/i3O1f92A", "created_at": "Tue Dec 25 20:45:06 +0000 2012"}, {"text": "Udah juga:) lagi apa ka? \"@tiaranoviaa: haha udah koks. kamu udah makan siang? RT suciiii_: Iya gpp ko\u263a udah sarapan ka? \"tiaranoviaa: Gmo", "created_at": "Wed Dec 26 05:29:46 +0000 2012"}, {"text": "Corporate Push for GMO Food Puts Independent Science in Jeopardy |   https://t.co/jAD5k93h", "created_at": "Sat Dec 08 18:54:47 +0000 2012"}, {"text": "Kenya's Recent Ban on All GMOs Draws Cheers and Jeers\n\n\"The Minister of Public Health and Sanitation has noted... http://t.co/mCyrEHRz", "created_at": "Sat Dec 08 22:03:42 +0000 2012"}, {"text": "Tales of GMO pollution, genetic contamination, ineffective Monsanto seeds, and calling Agent Orange to the resuce? http://t.co/aZXZXMRj", "created_at": "Sat Dec 08 22:48:20 +0000 2012"}, {"text": "GMOs are safe. That's why Monsanto, Coke, Kraft &amp; Big Food spent $46+ million to thwart labeling. Better keep the safety thing secret. Shhhh", "created_at": "Sat Dec 08 16:40:30 +0000 2012"}, {"text": "Pesticide Use Increases as GMO Technology Backfires | Wake Up World http://t.co/WLjRAuOo", "created_at": "Sat Dec 08 16:01:15 +0000 2012"}, {"text": "@Ecohyphen @gmoscanner Monsanto will not 'feed the world'; we can feed the world now if we stop waste and share. GMOs r not proven safe.", "created_at": "Sat Dec 08 16:16:13 +0000 2012"}, {"text": ".@bogusky No, discussion of GMO is not banned or censored. The host will ask for facts to back up claims, a good thing for all HT @sewo_sewo", "created_at": "Sat Dec 08 19:06:03 +0000 2012"}, {"text": "Petitioning Kashi: Stop Putting GMOs and Pesticides in Your \"Natural\" Cereal  \n http://t.co/TdU34Rai", "created_at": "Sun Dec 09 00:29:39 +0000 2012"}, {"text": "@myleneymylene Need 3K to sign in 24 hours or its dead. Whitehouse petition to Label GMOs http:// http://t.co/fBR8sqqD", "created_at": "Sat Dec 08 07:35:35 +0000 2012"}, {"text": "sign GMO LABEL PETITON going to WHITE HOUSE&gt; only 3,544 signatures needed out of 25k. Please sign @ https://t.co/qVQ4a5Rw", "created_at": "Sat Dec 08 07:23:19 +0000 2012"}, {"text": "@NotABabyDaddy If we dont get 4K to sign in 24 hours, its dead. Whitehouse petition to Label GMOs http:// http://t.co/fBR8sqqD #Monsanto", "created_at": "Sat Dec 08 07:12:08 +0000 2012"}, {"text": "Monsanto Sucks: Costa Rica now battling Monsanto over GMO corn Alex Jones ... http://t.co/ZjkFWyM7", "created_at": "Sun Dec 09 10:23:04 +0000 2012"}, {"text": "Did the GMO bill get passed so we are informed on whether or not food is GMO or not?", "created_at": "Sun Dec 09 08:10:35 +0000 2012"}, {"text": "Cutting up organic chocolate for my gmo free chocolate chip cookies they should taste amazing :) http://t.co/KACdHObF", "created_at": "Sun Dec 09 18:37:47 +0000 2012"}, {"text": "Food Choices Lables for GMOs http://t.co/HRRSzbtG", "created_at": "Sun Dec 09 21:10:29 +0000 2012"}, {"text": "The GMO DNA is destroyed through digestive processes...so goes the logic of the GMO scientist. Proof: added GMO to test-tube w/ acid in it.", "created_at": "Sun Dec 09 19:40:31 +0000 2012"}, {"text": "@JacobFullerton1 gmo", "created_at": "Sun Dec 09 07:37:04 +0000 2012"}, {"text": "Corporate Push For GMO Food Puts Independent Science In Jeopardy By Vandana Shiva http://t.co/ev1D7VID", "created_at": "Sun Dec 09 14:25:23 +0000 2012"}, {"text": "@NorthBayTeky @my3alexandra @billmaher @barackobama @moveon Organic n GMOs rdifferent. Monsanto makes pesticide resistant seeds w pesticide", "created_at": "Mon Dec 10 02:40:26 +0000 2012"}, {"text": "RT @bookieboo Growing body of evidence suggests that GMOs can be toxic, allergenic &amp; less nutritious than natural counterparts #GMOinside", "created_at": "Thu Dec 13 01:45:19 +0000 2012"}, {"text": "RT @bookieboo: A growing body of evidence suggests that GMOs can be toxic, allergenic &amp; less nutritious than natural counterparts....", "created_at": "Thu Dec 13 01:43:25 +0000 2012"}, {"text": "\"Dr. Arpad Pusztai \u2013 The Gut Attacks GMOs as Foreign Invaders\" GMO foods comprise 70-90% of Walmart food products!!! http://t.co/yDidvejn", "created_at": "Wed Dec 12 21:28:25 +0000 2012"}, {"text": "Peru: Transgenics Moratorium Goes Into Effect http://t.co/gLHOlQBP", "created_at": "Thu Dec 13 06:44:38 +0000 2012"}, {"text": "Rada2 ngantuk, tp gmo ninggalin die :|", "created_at": "Wed Dec 12 09:35:12 +0000 2012"}, {"text": "WeedsNews4116: Monsanto on verge of $US40 million GMO bailout in Europe: Report http://t.co/UxNW5jxw", "created_at": "Thu Dec 13 03:40:06 +0000 2012"}, {"text": "RT @MrsMcvicker: Vote with your wallets, buy organic and GMO free! #GMOinside", "created_at": "Thu Dec 13 02:04:52 +0000 2012"}, {"text": "@YourAnonNews You mean, like, feed them pesticides and GMO and send them to school and brainwash them and teach them how to use/be machines?", "created_at": "Mon Dec 17 18:00:50 +0000 2012"}, {"text": "GMO RT @XSTROLOGY: #Libra is the pickiest of lovers.", "created_at": "Mon Dec 17 22:05:35 +0000 2012"}, {"text": "@vidosavaa GMO FOOD +++", "created_at": "Thu Dec 13 10:31:35 +0000 2012"}, {"text": "@sarirahmida tp w gmo klo pke banin.. y' serius.", "created_at": "Thu Dec 13 08:40:01 +0000 2012"}, {"text": "Learn about GMO foods: an interview with Leah Sedegie of @Mamavation -  http://t.co/OIsoLOqq", "created_at": "Thu Dec 13 18:30:25 +0000 2012"}, {"text": "@ArcticApples Your apple will be proven safe. But sadly, Monsanto's profiteering and reckless disregard for public health makes GMOs suspect", "created_at": "Thu Dec 13 22:45:00 +0000 2012"}, {"text": "#Alex #Jones #News Oppose the GMO Riders: Must-pass \u2018fiscal cliff\u2019 Bill Could End Up Becoming \u2018Monsanto Protecti... http://t.co/OCzdvApE", "created_at": "Thu Dec 13 22:10:27 +0000 2012"}, {"text": "@sebroche re gmo foods. I believe this video to be very misleading.\nFrankenfoods and flowers have been created by horticulturalists forever.", "created_at": "Fri Dec 14 04:45:06 +0000 2012"}, {"text": "GMO Harris is closed RT @purpleinkmusic: @Gabriellegance how about a penny. Can I borrow a penny", "created_at": "Thu Dec 13 14:06:04 +0000 2012"}, {"text": "Not surprised at all - look at the junk GMO food ppl eat daily:  Global report: Obesity bigger health crisis http://t.co/ZQJnkJ8X", "created_at": "Fri Dec 14 02:56:30 +0000 2012"}, {"text": "@jmw2407 gmo sma siapa lu?", "created_at": "Wed Dec 26 13:20:15 +0000 2012"}, {"text": "GMO Salmon Swims Closer to Market, FDA\u2019s Ruling Making Waves: \n\nDespite facing a dwindling cash supply,... http://t.co/i0Ixm7zT #organic", "created_at": "Wed Dec 26 08:28:23 +0000 2012"}, {"text": "@FDArecalls Let's start by recalling GMO SALMON let the fda know we wont buy it http://t.co/n5ie8TKr OR https://t.co/9Sy1dtGN", "created_at": "Wed Dec 26 22:10:01 +0000 2012"}, {"text": "@trutherbot as a natural beekeeper, i know there's more. lay this over the GMO timelinel &amp; then commercial vs. hobby hive deaths too.", "created_at": "Wed Dec 26 15:39:50 +0000 2012"}, {"text": "Keep Mexico free of GMO - no to #Monsanto. http://t.co/VW31b41r", "created_at": "Wed Dec 26 19:53:17 +0000 2012"}, {"text": "#Lovebian GMO Salmon Swims Closer to Market, FDA\u2019s Ruling Making Waves: \n\nDespite facing a ... http://t.co/1jXYhnDG #nerd #geek #awesome", "created_at": "Wed Dec 26 09:45:43 +0000 2012"}, {"text": "Big Ag pushs sml farmer out But biotech patentg unnatural toxic mutant GMO seed crop animal &amp; contaminate 2 control all food criminly insane", "created_at": "Wed Dec 26 07:44:42 +0000 2012"}, {"text": "GMO Payment Module http://t.co/3VdakRAF new #magento ext", "created_at": "Thu Dec 27 02:10:02 +0000 2012"}, {"text": "@sebootyy yes please gmo", "created_at": "Mon Dec 03 01:55:07 +0000 2012"}, {"text": "GMOs - Take them back to the store! http://t.co/8mJ0WZdU", "created_at": "Mon Dec 03 01:00:44 +0000 2012"}, {"text": "Monsanto owns the gov\nhttp://t.co/weUS2Gk2\n\nThese people are killing us with GMO &amp; the refusal to tell us whats in the food or study its efx", "created_at": "Sun Dec 02 15:33:11 +0000 2012"}, {"text": "@RightToKnowEh RT In 2001 British Columbia introduced GMO labeling. Dropped after election. Help make it happen in 2013 http://t.co/LMlL92xx", "created_at": "Sun Dec 02 16:19:30 +0000 2012"}, {"text": "Na koe neshto wikat GMO ? \u2014 da ti prili4am na re4nik :D http://t.co/BqzOdeVX", "created_at": "Mon Dec 03 03:48:35 +0000 2012"}, {"text": "Ive never seen plantations in france. Or are they GMO seeds? RT @FauzAlan89: @Shiva_Delilah hahaha I think he means the seeds are from F ...", "created_at": "Mon Dec 03 05:56:50 +0000 2012"}, {"text": "The #EndOfTheMonsantoWorld will begin when society rejects GMOs", "created_at": "Fri Dec 21 01:53:48 +0000 2012"}, {"text": "@namerna11 @mbmojsilovic Mislim da kapiram razmere pogubnosti GMO dovoljno da bih glasno gundjao. Nesto mi je promaklo u nasoj komunikaciji?", "created_at": "Thu Dec 20 22:17:11 +0000 2012"}, {"text": "GMOs hide in our favorite mixes. It is time to Vote with your Fork! http://t.co/shN2S3Sq", "created_at": "Thu Dec 20 15:22:18 +0000 2012"}, {"text": "Do you the top GMO free foods??? http://t.co/DVrQgoLJ", "created_at": "Fri Dec 21 03:08:34 +0000 2012"}, {"text": "The criminals at the FDA now want you to eat frankenfish AKA GMO salmon- http://t.co/uPy9I5ls", "created_at": "Fri Dec 21 23:17:35 +0000 2012"}, {"text": "@nakedjuice then why did you fund the fight against labels about GMO ?", "created_at": "Fri Dec 21 18:37:08 +0000 2012"}, {"text": "@kanyewest Gmo Skee had a twisted fantasy first. #fact", "created_at": "Sat Dec 22 06:00:08 +0000 2012"}, {"text": "\"Russia intends to be stricter with GMO industry\" http://t.co/6ne8IFvY #GMO #organic", "created_at": "Fri Dec 21 19:00:05 +0000 2012"}, {"text": "FDA moves closer to approval of GMO fish, critics outraged http://t.co/OMRkd2sZ via @reuters", "created_at": "Fri Dec 21 20:56:49 +0000 2012"}, {"text": "First -hand account of the effects of GMO corn consumption by farm animals. Really worth a listen. http://t.co/3lhok2Ix Thanks @coopmike48", "created_at": "Wed Dec 05 17:35:57 +0000 2012"}, {"text": "Kenya bans importation of all GMO foods (video) http://t.co/u0W3gGuT", "created_at": "Wed Dec 05 17:56:11 +0000 2012"}, {"text": "Uh oh! A social media ad campaign backfired on popular company who uses GMOs in their products and lobbied... http://t.co/Ikt1FiqV", "created_at": "Wed Dec 05 17:13:49 +0000 2012"}, {"text": "Dr. Oz Defends Monsanto: Eat GMO Foods, and calling us \"snobs\". I will not be following you anymore http://t.co/0cggdQNp", "created_at": "Wed Dec 05 17:24:40 +0000 2012"}, {"text": "Monsanto Aiming To Feed GMO Soy To Farmed Fish - http://t.co/YlqkluGX", "created_at": "Wed Dec 05 08:02:21 +0000 2012"}, {"text": "Future of genetically-modified salmon looks murky http://t.co/9YrwuaHc via @StarAdvertiser #breaking #news #hawaii", "created_at": "Wed Dec 05 08:18:32 +0000 2012"}, {"text": "Iowa Livestock Producer Claims Operation Lost Due to GMO Corn\n\nhttp://t.co/rXBcYl0T", "created_at": "Wed Dec 05 18:40:20 +0000 2012"}, {"text": "Occupy Monsanto wrote:\"Are GMOs so insidious that it should be kept secret from the people who are eating it?comment seen on an earlier post", "created_at": "Wed Dec 05 18:34:37 +0000 2012"}, {"text": "It's out for the people\nMath-Mic x GMOS - Math Matter\nhttp://t.co/bO8CCcth\nFree download, if you want\n#supportgoodmusic", "created_at": "Thu Dec 06 06:50:49 +0000 2012"}, {"text": "Today gmo is celebrating entrepreneurship with the @stjohnsbot Business Excellence Awards! http://t.co/7KYDO1nS", "created_at": "Wed Dec 05 15:52:06 +0000 2012"}, {"text": "GMO company DuPont Pioneer bribing third-grade students with 'seed' money http://t.co/KcE6lDb5 via @HealthRanger", "created_at": "Wed Dec 05 19:21:54 +0000 2012"}, {"text": "GMO Corn And Genetic Prioritization May Save Us From Climate Change Food Issues http://t.co/DNhHawDS #NOPE #FAKESCIENCE #seeLANDRACE", "created_at": "Wed Dec 05 19:44:36 +0000 2012"}, {"text": "GMO Labeling Will Not Increase Food Prices BOYCOTT KELLOGG: http://t.co/dzQ5bGmO via @youtube", "created_at": "Thu Dec 06 00:43:35 +0000 2012"}, {"text": "Must-see GMO food documentary http://t.co/7YRWqBOm via @IRTnoGMOs #GMO vaccines already here: Hep-B, HPV, Rotavirus, MMR #vaxfax", "created_at": "Thu Dec 06 00:55:18 +0000 2012"}, {"text": "GMO Contamination? USDA Suggests Sticking Small Farmers With the Bill http://t.co/pGVK521Y", "created_at": "Thu Dec 06 00:04:46 +0000 2012"}, {"text": "I favorited a @YouTube video http://t.co/82BeG7iw WTFographics: GMO Labeling", "created_at": "Thu Dec 06 05:27:52 +0000 2012"}, {"text": "RT @CARightToKnow: What happens when GMOs take over farmland? \"Cornstalks Everywhere But Nothing Else, Not Even A Bee.\" http://t.co/VwGShkNW", "created_at": "Sat Dec 08 01:02:40 +0000 2012"}, {"text": "Costa Rica now battling Monsanto over GMO corn: Dark Politricks Feed\nView the latest alternative news at DarkPol... http://t.co/9LsX6Vvx", "created_at": "Fri Dec 07 11:42:45 +0000 2012"}, {"text": "GMO Study Broadcast: Russian GMO Rat Experiment to be Broadcast 24/7 http://t.co/S4xuQftl via @@naturalsociety", "created_at": "Fri Dec 07 21:44:04 +0000 2012"}, {"text": "\"@ThasWatMiSed: Prescription drugs &amp; GMO foods are doing more to make ur sons effeminate than dolls &amp; kitchen sets loves\"", "created_at": "Fri Dec 07 16:38:31 +0000 2012"}, {"text": "What they are not mentioning is the link between DNA flaws &amp; GMO foods/materials. http://t.co/B5VDcCDB", "created_at": "Fri Dec 07 16:12:08 +0000 2012"}, {"text": "We need to know the truth! Freedom means freedom to choose!\n\n\"This is one more reason why labeling GMOs makes... http://t.co/rRjk2fLA", "created_at": "Fri Dec 07 19:25:45 +0000 2012"}, {"text": "GMO Salmon Company Running Out of Cash - Garnering some of the most intense controversy over genetic... http://t.co/VPYMDLFf", "created_at": "Sat Dec 08 00:34:14 +0000 2012"}, {"text": "@BarackObama please keep your promise to label Genetically Engineered food #LabelGMOs @CARightToKnow @justlabelit GMO OMG.", "created_at": "Fri Dec 07 20:30:04 +0000 2012"}, {"text": "Make all GMO foods   illegal to grow or sell in the USA http://t.co/4OFmCWXG via @causes", "created_at": "Fri Dec 07 20:27:35 +0000 2012"}, {"text": "Great video to share with newcomers to the world of GMO politics.... http://t.co/8LV4Dm43", "created_at": "Fri Dec 07 20:34:29 +0000 2012"}, {"text": "Leaked: US to Start \u2018Trade Wars\u2019 with Nations Opposed to Monsanto, GMO Crops http://t.co/y2cV0jeL #OpDestroyMonsanto http://t.co/FSM0UZbv", "created_at": "Wed Dec 19 23:53:26 +0000 2012"}, {"text": "@NotInMyFood Eat certified organic meats from http://t.co/rRIfrFTM No Antibiotics No GMO No Chemicals Only Mother Nature Finest Rewards", "created_at": "Thu Dec 20 01:51:42 +0000 2012"}, {"text": "@gapandyap responsible gun ownership isn't possible.  Which is a shame.  A lot of the same people who say GMOs destroy family farms, when", "created_at": "Thu Dec 20 01:07:01 +0000 2012"}, {"text": "Mathematical models for the detrimental GMO effect, would obviously be a horrendous task. A breach in the Golden Mean.", "created_at": "Wed Dec 19 13:04:18 +0000 2012"}, {"text": "Come out to hear my lecture on food safety and GMOs on 1/16/13 at essene market phila pa free!", "created_at": "Wed Dec 19 18:43:08 +0000 2012"}, {"text": "(H) Peddlers of poison and GMO http://t.co/qcWspM5e", "created_at": "Wed Dec 19 19:48:17 +0000 2012"}, {"text": "Naked But Not Transparent: Hidden GMOs Land Juice Company with Lawsuits http://t.co/R7m8SWbz via @OrganicAuthorit", "created_at": "Thu Dec 20 00:32:17 +0000 2012"}, {"text": "@muckinandsauce Kinda.. a better example is someone saying organic food is \"good\" gmo foods are \"bad\" like they have moral character", "created_at": "Wed Dec 19 20:30:13 +0000 2012"}, {"text": "Severe, acute kidney injuries in humans double due to GMO foods? http://t.co/sjLZlJDt", "created_at": "Wed Dec 19 20:29:03 +0000 2012"}, {"text": "Kenya bans GMOs and not everyone is happy about it! Read more: http://t.co/YYyr9Ht8  #GMOInside", "created_at": "Wed Dec 19 20:46:22 +0000 2012"}, {"text": "Still think GMO foods are safe? Check this out. http://t.co/SK1NpUYb #soy #nutrition #GMO", "created_at": "Wed Dec 19 14:44:49 +0000 2012"}, {"text": "Biotech cheers U.S. GMO salmon study http://t.co/WSGFrYcC", "created_at": "Sat Dec 22 23:27:05 +0000 2012"}, {"text": "#gmo #monsanto #sandy #hawaii Help make it happen for GMO FREE HAWAII movement on @indiegogo http://t.co/lUBT9aIt", "created_at": "Sat Dec 22 18:35:17 +0000 2012"}, {"text": "A must read @marionnestle: Fred Kaufman on \"genetically monetized food.\" To get what GMOs are really about, read this.  http://t.co/IWMb5uyd", "created_at": "Sat Dec 22 15:56:48 +0000 2012"}, {"text": "Biotech cheers U.S. GMO salmon study", "created_at": "Sun Dec 23 03:00:34 +0000 2012"}, {"text": "Vladan Jovanovi\u0107 o GMO #TEDxBelgrade", "created_at": "Sat Dec 22 12:11:30 +0000 2012"}, {"text": "NON HYBRID NON GMO HEIRLOOM VEGETABLE GARDEN SEEDS SEED KIT SHIP FREE http://t.co/eZnshhxx", "created_at": "Sun Dec 23 02:59:27 +0000 2012"}]