[{"text": "Preziveli smo Inflaciju ratove bonbardovanje tranziciju ali GMO lobi nemozemo.Naj gore zlo stize na kraju", "created_at": "Wed Feb 06 13:15:52 +0000 2013"}, {"text": "The #GMO #Health World News Is Out! Washington Farmer Fears GMO Wheat Will Destroy \u2026 http://t.co/A96JH2gL, see more http://t.co/YFwOyT3r", "created_at": "Thu Feb 07 04:04:55 +0000 2013"}, {"text": "@RightToKnowEh if u want to ban GMO then stop hiding behind this dishonest labeling tactic, just be open about banning them", "created_at": "Wed Feb 06 18:16:43 +0000 2013"}, {"text": "I added a video to a @YouTube playlist http://t.co/0YZTe4Fo Just Say No to GMO music video http://t.co/2Idz9Wve", "created_at": "Wed Feb 06 21:28:46 +0000 2013"}, {"text": "Vegan and non GMO chocolate cake!! My friends we have arrived. Another small business owner he said he\u2026 http://t.co/UOnWiCCl", "created_at": "Wed Feb 06 21:45:27 +0000 2013"}, {"text": "GMO Labeling Campaigns Enter New Battlegrounds - Far from being over when Prop 37 was defeated in California, the GM... http://t.co/Qnf5dC6X", "created_at": "Thu Feb 07 02:26:07 +0000 2013"}, {"text": "Think GMOs are bad? Next up: 'nanofoods'.  Please 'like' this new page to learn more - Label Nanofoods and help... http://t.co/jvMtJN4y", "created_at": "Thu Feb 07 02:11:07 +0000 2013"}, {"text": "5 steps to becoming GMO free...every little bit helps!  #noGMO http://t.co/uhVZO8op", "created_at": "Thu Feb 07 02:35:21 +0000 2013"}, {"text": "Song bird extermination? How numerous insect &amp; seed eating birds have been directly effected through mass use of GMO herbicides &amp;", "created_at": "Wed Feb 06 17:58:54 +0000 2013"}, {"text": "I'm looking for non gmo #corn in Arkansas, or surrounding states. Looking for 50k bu. premium $ paid,", "created_at": "Thu Feb 07 01:41:45 +0000 2013"}, {"text": "GMO Facts: Latest News on National GMO Labeling, Monsanto, Prop 37: http://t.co/AwFxS0oe via @YouTube", "created_at": "Thu Feb 07 01:42:28 +0000 2013"}, {"text": "@cuppacafe this is for you. Does GMO Corn Really Cause Tumors in Rats? http://t.co/l2HGHS2d via @motherjones", "created_at": "Wed Feb 06 22:39:59 +0000 2013"}, {"text": "The GMO debate is over. There is no longer any legitimate, scientific defense of growing GM crops for human... http://t.co/Tn41FcvZ", "created_at": "Thu Feb 07 05:59:37 +0000 2013"}, {"text": "@SurfSweets No GMOs no trans fat no artificial colors no gluten YAY I am  #sweetlydevoted", "created_at": "Wed Feb 06 19:13:40 +0000 2013"}, {"text": "\u201c@trutherbot: GMO A Go Go! http://t.co/NJu98sg8\u201d interesting.", "created_at": "Wed Feb 06 07:38:59 +0000 2013"}, {"text": "@irshpajaro @heyitsjhermaine OMG IRISH KILALA KO NA GD LIKE GMO HAHAHAHAHAA KALA MO HA", "created_at": "Wed Feb 06 12:05:37 +0000 2013"}, {"text": "@Agridome @todd_calfee What are NON GMO YSB premiums in Ontario? We are offering a $2.00 premium this yr. Containers work nice for NON-GMO", "created_at": "Thu Feb 21 13:11:31 +0000 2013"}, {"text": "Toxicity Assessment of Transgenic Papaya by tebillings http://t.co/SfPpknUd2K", "created_at": "Fri Feb 22 04:27:02 +0000 2013"}, {"text": "New Hampshire Wants GMO Foods Labeled! http://t.co/TDLJWjbbXG @signon Come on, Monsanto, it won't cost too much! Come on, Monsanto &amp; Cargill", "created_at": "Thu Feb 21 21:13:28 +0000 2013"}, {"text": "Rep Dave Young (D-Greeley): Are these health problems linked to GMO foods? I don't know, I'll be voting against HB1192 #coleg", "created_at": "Fri Feb 22 02:35:46 +0000 2013"}, {"text": "My feet hurts gmo as well as my head", "created_at": "Thu Feb 21 17:21:20 +0000 2013"}, {"text": "Two Vaccine Study Participants Die During Trials of the First GMO Flu Vaccine! http://t.co/WZmWHzFvbJ", "created_at": "Fri Feb 22 05:26:22 +0000 2013"}, {"text": "EWG's Ken Cook Lends Support for Washington State's GMO Labeling Initiative: \n[[ This is a content summary onl... http://t.co/XF37RmmP9M", "created_at": "Thu Feb 21 19:25:12 +0000 2013"}, {"text": "@MashiRafael Congratulations on your win from a new resident.You have done much good. Please keep Monsanto &amp; GMOs out of Ecuador, though.", "created_at": "Fri Feb 22 00:16:47 +0000 2013"}, {"text": "The Top 10 Breakfast Cereals Most Likely to Contain Monsanto\u2019s GMO Corn http://t.co/YjzXvyKccG", "created_at": "Thu Feb 21 15:24:35 +0000 2013"}, {"text": "You know as much as I love tortilla chips....I got issues with this GMO madness! http://t.co/Vz10I67TDB", "created_at": "Fri Feb 22 03:10:32 +0000 2013"}, {"text": "@GreenhamJenn Thank you  the Art is amazing ! all of them hold a strong message and shows that they understood GMOs I will B N touch soon", "created_at": "Thu Feb 21 23:26:52 +0000 2013"}, {"text": "@organicconnect It's about time we started looking at GMOs in \"healthy\" foods.", "created_at": "Sun Feb 24 02:37:57 +0000 2013"}, {"text": "Just found the place for my seed purchases http://t.co/4wYosGi3FL  open pollinated, non hybrid &amp; gmo free seeds \ud83c\udf0d", "created_at": "Sat Feb 23 20:48:22 +0000 2013"}, {"text": "FDA approves first GMO flu vaccine containing reprogrammed insect virus ~ RiseEarth http://t.co/gvqDnt87Fa", "created_at": "Sat Feb 23 16:31:35 +0000 2013"}, {"text": "African Food Shortages,Are GMOs The Answer ? http://t.co/JSomdUsI Africa Technology News #TechnoMag", "created_at": "Tue Feb 12 06:12:42 +0000 2013"}, {"text": "Dow\u2019s Controversial New GMO Corn Delayed Amid Protests: By Carey Gillam Reuters Excerpts: A controversial new bi... http://t.co/TqFWm7eD", "created_at": "Tue Feb 12 06:47:58 +0000 2013"}, {"text": "I added a video to a @YouTube playlist http://t.co/roKX9Bbw Welcome to MineCraft: Gmo Edition #1 - Gmo AFK?", "created_at": "Mon Feb 11 18:50:35 +0000 2013"}, {"text": "N\u00e5gon som vet om GMO reda har f\u00e5tt n\u00e5gra d\u00e5liga konsekvenser? N\u00e5gon? Nehepp.", "created_at": "Mon Feb 11 11:12:02 +0000 2013"}, {"text": "@__michellep__ it's exactly what it sounds like, an essay comparing and contrasting organic agriculture and GMO agriculture lol", "created_at": "Tue Feb 12 00:11:36 +0000 2013"}, {"text": "How GMO Responsible is your favorite food brand? Check out this ranking by Greenpeace\u2019s Safe Food Guide,... http://t.co/2kpYZg2K", "created_at": "Mon Feb 11 15:30:01 +0000 2013"}, {"text": "The GMO Seed Cartel  http://t.co/gw60LtLe #nonGMO #organic #goveg", "created_at": "Thu Feb 14 21:22:15 +0000 2013"}, {"text": "GMO A Go Go! #GMOaGoGo http://t.co/50AzKTEq", "created_at": "Thu Feb 14 17:58:34 +0000 2013"}, {"text": "@rajmax63 Ma boli me vi\u0161e briga i za taj GMO ho\u0107u samo  da jedem ono \u0161to mi  je lepo u ukusno..ali kako vidim mora\u0107u na dijetu do\u017eivotnu:D", "created_at": "Thu Feb 14 22:21:30 +0000 2013"}, {"text": "Washington state launches groundbreaking 'Label It Wa' grassroots GMO labeling campaign http://t.co/Qo1iOUq0 #trooth", "created_at": "Thu Feb 14 22:51:18 +0000 2013"}, {"text": "GMO A Go Go http://t.co/hjYdVDge", "created_at": "Thu Feb 14 22:51:45 +0000 2013"}, {"text": "Pretty cool Squidoo lens: GMO Genetically Modified Organism | Eating That http://t.co/DeJo01dA", "created_at": "Fri Feb 15 05:20:49 +0000 2013"}, {"text": "I added a video to a @YouTube playlist http://t.co/GtYiBGUb Jeffrey M. Smith: Monsanto, GMO Seeds of Destruction -", "created_at": "Thu Feb 14 14:19:24 +0000 2013"}, {"text": "wuuuuttt they have stir fry at gmos", "created_at": "Thu Feb 14 19:23:27 +0000 2013"}, {"text": "@SeanInSpain Jedward as a genetically-modified beast - I like that.", "created_at": "Thu Feb 14 11:22:36 +0000 2013"}, {"text": "Fam, this GMO crops video is scary", "created_at": "Fri Feb 15 00:24:18 +0000 2013"}, {"text": "US farmers may stop planting GMOs after poor yields  http://t.co/tIL5Fecc", "created_at": "Tue Feb 19 17:47:11 +0000 2013"}, {"text": "GMO Apples to prevent browning.  Yay or Ney?\nhttp://t.co/kWyUKIei", "created_at": "Tue Feb 19 17:49:19 +0000 2013"}, {"text": "Now, vaccines with genetically-modified proteins are being introduced...? Damn, scary stuff.", "created_at": "Tue Feb 19 22:55:45 +0000 2013"}, {"text": "\u201c@LAist: Monsanto Heads to Court to Defend GMOs and Seed Patents http://t.co/kRd67IDr\u201d @MsDevencenzi Important moment for the Supreme Ct!", "created_at": "Wed Feb 20 05:49:56 +0000 2013"}, {"text": "@the_BIGBATTLE a hard Q.in india where more than 200mn ppl r malnourished..do they even have option of choosing between GMO n safe food?", "created_at": "Tue Feb 19 14:31:35 +0000 2013"}, {"text": "Read more http://t.co/sOZqrW6R Facebook-\nPeople Supporting GMO Labeling Laws\nMA Bills 133/134\nHOUSE 134 FILED 1/7/2013\nHOUSE  No. 813", "created_at": "Tue Feb 19 20:32:18 +0000 2013"}, {"text": "GMO fail: Monsanto foiled by feds, Supreme Court, and science http://t.co/BkkCRCNy via @grist", "created_at": "Tue Feb 19 20:04:40 +0000 2013"}, {"text": "mainly gmo", "created_at": "Wed Feb 20 00:59:49 +0000 2013"}, {"text": "U.S. farmers may stop planting GMOs after horrific crop yields http://t.co/AIdbnLy9 via @HealthRanger HEALTH PROBLEMS- against NATURE!", "created_at": "Wed Feb 20 00:19:03 +0000 2013"}, {"text": "GMO fail: Monsanto foiled by feds, Supreme Court, and science http://t.co/Ff4pP2TS Monsanto\u2019s \u201cSmart Stax\u201d ain't so smart via @tlaskawy", "created_at": "Wed Feb 20 00:48:59 +0000 2013"}, {"text": "Comprehensive list of GMO products: http://t.co/bJXKUw0V Say No 2 #GMOs #GMs", "created_at": "Tue Feb 19 07:07:51 +0000 2013"}, {"text": "Liberty News - Comprehensive list of GMO products. http://t.co/F2Xt3sgN", "created_at": "Tue Feb 19 09:15:32 +0000 2013"}, {"text": "Kad krava jede GMO kukuruz onda daje otrovno mleko. To razumem. Kako je meso u redu? Da mi se objasni, molim! Hvala!", "created_at": "Tue Feb 19 16:57:12 +0000 2013"}, {"text": "@nprnews And most of that converted grassland is growing GMO corn and soy.. Detrimental to the health of all living beings!", "created_at": "Tue Feb 19 16:42:26 +0000 2013"}, {"text": "@omgjuli0 GMO AHAHA", "created_at": "Tue Feb 19 16:55:08 +0000 2013"}, {"text": "posle ove kampanje,cena mleka nece porasti,a trebalo je,ajd sad dosta vise,jasno mi je sta radite,upozoravajte narod na gmo koji uvozite.", "created_at": "Tue Feb 19 12:42:23 +0000 2013"}, {"text": "Yeah i'm going to stop drinking cokes, fuck that GMO shit", "created_at": "Sat Feb 02 02:17:59 +0000 2013"}, {"text": "GMO A Go Go! - Educate yourself about GMO with this entertaining video http://t.co/9W8REjkW", "created_at": "Sat Feb 02 02:11:56 +0000 2013"}, {"text": ".@exitclov @Typefighter GMO snacks and a Lockheed Martin green room...we sold out yo...\n#indierockmilitaryindustrial http://t.co/7DK95dVu", "created_at": "Sat Feb 02 02:10:06 +0000 2013"}, {"text": "GMO A Go Go! http://t.co/D4B1KWzH", "created_at": "Fri Feb 01 08:26:32 +0000 2013"}, {"text": "Wa State Rep introduces groundbreaking GMO bill http://t.co/kaQIERlc", "created_at": "Fri Feb 01 08:47:50 +0000 2013"}, {"text": "The conversation around GMO Labeling continues. http://t.co/chXm25Rf", "created_at": "Fri Feb 01 17:35:05 +0000 2013"}, {"text": "FRITO LAY PUSHES FORTH NEW LOCO GMO CHIP! CANCER PROMOTING GUT STOPPING DISEASE RIDDLED CHIP MAKER NOW MORE TRASHY FOODS TO MAKE YOU SICK!", "created_at": "Sat Feb 02 01:11:35 +0000 2013"}, {"text": "Fancy flavored mayonnaise made in brooklyn, local eggs, non gmo oil, f\u2605cking delicious http://t.co/nZLK3ZuK - sp", "created_at": "Fri Feb 01 22:08:18 +0000 2013"}, {"text": "Listen to today's Freedom Cast brought to you by Reps. Shea, Stephens and Overstreet. Topics: NDAA, GMO labeling etc. http://t.co/9zGrEzJQ", "created_at": "Fri Feb 01 20:10:33 +0000 2013"}, {"text": "Dow\u2019s \u201cEnlist\u201d GMO Corn Delayed by Opposition - Dow AgroSciences's  controversial new Enlist GMO corn will be delaye... http://t.co/ydaREdmt", "created_at": "Sat Feb 02 00:37:19 +0000 2013"}, {"text": "New GMO animation film launched by Infomatic Films and Natural News - must see!: http://t.co/6FBcVqIK via @AddThis", "created_at": "Fri Feb 01 15:02:22 +0000 2013"}, {"text": "New GMO animation film launched by Infomatic Films and Natural News - must see! http://t.co/ZIemS0jP via @HealthRanger", "created_at": "Fri Feb 01 15:01:52 +0000 2013"}, {"text": "GMO A Go Go \u2013 Truth about GMOs explained in new animated cartoon: (HealthRanger) \u2013 From http://t.co/jI0D7A6l and ... http://t.co/q7O6iTpu", "created_at": "Fri Feb 01 09:27:16 +0000 2013"}, {"text": "-&gt; Anti GMO Foods and Fluoride Water &lt;- http://t.co/mOpk4R8e", "created_at": "Fri Feb 01 09:00:05 +0000 2013"}, {"text": "Tell .@BarackObama and the FDA to ban GMO salmon http//bit.ly/noGMOsalmon @food_democracy Please RT #stopFrankenfish", "created_at": "Fri Feb 01 16:03:31 +0000 2013"}, {"text": "GMO crops inflict poverty in corporately usurped countries", "created_at": "Fri Feb 01 23:09:52 +0000 2013"}, {"text": "It won't be long until the world's entire food supply will be tainted with GMO DNA.", "created_at": "Thu Feb 28 06:30:19 +0000 2013"}, {"text": "Why were GMO produced? \"\nTo produce  crops that can survive heavier doses of toxic pesticides\"  - See more  at:  http://t.co/XHugXx41Wb", "created_at": "Wed Feb 27 18:08:21 +0000 2013"}, {"text": "@gaynproudlol AHAHA but what is gmo stand for! #itsokaybecauseyouarestillperfect :)))) and I want your number!!! Ill message u it on fb:)", "created_at": "Thu Feb 28 02:22:31 +0000 2013"}, {"text": "http://t.co/TqGBivPzKg ViSalus Non GMO Soy Protein, Isoflavones, Estrogen, Fermentation Check out the latest article Brian wrot", "created_at": "Thu Feb 28 01:56:04 +0000 2013"}, {"text": "ViSalus Non GMO Soy Protein, Isoflavones, Estrogen, Fermentation Great post from Brian! http://t.co/z8JETOzpq3", "created_at": "Thu Feb 28 01:52:55 +0000 2013"}, {"text": "Hmm no GMO (@ Siggy's Good Food) http://t.co/TUQ5shbl41", "created_at": "Thu Feb 28 01:32:25 +0000 2013"}, {"text": "Mexican Farmers Protest The Entrance of GMO Corn http://t.co/NcfiY45Oc8", "created_at": "Thu Feb 28 01:36:14 +0000 2013"}, {"text": "I talk about wanting GMO food labelled. Comeback argument is about how he got gene therapy as a kid and it saved him. What??", "created_at": "Wed Feb 27 14:47:58 +0000 2013"}, {"text": "Make all GMO foods   illegal to grow or sell in the USA http://t.co/Og7HTrMJvU via @causes", "created_at": "Wed Feb 27 14:54:10 +0000 2013"}, {"text": "Just Say No to GMO music video http://t.co/A5eQ68fXOc http://t.co/pslkAvoiCd", "created_at": "Wed Feb 27 19:29:40 +0000 2013"}, {"text": "Polluted America: GMO Manmade Biological Threats, Plant Diseases, Germ Warfare http://t.co/qHwCSs1rth", "created_at": "Thu Feb 28 00:39:51 +0000 2013"}, {"text": "MillingWorld: Colorado House rejects GMO labelling law http://t.co/SavpLd7IPx", "created_at": "Wed Feb 27 15:26:59 +0000 2013"}, {"text": "GoodieEnt Gmo http://t.co/NU7a21Ll", "created_at": "Sun Feb 10 22:11:30 +0000 2013"}, {"text": "This is a long video on the GMO food \"industry\", the toxicity, the business, the lies, the need to avoid and... http://t.co/delC2uUD", "created_at": "Mon Feb 11 05:24:30 +0000 2013"}, {"text": "The top 10 breakfast cereals most likely to contain Monsanto's GMO corn http://t.co/QVMRvpA7", "created_at": "Sun Feb 10 14:40:15 +0000 2013"}, {"text": "New article on darkpolitricks: GMO labeling bill killed by state Senate \u2014 but the fight has just begun http://t.co/uJcDeXMR #news #altnews", "created_at": "Sun Feb 10 14:28:17 +0000 2013"}, {"text": "Warning: Your Valentine\u2019s Day Treats May Be Filled With GMOs http://t.co/pK2RWges", "created_at": "Sun Feb 10 19:51:41 +0000 2013"}, {"text": "Safety Group Blows Lid on \u2018Secret Virus\u2019 Hidden in GMO Crops   http://t.co/HLtaMNo5", "created_at": "Sun Feb 10 15:00:07 +0000 2013"}, {"text": "Exactly GMO foods are in everything in the grocery store. (@YouTube http://t.co/oKMoMfch)", "created_at": "Sun Feb 10 16:38:06 +0000 2013"}, {"text": "VICTORY: Hawaii Celebrates As GMO Labeling Bill Is Passed... http://t.co/7Te3TkzC", "created_at": "Sun Feb 10 16:05:57 +0000 2013"}, {"text": "RT@HealthyLiving20 Public consume more GMO foods while evidence of harm continue to mount: http://t.co/RMSG6fek", "created_at": "Sun Feb 10 23:54:01 +0000 2013"}, {"text": "What is your take on GMO? Is it ok or: No weed, No bugs ,More food, MORE PROFIT? ...Nice cartoon about GMO http://t.co/f1sZ5WSt", "created_at": "Mon Feb 18 13:10:07 +0000 2013"}, {"text": "Wit the fuk were use expecting from TITP just gmo to the slam tent its always quality no matter what", "created_at": "Mon Feb 18 13:32:36 +0000 2013"}, {"text": "@Its_Just_Mariaa not cool Maria -.- @14_MARJORIEE maria thinks gmo is cooler than us", "created_at": "Tue Feb 19 06:39:27 +0000 2013"}, {"text": "Here we go, folks! Federal GMO labeling. Because every state deserves this right! Will you be at the announcement... http://t.co/NPfWFqGr", "created_at": "Mon Feb 18 21:03:00 +0000 2013"}, {"text": "General Mills pulls Cheerios 'app' following groundswell of GMO opposition http://t.co/pteKMhki via @HealthRanger", "created_at": "Tue Feb 19 02:38:43 +0000 2013"}, {"text": "Kucinich on GMOs http://t.co/ZgQQ6jOF", "created_at": "Mon Feb 18 22:08:28 +0000 2013"}, {"text": "GMO fail: Monsanto foiled by feds, Supreme Court, and science - GMO crop yields better than conventional?There... http://t.co/hd7gFwMs", "created_at": "Mon Feb 18 14:30:14 +0000 2013"}, {"text": "@B_soulful Lays buys potatoes for their chips &amp; corn for corn chips they use GMO corn &amp; potatoes", "created_at": "Mon Feb 18 19:27:22 +0000 2013"}, {"text": "GMO Watch is out! http://t.co/AnjvRgvY \u25b8 Top stories today via @EWGFoodNews @VitoWolf @varunaol", "created_at": "Mon Feb 18 19:30:43 +0000 2013"}, {"text": "@Poet_Carl_Watts: India passes GMO labeling law, but some worry its provisions were poorly planned... http://t.co/2HRQ225B #RT", "created_at": "Tue Feb 19 03:59:32 +0000 2013"}, {"text": "@iam13love yea that's why I just laughed. Shyt aint never that deep lol we supposed to be ascending not arguing bout GMO organic plants lol", "created_at": "Tue Feb 19 03:52:52 +0000 2013"}, {"text": "malapit na ko matapos sa gmo &lt;3", "created_at": "Mon Feb 18 12:52:22 +0000 2013"}, {"text": "Say No to GMO http://t.co/dghKNyPN", "created_at": "Mon Feb 18 12:45:17 +0000 2013"}, {"text": "BERLINALE 2013: Watch Trailer for Documentary GMO OMG on Corporate Takeover of Seeds http://t.co/ooXTZDRr via @sharethis", "created_at": "Mon Feb 18 23:21:06 +0000 2013"}, {"text": "Fred Perlak, head of operations for Monsanto Hawaii, the GMO godfather in Hawaii, the inventor of GMO cotton (WAY... http://t.co/Ueach5PC", "created_at": "Fri Feb 15 13:42:37 +0000 2013"}, {"text": "RT @Burton_Media: Ben &amp;amp; Jerry's show how companies can (+ do) get it right... removing GMO ingredients from its supply chain after...", "created_at": "Sat Feb 16 06:20:06 +0000 2013"}, {"text": "Green News:  GMO mini-documentary: 'All of us guinea pigs now?' http://t.co/RdcJkaym", "created_at": "Fri Feb 15 18:43:33 +0000 2013"}, {"text": "PressTV - The GMO push in Africa is a Trojan horse for political control: Joe Mzinga http://t.co/Zip6XQge", "created_at": "Fri Feb 15 17:21:17 +0000 2013"}, {"text": "Polluted America: GMO Manmade Biological Threats, Plant Diseases, Germ Warfare: In the United\u2026 http://t.co/ZHrApIZ6if", "created_at": "Tue Feb 26 01:48:08 +0000 2013"}, {"text": "@JosephALapin heres a decent doc about #Monsanto and their use of GMOs http://t.co/gRWg9FurKk", "created_at": "Mon Feb 25 22:56:21 +0000 2013"}, {"text": "@forthisseason I've never tried tofu.. I would steer away from soy only because it's almost all GMO now. Sad. =( #healthyhabs", "created_at": "Mon Feb 25 19:27:06 +0000 2013"}, {"text": "GMO loh:3 RT @Chaaan26: Moveon o mbakyuu;3 RT indahpnm: Lucu nemen -- RT Chaaan26: HHILR:D RT indahpnm:", "created_at": "Mon Feb 25 07:49:37 +0000 2013"}, {"text": "@kingsthings Please get smart and help us with the GMO threat to our food supply. If not, do you know someone who will?", "created_at": "Mon Feb 25 16:29:54 +0000 2013"}, {"text": "\u201cPh\u00e1t cu\u1ed3ng\u201d v\u00ec n\u1eef game th\u1ee7 trong gMO T\u00ecnh Ki\u1ebfm: \nT\u00ecnh Ki\u1ebfm\u00a0- T\u1ef1a game ki\u1ebfm hi\u1ec7p online d\u00e0nh ri\u00eang cho iPhone,... http://t.co/eYUoiTjS95", "created_at": "Tue Feb 26 13:16:05 +0000 2013"}, {"text": "\"@Cri7_Mexicanese: Gmo ain't peep the pic ?\" What pic", "created_at": "Tue Feb 26 13:40:27 +0000 2013"}, {"text": "@lNice_Guy @beatrizjcardoso @deyigoiz gmo is confusing me with his eye talk lol", "created_at": "Wed Feb 27 01:46:24 +0000 2013"}, {"text": "Kudos to New Westminster, BC Community garden to grow only organic crops and no GMO seed! \n\nKeeping it real.... http://t.co/qQYsyIMfiP", "created_at": "Wed Feb 27 01:53:58 +0000 2013"}, {"text": "Hungary Destroys All Monsanto GMO Corn Fields http://t.co/5XRWtvMyQD via @TrueActivist", "created_at": "Wed Feb 27 01:07:48 +0000 2013"}, {"text": "New paper by Arjo et al seriously discredits link between herbicides, GMOs &amp; cancer http://t.co/cWMrISRXw9 via @mark_lynas", "created_at": "Wed Feb 27 05:14:33 +0000 2013"}, {"text": "GMO + agra-chem free zones in Europe.DocuVid: http://t.co/drGoTnCMwv! http://t.co/hs4wod73An", "created_at": "Wed Feb 27 05:30:04 +0000 2013"}, {"text": "Miracle grow: Indian farmers smash crop yield records without GMOs http://t.co/hPEfZAAEoa @tlaskawy @grist", "created_at": "Tue Feb 26 14:17:10 +0000 2013"}, {"text": "FDA doesn't test the safety of GMO products | Cyberwarzone http://t.co/t7MvhbcBQr #Infosec via @Cyberwarzonecom", "created_at": "Tue Feb 26 23:38:56 +0000 2013"}, {"text": "Did you know that GMO labeling is now mandatory in India? http://t.co/Jp0XsutLqY", "created_at": "Tue Feb 26 23:06:03 +0000 2013"}, {"text": "Ganda!!! ;) KO ayy, hahaha joke :) youre so pretty like omg like gmo :') loveyou both :** =))))\u2026 http://t.co/tCdGJi7lht", "created_at": "Sat Feb 23 06:33:01 +0000 2013"}, {"text": "Is the Bible Against GMO Gardening? http://t.co/vgCueOxqcy via @@melissaknorris\nJust saw this.", "created_at": "Fri Feb 22 18:16:19 +0000 2013"}, {"text": "Just saw the superstars of the film GMO OMG at #mosesorganic conference keynote. http://t.co/LqqDXEI192. Haiti tells Monsanto to get lost...", "created_at": "Fri Feb 22 19:36:12 +0000 2013"}, {"text": "Do GMO Crops Really Have Higher Yields? http://t.co/kSrgEHn4Vc via @motherjones #noGMO Get Monsanto OUT OF OUR GOVERNMENT.", "created_at": "Fri Feb 22 19:33:59 +0000 2013"}, {"text": "US farmers may stop planting genetically-modified seeds after seeing poor global crop yields http://t.co/XA4V5xnLL1 via @haloefekti", "created_at": "Fri Feb 22 20:30:55 +0000 2013"}, {"text": "Russia Recently banned American GMO corn, reason cited: Cancer Risks/ Health Concerns3nF", "created_at": "Fri Feb 22 15:22:16 +0000 2013"}, {"text": "Blame shame falls on climate denier oil pocket politicians ruined US world health ovr 3 decades as will on drug \"food\" pushers 4 biotech GMO", "created_at": "Sat Feb 23 03:30:14 +0000 2013"}, {"text": "Op-Ed: Hawaii GMO Bill Asks For Labels, Not A Ban \u2014 Longterm impacts of consuming #GMO foods isn't yet known http://t.co/uAXMzngD0e #becivil", "created_at": "Sat Feb 23 03:30:25 +0000 2013"}, {"text": "RT @HuffPostGreen: Seed giants sue U.S. farmers in shocking numbers over GMO seed patents, report says http://t.co/fcOjkZc9gX", "created_at": "Fri Feb 22 16:00:27 +0000 2013"}, {"text": "GMO Foods are Toxic! - http://t.co/geun3XAe Dr. Leonard Coldwell talks about the dangers of... http://t.co/sUiDl28c", "created_at": "Fri Feb 08 04:53:46 +0000 2013"}, {"text": "Opponents of GMOs push for Connecticut food-labeling law - New Haven Register http://t.co/FgpeIzZa", "created_at": "Fri Feb 08 04:14:18 +0000 2013"}, {"text": "Stop GMO salmon today: http://t.co/u6MUMqs1", "created_at": "Thu Feb 07 18:18:33 +0000 2013"}, {"text": "USA  - Last chance to stop GMO salmon...don't mess with the Salmon Nation!! http://t.co/PXjs7RqC", "created_at": "Thu Feb 07 21:38:17 +0000 2013"}, {"text": "@PEACENOW_ SO NESTLE GMO BY PUBLIC DEMAND?\u2605Nestl\u00e9 Exec Says:GMOs Are Unnecessary,But Our Customers Demand Them http://t.co/TV2ogMx9", "created_at": "Thu Feb 07 22:39:07 +0000 2013"}, {"text": "Sperti Vit D Lamps? D/UV F: Yay or Nay? \n \nSick of the GMO supplements.  There is ONE sunny day around here whil... http://t.co/49GDYbLd", "created_at": "Thu Feb 07 22:05:45 +0000 2013"}, {"text": "interesting piece in @theatlantic by @gregjaffe about GMOs http://t.co/TrS2i5Jo missing discussion of farmer sovereignty", "created_at": "Thu Feb 07 22:11:56 +0000 2013"}, {"text": "GMO? Apaan mb? (\u250e_\u2323\u0300\u0329\u0329) gtw \"@ArdhelynaW: GMO yah? :D RT @NoviaAyueL: Emong :D \"@ArdhelynaW: Lupain aku ;)\"\"", "created_at": "Thu Feb 07 14:21:06 +0000 2013"}, {"text": "Hidden, deadly viral gene found in commercial GMO crops http://t.co/p8MjdbF2 via @HealthRanger", "created_at": "Thu Feb 07 14:10:24 +0000 2013"}, {"text": "Scientists who discover problems with GMOs have been attacked, gagged, fired, threatened, and denied funding.", "created_at": "Thu Feb 07 14:24:37 +0000 2013"}, {"text": "OMG! GMO haha not sure if I want to eat it or not haha http://t.co/3jvOwK9X", "created_at": "Thu Feb 07 11:15:43 +0000 2013"}, {"text": "Hidden, deadly viral gene found in commercial GMO crops http://t.co/v0hHHZNE via @HealthRanger", "created_at": "Thu Feb 07 11:56:23 +0000 2013"}, {"text": "Warning: Your Valentine's Day Treats May Be Filled With GMOs http://t.co/cERPTMyv", "created_at": "Thu Feb 07 16:53:16 +0000 2013"}, {"text": "Safety Group Blows Lid on \u2018Secret Virus\u2019 Hidden in GMO Crops http://t.co/Ah7WKGxW", "created_at": "Thu Feb 07 12:37:17 +0000 2013"}, {"text": "GMO Quarterly Letter out. A little dry but good none the less. \n\nhttp://t.co/ZKRJUll3", "created_at": "Thu Feb 07 12:31:37 +0000 2013"}, {"text": "US export decreased as a result of GMO\nhttp://t.co/jciWRUP1\nvia @Tajalithaca", "created_at": "Thu Feb 07 12:42:37 +0000 2013"}, {"text": "Safety Group Blows Lid on \u2018Secret Virus\u2019 Hidden in GMO Crops - http://t.co/aZGoFlit", "created_at": "Thu Feb 07 12:35:30 +0000 2013"}, {"text": "I CRIED SO HARD MY MOM WAS SO CONFUSED GMO", "created_at": "Wed Feb 13 06:29:44 +0000 2013"}, {"text": "@AyooBigPoppaa I KNEW THERE WAS SOMETHING DIFFERENT ABOUT YOU !!!! YOU DIED YOUR HAIR ALL BLACK !!!! \ud83d\ude31\ud83d\ude31\ud83d\ude31\ud83d\ude31\ud83d\ude31\ud83d\ude31 omg gmo ^.^", "created_at": "Wed Feb 13 02:29:23 +0000 2013"}, {"text": "FDA approves first GMO flu vaccine containing reprogrammed insect virus | Why Don't You Try This? http://t.co/gkJragPy", "created_at": "Tue Feb 12 17:52:56 +0000 2013"}, {"text": "Bill Gates Dodges Questions on Why He Owns 500,000 Shares of Monsanto http://t.co/JeAe8UtV via @naturalsociety GMO is the answer.", "created_at": "Tue Feb 12 22:16:26 +0000 2013"}, {"text": "R.I. takes on GMO labeling. http://t.co/uakExlWC Will Rhody succeed where California failed?", "created_at": "Tue Feb 12 14:35:19 +0000 2013"}, {"text": "Sign the Petition to Stop GMO \u201cFranken-fish\u201d! http://t.co/wmmUtMuh #infowars #ale...", "created_at": "Tue Feb 12 19:20:41 +0000 2013"}, {"text": "@_aimeToi some people stay gmo babies.", "created_at": "Tue Feb 12 15:50:30 +0000 2013"}, {"text": "Wow! And, you thought that GMO fish were limited to salmon in Panama? Thing again: http://t.co/kKEyF5KV via @whysharksmatter", "created_at": "Tue Feb 12 16:00:03 +0000 2013"}, {"text": "Talk to organic producers and stores and ask them to actively support the Washington and Vermont initiatives on GMO disclosures.", "created_at": "Tue Feb 12 23:01:07 +0000 2013"}, {"text": "Ik zet hem er nog eens op. Dit is je kans om te laten horen hoe je over biologische landbouw en GMO denkt.... http://t.co/MZVfBZYA", "created_at": "Mon Feb 04 13:44:05 +0000 2013"}, {"text": "How to tell if the seeds you are buying are GMO. No GMO in my garden please. http://t.co/BGxsPtvQ via @pinterest", "created_at": "Tue Feb 05 04:25:49 +0000 2013"}, {"text": "Producers/creators of GMO foods won't touch/eat it. Producers/creators/pushers of Obamacare are exempt from the care nor want it.", "created_at": "Mon Feb 04 18:50:52 +0000 2013"}, {"text": "@mercola We should fix that. GMO birds? http://t.co/DSx5UNYI", "created_at": "Tue Feb 05 02:19:53 +0000 2013"}, {"text": "#poljoprivreda Zatvorena vrata za GMO http://t.co/W76yKCwN", "created_at": "Mon Feb 04 08:32:38 +0000 2013"}, {"text": "Alex Jones: Taylor Swift \u2018loves genetically-modified bacteria poop\u2019: Raw Story | Conspiracy theorist Alex Jones ... http://t.co/DMojEeED", "created_at": "Mon Feb 04 17:46:12 +0000 2013"}, {"text": "@MrBKC20 GMOs pervade the food supply so we offer: organics, 365 products sourced to avoid GMOs, &amp; Non-GMO Project verified products.", "created_at": "Mon Feb 04 17:20:57 +0000 2013"}, {"text": "Did you know that a newly discovered viral gene in GMOs can causes diseases? http://t.co/czvrvWmM", "created_at": "Tue Feb 05 05:52:47 +0000 2013"}, {"text": "@RightToKnowEh thats a bit different than \"\npushing for GMO labeling\"", "created_at": "Mon Feb 04 20:57:09 +0000 2013"}, {"text": "Eco-Challenge: Replacing GMO Food http://t.co/W7JLCCzD via @JnJGoGreen", "created_at": "Mon Feb 04 20:12:18 +0000 2013"}, {"text": "Can we get health inspectors to spot out all the GMOs in all the food markets. This food is literally inedible. FUCKIN DISGUSTING.", "created_at": "Mon Feb 04 20:30:07 +0000 2013"}, {"text": "I'm not advocating boycotting but think it's important to people know re Pepsi and GMO labelling. http://t.co/SJykcf4L", "created_at": "Mon Feb 04 15:36:18 +0000 2013"}, {"text": "You guys will LOVE this GMO cartoon! Entertaining and very educational. Please share the knowledge. http://t.co/rvF4Cmhh", "created_at": "Mon Feb 04 16:12:36 +0000 2013"}, {"text": "the Organic Review: Washington State GMO Labeling Bill Hits the Legislature | Spread Liberty News http://t.co/ejiZcB4Z &gt; we will not give up", "created_at": "Mon Feb 04 23:41:25 +0000 2013"}, {"text": "The reversal of justice, organic pressurized by GMO adulteration. It beggars belief, does the legal system do anything to defend organic?", "created_at": "Wed Feb 13 13:26:02 +0000 2013"}, {"text": "@albertHOE wow gmo", "created_at": "Thu Feb 14 06:06:08 +0000 2013"}, {"text": "The GMO Lie Threatens Life on Earth Yet Some Resist - Waking Times : Waking Times http://t.co/s3HBu2q1", "created_at": "Wed Feb 13 18:58:37 +0000 2013"}, {"text": "Colorado Demands GMO Labeling http://t.co/d8pSkjIJ @signon", "created_at": "Wed Feb 13 17:12:53 +0000 2013"}, {"text": "Washington state launches groundbreaking 'Label It Wa' grassroots GMO labeling campaign http://t.co/Cdsoxrcw", "created_at": "Wed Feb 13 17:29:58 +0000 2013"}, {"text": "Harvest of Hypocrisy: Farmers Being Blamed for GMO Crop Failures http://t.co/aLCU5Nrf #Truth #Freedom", "created_at": "Wed Feb 13 22:21:01 +0000 2013"}, {"text": "@lexusss_3 gmo", "created_at": "Thu Feb 14 05:00:13 +0000 2013"}, {"text": "@mark_lynas who the f* cares? Heirloom seeds do that naturally. Keep your GMO crap out of my food supply. #GMOfreeFOOD", "created_at": "Wed Feb 13 14:32:08 +0000 2013"}, {"text": "@shidanidae haha, x boleh nnty aku kena transgenic dgn big boss. Memandai buat meeting tergempar *nmpk sgt nak jwtan pengerusi..haha", "created_at": "Wed Feb 13 14:44:11 +0000 2013"}, {"text": "Is Big Food Starting to Favor GMO Labeling? http://t.co/RmwyxnZ2", "created_at": "Wed Feb 13 19:37:55 +0000 2013"}, {"text": "zes maand cel voor woordvoerdster van GMO protestactie waar een agentenpink en wat aardappelen sneuvelden? http://t.co/gRA8dA4L #zorgelijk", "created_at": "Wed Feb 13 11:52:58 +0000 2013"}, {"text": "GMO Genetically Modified Organism | @scoopit http://t.co/hhIlytJg", "created_at": "Wed Feb 13 10:42:24 +0000 2013"}, {"text": "Watch: #Organic The Store Wars - Organic food versus chemicals and GMOs http://t.co/OV2SjznD | #Food #Healthy #in", "created_at": "Wed Feb 13 10:50:26 +0000 2013"}, {"text": "MT @priscillast: University studies show more insecticides--and LESS food --in GMO Crops  http://t.co/nxC79AW5 via @MotherJones", "created_at": "Wed Feb 13 15:19:08 +0000 2013"}, {"text": "@LouMinoti people will post on twitter about GMO but go eat McDonald's after the tweet let alone take down the illuminati people can't even", "created_at": "Wed Feb 13 15:17:05 +0000 2013"}, {"text": "Washington state launches groundbreaking \u2018Label It Wa\u2019 grassroots GMO labeling campaign\u2026 http://t.co/S30GKYZH", "created_at": "Wed Feb 13 15:51:38 +0000 2013"}, {"text": "Regulators Discover a Hidden Viral Gene in Commercial GMO Crops http://t.co/Pb1xSvBZ", "created_at": "Thu Feb 14 03:28:31 +0000 2013"}, {"text": "criminalising non-violent direct action in Belgium:\n\nGMO TRIAL VERDICT: CRIMINALISATION OF STRUGGLE FOR A... http://t.co/ZQY7L2bP", "created_at": "Wed Feb 13 09:07:36 +0000 2013"}, {"text": "US farmers may stop planting GMOs after poor yields  http://t.co/V5reLSQ4", "created_at": "Wed Feb 13 12:13:38 +0000 2013"}, {"text": "The collaborator propaganda agency the BBC provide cover for the GMO corporations driving Indian farmers to suicide.  http://t.co/SMlFsd1m", "created_at": "Sun Feb 17 22:28:41 +0000 2013"}, {"text": "\"@BasedNigger: GMO SNAPPIN TONIGHT BRUH\"", "created_at": "Mon Feb 18 05:35:12 +0000 2013"}, {"text": "\"...HAHANAPIN NAMIN KAYO NG MABUTI-\" \"oy wag mong ituloy yan billy\" gmo they're echo jokes", "created_at": "Sun Feb 17 14:40:16 +0000 2013"}, {"text": "=&gt; Anti GMO Foods and Fluoride Water &lt;= http://t.co/Gfc3M04Z", "created_at": "Sun Feb 17 19:35:31 +0000 2013"}, {"text": "A two-edged sword \u2013 transgenic tobacco to cure rabies? No GMO\u2019s for me thanks! http://t.co/qXHjPOID", "created_at": "Sun Feb 17 11:52:51 +0000 2013"}, {"text": "Yes, I suspect that many people are suffering from eating GMOs for 20 years, without even knowing they have been @scots_perth", "created_at": "Sun Feb 17 15:57:26 +0000 2013"}, {"text": "Devil May Cry 4 refrain \u2502 G gerbang oleh GMO http://t.co/e8CdqrGA", "created_at": "Sun Feb 17 15:11:01 +0000 2013"}, {"text": "Do not use: gmo potatoes http://t.co/7TsH5nUW via @pinterest", "created_at": "Sun Feb 17 09:33:18 +0000 2013"}, {"text": "@windisblowing gmo i think that's ukey", "created_at": "Sun Feb 17 16:50:52 +0000 2013"}, {"text": "They Are Killing Us \"MUST SEE\": http://t.co/AlAQKOY4 via @youtube Control the food....control the people...boycott GMO foods...just say no", "created_at": "Sun Feb 17 16:47:12 +0000 2013"}, {"text": "This helps explain why I feel better on the shakes..They are GMO FREE! http://t.co/RzyUAZoS", "created_at": "Mon Feb 04 04:45:53 +0000 2013"}, {"text": "One Giant Leap for GMO Labeling http://t.co/CS0h6OTm", "created_at": "Mon Feb 04 06:24:50 +0000 2013"}, {"text": "GMO labeling update - NY Times piece by Stephanie Strom w/ lots about WA state:  http://t.co/aUOLWMId  (via @CARightToKnow)", "created_at": "Sun Feb 03 18:50:12 +0000 2013"}, {"text": "Jared Diamond: GMOs and a Guide to Reducing Life\u2019s Risks [Tomorrow's Table] http://t.co/mwPWrGI2", "created_at": "Sun Feb 03 21:10:35 +0000 2013"}, {"text": "@thatwoman Ah, yes. Girls need processed food with GMOs in order to get attention from their fathers. And then they'll be fat. THEIR fault.", "created_at": "Mon Feb 04 00:49:54 +0000 2013"}, {"text": "\"So God made a farmer\u2026and then the Government subsidized that farmer to grow GMO crops, and the farmer turned his back on God.\" #BuyATruck", "created_at": "Mon Feb 04 03:05:34 +0000 2013"}, {"text": "As a veg &amp; local agvocate, this is still appalling/comical in its lack of relevancy to the GMO conversation. @grist http://t.co/PHQl92JS", "created_at": "Sun Feb 03 23:50:53 +0000 2013"}, {"text": "Say No To GMOs !", "created_at": "Sun Feb 03 23:00:34 +0000 2013"}, {"text": "Oh beautiful, for smoggy skies, insecticided GMO grain,\nFor strip-mined mountain's majesty above the asphalt plain. #Parody", "created_at": "Sun Feb 03 23:48:19 +0000 2013"}, {"text": "Aku maeng GMO ndelok arek latian basket", "created_at": "Fri Feb 08 13:55:24 +0000 2013"}, {"text": "It was evil and wrong to forbid Iraq farmers from using their traditional seeds and forcing them to purchase GMO seed. #StopMonsanto", "created_at": "Sat Feb 09 06:21:06 +0000 2013"}, {"text": "Food Giants May Support Federal GMO Labeling After All \u2014 Good News, or Bad? http://t.co/Ve7g7pgb #GMO #bigag", "created_at": "Fri Feb 08 18:02:18 +0000 2013"}, {"text": "@xDEADPOOLx713 I'll call you. And gmo my brother and maybe my cousin", "created_at": "Fri Feb 08 21:02:15 +0000 2013"}, {"text": "Hawaii 1st US state to pass GMO labeling bill, but with amendment http://t.co/oJABwZzR", "created_at": "Fri Feb 08 22:56:58 +0000 2013"}, {"text": "Hawaii Celebrates as GMO Labeling Bill is Passed http://t.co/ay8m3iju", "created_at": "Sat Feb 09 05:55:20 +0000 2013"}, {"text": "The GMO seed cartel http://t.co/FeJd3ejm", "created_at": "Fri Feb 08 14:31:02 +0000 2013"}, {"text": "Tell the FDA: Don't approve GMO Salmon! http://t.co/qipqZSsA", "created_at": "Fri Feb 08 14:08:07 +0000 2013"}, {"text": "@EvanHD I suspect that all anger will be diverted to meat so people can eat GMO soya! (all around vegan diet) That is equally bad!", "created_at": "Fri Feb 08 11:32:35 +0000 2013"}, {"text": "Opting Out of the GMO Experiment Opt Out Of the GMO EXPERIMENT! Take Back Your Food! [...] http://t.co/ee9C81Qq", "created_at": "Fri Feb 08 07:19:02 +0000 2013"}, {"text": "Safety Group Blows Lid on \u2018Secret Virus\u2019 Hidden in GMO Crops ~ UnHealthyEarth http://t.co/oIaXYNao", "created_at": "Fri Feb 08 15:04:54 +0000 2013"}, {"text": "maybe its all the antidepressents, vaccines, fluoride and gmos in our blood surrogate :( #bravenewworld", "created_at": "Sat Feb 09 03:51:36 +0000 2013"}, {"text": "Is Big Food Starting to Favor GMO Labeling? -  http://t.co/mKFp47tk #GMO #Labeling #BigFood", "created_at": "Sat Feb 09 03:54:14 +0000 2013"}, {"text": "The GMO debate is over; GM crops must be immediately outlawed; Monsanto halted from threatening humanity http://t.co/P7DIiJDR", "created_at": "Fri Feb 08 16:30:16 +0000 2013"}, {"text": "FDA approves first GMO flu vaccine containing reprogrammed insect virus http://t.co/SOmNC2m2 via @HealthRanger", "created_at": "Fri Feb 08 12:48:24 +0000 2013"}, {"text": "Warning: Your Valentine's Day Treats May Be Filled With GMOs: GMO Inside, a campaign dedicated to advancing the ... http://t.co/MkZckVcS", "created_at": "Fri Feb 08 12:51:06 +0000 2013"}, {"text": "@wolfjumper_ hguoht gmo", "created_at": "Fri Feb 08 23:26:37 +0000 2013"}, {"text": "@NabilaaahAhmad gmo stahp \ud83d\udc94\u270b\u270b\u270b\u270b", "created_at": "Thu Feb 28 13:31:50 +0000 2013"}, {"text": "@n1K__nak @GonzoPhD @VinceintheBay this one works as well as their GMO shit.", "created_at": "Fri Mar 01 04:35:21 +0000 2013"}, {"text": "Hawaii Babes Slam Barnett as GMO Debate Heats up WA Election Race \u2013 Watch Here:... http://t.co/V2giXKhHmk", "created_at": "Thu Feb 28 16:25:33 +0000 2013"}, {"text": "Our next @pointofinquiry guest, @mark_lynas, on his famous conversion on GMOs http://t.co/rxRieTbqNe", "created_at": "Thu Feb 28 12:46:08 +0000 2013"}, {"text": "Scientist say that \"We are part of one huge experiment\" - GMO Video http://t.co/GMk6xo6ykN", "created_at": "Mon Feb 25 04:27:44 +0000 2013"}, {"text": "GMO Aleksandar \u0160api\u0107 #Utisak", "created_at": "Sun Feb 24 21:45:41 +0000 2013"}, {"text": "Kupio sam jutros glavicu GMO kupusa. Kako znam? Gledala me je prezrivo ''ispod oka'' dok sam je stavljao u korpu. #hrana #kupus", "created_at": "Sun Feb 24 20:04:29 +0000 2013"}, {"text": "CO lawmakers reject GMO labeling\nAlternative World News Network\n\nA Colorado House Committee voted against... http://t.co/DX6wi6sjEj", "created_at": "Mon Feb 25 00:54:28 +0000 2013"}, {"text": "World 1st as Say No to GMO TV Ad Set to Change Course of WA Election http://t.co/qshLgygSn8", "created_at": "Sun Feb 24 15:43:49 +0000 2013"}, {"text": "Do you want to understand the direct correlation between Chem-Trails and GMO (Genetically Modified Organisms)? http://t.co/utavCcphwi", "created_at": "Thu Feb 21 06:18:22 +0000 2013"}, {"text": "@blair_houghton @BCRedway @RyanNewYork If anything, transgenic foods are safer than selective breeding as gene introduction is selective.", "created_at": "Wed Feb 20 21:45:51 +0000 2013"}, {"text": "How to avoid GMO ? Choose products that are certified Organic ! http://t.co/8R4sOMoE", "created_at": "Wed Feb 20 08:52:05 +0000 2013"}, {"text": "Is Big Food Starting to Favor GMO Labeling? -  http://t.co/MVlZocXkFw #GMO #Labeling #BigFood", "created_at": "Thu Feb 21 05:05:21 +0000 2013"}, {"text": "Please sign to secure GMO labeling in Illinois to give consumers a choice.\" . GMO Labeling in Illinois http://t.co/PNwENNGv @signon", "created_at": "Wed Feb 20 19:40:45 +0000 2013"}, {"text": "@christellar  Over 70% of the foods on the Canadian shelves contain GMO foods !!!", "created_at": "Wed Feb 20 19:08:24 +0000 2013"}, {"text": "Many GMO crops are engineered to produce their own pesticide (such as Bt toxin), while others have been created... http://t.co/nmAebOZZ", "created_at": "Wed Feb 20 19:13:23 +0000 2013"}, {"text": "Thanks to Scott Harris for giving GMO FREE CT such a great opportunity to discuss GMOs and our labeling laws on... http://t.co/WaulWnXP", "created_at": "Wed Feb 20 20:04:36 +0000 2013"}, {"text": "I'm starting to think the horsemeat media hysteria is becoming a big distraction from GENUINE poisons: GMOs\nhttp://t.co/lVU41m1O", "created_at": "Wed Feb 20 10:35:19 +0000 2013"}, {"text": "Dasar cewek cewek gmo sehati semua wkwk:\")", "created_at": "Wed Feb 20 15:54:53 +0000 2013"}, {"text": "Supremes Unsympathetic to Farmer's Deception at Center of Monsanto GMO Soybean SCOTUS Patent Challen #entrepreneurship http://t.co/i9fHzLFv", "created_at": "Wed Feb 20 12:10:25 +0000 2013"}, {"text": "162 great comments...!!Editorial: Be skeptical of Initiative 522 on GMO labeling | Editorials | The Seattle Times http://t.co/norbKonWaY", "created_at": "Wed Feb 20 23:57:31 +0000 2013"}, {"text": "The right hand column represents companies that paid lots of money to lobby against gmo food labelling in CA (just... http://t.co/sZubPPYB", "created_at": "Sat Feb 02 13:23:02 +0000 2013"}, {"text": "6 Largest Pesticide Corporations Funding Effort to Try to Defeat GMO Labeling Proposition 37 http://t.co/UcTVGDht via @pinterest", "created_at": "Sat Feb 02 13:06:04 +0000 2013"}, {"text": "Enter to win an @AnniesHomegrown prize pack valued at $48 from Eco-Crazy Mom during the GMO Free 2013 #Giveaway Hop! http://t.co/WEaJb3cP", "created_at": "Sun Feb 03 04:39:13 +0000 2013"}, {"text": "GMO OMG WTF! / ARE WE EATING? o_O", "created_at": "Sat Feb 02 21:20:57 +0000 2013"}, {"text": "GMO Ticking Time Bomb - Part 5 http://t.co/I4Bzcq1p", "created_at": "Sun Feb 03 02:00:38 +0000 2013"}, {"text": "Complete retard. :D RT @Phineas_jon @_amitabi .noJ hal emal ! gmO", "created_at": "Sat Feb 02 17:17:56 +0000 2013"}, {"text": "@aquiottawa \u201cThe Environmental Assessment does not adequately consider the genetic and ecological risks of transgenic fish,\u201d she said....", "created_at": "Sat Feb 02 17:14:43 +0000 2013"}, {"text": "Washington State introduces GMO food labeling bill http://t.co/2GnidhMK", "created_at": "Sat Feb 02 14:21:11 +0000 2013"}, {"text": "\"Millions of Americans do NOT want GMOs in their food!\"\nObama: Fire Your Appointed FDA Czar, Michael 'Monsanto' Taylor! http://t.co/qzBixEKp", "created_at": "Sat Feb 02 19:58:37 +0000 2013"}, {"text": "Iyaiya RT @fhiit_fhiit: Shoegi_R_Basae gmo nglyat yg kya kmren i2. sminggu gg nongol, hrus dblangn dulu baru nongol.", "created_at": "Sun Feb 03 00:46:09 +0000 2013"}, {"text": "I liked a @YouTube video http://t.co/BSeW8K9h GMO A Go Go - Truth about GMOs explained in new animated cartoon", "created_at": "Sat Feb 02 09:26:33 +0000 2013"}, {"text": "Video: 'GMO-A-Go-Go' informs the world about the truth of GMOs http://t.co/kcJiAB59 via @digitaljournal", "created_at": "Sat Feb 02 09:03:40 +0000 2013"}, {"text": "Ahh the aroma of organic coffee. Great way to start a GMO free day! http://t.co/nu7xzf26", "created_at": "Sat Feb 02 16:24:46 +0000 2013"}, {"text": "GMO Tobacco Produces Antibodies To Treat Rabies\n http://t.co/PYfvjhsC", "created_at": "Sat Feb 02 16:32:39 +0000 2013"}, {"text": "5 Ways You\u2019re Regularly Exposed to GMOs (Besides Food): If you take painstaking care to avoid a diet of genetica... http://t.co/keoJiL8c", "created_at": "Sat Feb 02 23:28:12 +0000 2013"}, {"text": "TIME TO AUDIT THE FDA!!  FDA approves first GMO flu vaccine containing reprogrammed insect virus http://t.co/Eao2NuQm", "created_at": "Sun Feb 10 04:31:35 +0000 2013"}, {"text": "Op-Ed: Hawaii 1st US state to pass GMO labeling bill, but with amendment http://t.co/BWZJYfrq", "created_at": "Sat Feb 09 18:37:11 +0000 2013"}, {"text": "Hawaii Celebrates as GMO Labeling Bill is Passed http://t.co/40fQkkBR", "created_at": "Sat Feb 09 18:23:48 +0000 2013"}, {"text": "Where to Buy Non GMO Seeds | Small Footprint Family http://t.co/93bfl4Kw via @sharethis", "created_at": "Sat Feb 09 21:00:18 +0000 2013"}, {"text": "Safety Group Blows Lid on \u2018Secret Virus\u2019 Hidden in GMO Crops http://t.co/z26LY11e", "created_at": "Sat Feb 09 21:51:12 +0000 2013"}, {"text": "Safety Group Blows Lid on 'Secret Virus' Hidden in GMO Crops. http://t.co/rdLpAAOO #NoAgenda", "created_at": "Sat Feb 09 22:03:24 +0000 2013"}, {"text": "@gardencatlady gmo farmers are not poor farmers, they are in fact set up to succeed so companies Like monsanto will continue to prosper", "created_at": "Sun Feb 10 05:55:50 +0000 2013"}, {"text": "Growing GMO drug food wastes doesn't save water &amp; drinking water poisoned fm mutant abomination crop insecticide runoff #nogmo #StopMonsanto", "created_at": "Sat Feb 09 07:50:42 +0000 2013"}, {"text": "SCARY....Choose To Longer Eat A FrankenFood Diet\n\nAre These The Top 10 GMO Foods? Thoughts anyone?\n1. CORN\n2.... http://t.co/dAb8QKP9", "created_at": "Sat Feb 09 10:05:27 +0000 2013"}, {"text": "@Wilsonrjs @MollieK @Wonderkittykat  they said almond has 2x the calcium .blue diamond is not gmo", "created_at": "Sat Feb 09 15:47:48 +0000 2013"}, {"text": "It should be easier to sell Organic, and easier to eat organic! It's time to label GMO foods. Go WA I-522! http://t.co/1ydOM4mY", "created_at": "Sat Feb 09 15:13:59 +0000 2013"}, {"text": "NEW GMO SURPRISE: Hidden, deadly viral gene found in commercial #GMO crops / European Food Safety Authority (EFSA) / http://t.co/Yf2b5SwM", "created_at": "Sat Feb 09 16:30:00 +0000 2013"}, {"text": "@sustaintheMOB oh . So GMO is deathly and biological is twice as worse", "created_at": "Wed Feb 06 04:25:36 +0000 2013"}, {"text": "Konferencja na temat GMO na Uniwersytecie Przyrodniczym we Wroc\u0142awiu.\nhttp://t.co/03l0PXU5 http://t.co/D6NOJfZE", "created_at": "Tue Feb 05 21:19:55 +0000 2013"}, {"text": "Aterrado con el p\u00e9simo servicio de Opticas GMO son un asco !", "created_at": "Tue Feb 05 21:37:13 +0000 2013"}, {"text": "GMO A Go Go \u2013 Truth about GMOs explained in new animated cartoon http://t.co/WvFKkYXD via @Truththeorycom", "created_at": "Wed Feb 06 01:29:56 +0000 2013"}, {"text": "2/4/13 GMO hearing: Daniel Anthony on patriotism vs GMO http://t.co/qDwn2X9T", "created_at": "Wed Feb 06 01:45:59 +0000 2013"}, {"text": "@OochieWallyXxx Meet me at sphinx dayshift for T.I.G.M TURN UP TUESDAYS we goin in only on PROCK we got wat u need hosted by Unk Gmo", "created_at": "Tue Feb 05 15:19:13 +0000 2013"}, {"text": "my second best au idea: jake as capt america - \"though, honestly, not many fists can do damage to genetically-modified super-soldier\"", "created_at": "Wed Feb 06 03:49:56 +0000 2013"}, {"text": "Organic Consumers Association http://t.co/sqyJViNw  Boycott these organic brands to send message to parent companies that we want GMO labels", "created_at": "Tue Feb 05 23:38:00 +0000 2013"}, {"text": "@jennugraha RT @AgBioWorld: Analysis of Washington State GMO Labeling Initiative I-522 http://t.co/gD8zkJZ8", "created_at": "Sun Feb 17 04:48:35 +0000 2013"}, {"text": "@morgenfray @omgjuli0 GMO SO HD WHAT KIND", "created_at": "Sat Feb 16 17:17:27 +0000 2013"}, {"text": "@true_bug @wyoweeds @costrike @mem_somerville Yes GMOs reduce losses, but I'm talking about maximum yields, where GMOs have no clear impact.", "created_at": "Sun Feb 17 05:19:03 +0000 2013"}, {"text": "Opposition crops up to GMO foods in Hawaii http://t.co/AqTh5UKF via @AJEnglish", "created_at": "Sun Feb 17 05:58:53 +0000 2013"}, {"text": "Part 2 of the mcdonalds experiment I know u don't care enjoy ya gmo happy meal lmao http://t.co/v1sv5x8Y", "created_at": "Sat Feb 16 14:42:28 +0000 2013"}, {"text": "Transgenic Crops V (Biotechnology in Agriculture and Forestry): The status of crop biotechnology before 2001 was... http://t.co/MKHLVSuJ", "created_at": "Sat Feb 16 19:35:38 +0000 2013"}, {"text": "#tedxman GMO labeling is mandatory in #Syria", "created_at": "Sat Feb 16 16:37:47 +0000 2013"}, {"text": "@Gary_Hirshberg: Why does Syria label GMOs and we don't? It has something to do with corporate influence in Washington. #tedxman", "created_at": "Sat Feb 16 16:38:36 +0000 2013"}, {"text": "\"90% of soy is genetically modified. Now 85% of corn is genetically modified.\" Let's make GMO labeling required. @Gary_Hirshberg #TEDxMan", "created_at": "Sat Feb 16 16:46:43 +0000 2013"}, {"text": "Archives: The Nature Conservancy is only Enviro Group NOT Supporting Labeling of GMO Foods http://t.co/5EnU3rIv", "created_at": "Sat Feb 16 16:22:35 +0000 2013"}, {"text": "#TedxMan learn more about GMO labelling! Follow @stonyfieldgary  &amp; check out http://t.co/uJmRu5VH", "created_at": "Sat Feb 16 16:49:54 +0000 2013"}, {"text": "GMO fail: Monsanto foiled by feds, Supreme Court, and science http://t.co/YighiGpE via @grist", "created_at": "Sat Feb 16 16:04:28 +0000 2013"}]