[{"text": "Mouse developed in Erlangen transgenic facility will appear in CancerCell article. Watch out for Takacova et al soon!", "created_at": "Mon Jan 16 17:56:18 +0000 2012"}, {"text": "@ScottMadin *shakes fist at Monsanto and their copyrighted genetically-modified tubers*", "created_at": "Mon Jan 16 17:41:21 +0000 2012"}, {"text": "@ur4everREagent @ericstrobel @wagnergirle @jswifty250 It becomes a total life change, but U can do it.Just Remember, CORN is GMO bigTime!", "created_at": "Tue Jan 17 01:48:55 +0000 2012"}, {"text": "Organic_Store found Organic farmers win legal case: Purveyors of conventional and genetically-modified (GM) crop... http://t.co/AJdpsz3X", "created_at": "Mon Jan 16 22:07:36 +0000 2012"}, {"text": "Leaked: US to Start \u2018Trade Wars\u2019 with Nations Opposed to Monsanto, GMO Crops http://t.co/pfIOZISs", "created_at": "Mon Jan 16 19:29:02 +0000 2012"}, {"text": "@asdfghjklvivy viv! The bio homework's the one with the GMO and the cloning right?", "created_at": "Mon Jan 16 09:04:59 +0000 2012"}, {"text": "Scarey facts about how reproductive organs can be affected by GMO foods: http://t.co/UjOywGQJ", "created_at": "Tue Jan 10 17:32:51 +0000 2012"}, {"text": "@_HandSomeBait Frankie rios me gmo dvon  porsha Blair big Reggie & krissy niggas had jokes !", "created_at": "Tue Jan 10 18:12:45 +0000 2012"}, {"text": "Interesting: Top 5 Organic Food Trends, 2012. I'm really looking forward, in a sick way, to the GMO labelling debate: http://t.co/N7Jgyt69", "created_at": "Tue Jan 10 18:05:13 +0000 2012"}, {"text": "Bourbon of proof: Is Kentucky\u2019s heritage spirit compromised by GMO corn? http://t.co/m5tDxDlX via @grist", "created_at": "Tue Jan 10 15:55:28 +0000 2012"}, {"text": "Monsanto\u2019s GMO Corn Approved Despite 45,000 Public Comments in Opposition http://t.co/qKbeK1fJ [Like it? http://t.co/0yGb8CtJ ]", "created_at": "Tue Jan 10 16:01:26 +0000 2012"}, {"text": "Monsanto\u2019s GMO Corn Approved Despite 45,000 Public Comments in Opposition\n http://t.co/4TqWduTq #Monsanto", "created_at": "Tue Jan 10 16:13:00 +0000 2012"}, {"text": "Bourbon of proof: Is Kentucky\u2019s heritage spirit compromised by GMO corn? http://t.co/nhLR2gnW via @grist", "created_at": "Tue Jan 10 16:24:56 +0000 2012"}, {"text": "\u0e21\u0e48\u0e32\u0e22\u0e22!!!! \u0e08\u0e32\u0e40\u0e2d\u0e32\u0e15\u0e2d\u0e19\u0e40\u0e19\u0e49RT @babuababo http://t.co/J8VQyc1i \u0e42\u0e2d\u0e4a\u0e22\u0e22\u0e22\u0e22 \u0e08\u0e30\u0e22\u0e31\u0e48\u0e27\u0e44\u0e1b\u0e16\u0e36\u0e07\u0e2b\u0e19\u0e32\u0e22\u0e22\u0e22 O&lt;-&lt; OMG OMG GMO \u0e2d\u0e22\u0e32\u0e01\u0e2d\u0e48\u0e32\u0e19\u0e19\u0e19", "created_at": "Tue Jan 10 09:30:36 +0000 2012"}, {"text": "RT @cinnamonshelper: RT @Earthnik: MUST READ! - The next generation of GMOs could be especially dangerous http://t.co/bPtkwlIV #GMO", "created_at": "Wed Jan 11 04:38:38 +0000 2012"}, {"text": "Transgenic Crop Plants: Volume 2: Utilization and Biosafety: Development of transgenic crop plants, their utiliz... http://t.co/D0F9mZKj", "created_at": "Tue Jan 10 12:51:40 +0000 2012"}, {"text": "I think its hard to find GMOs here in Kuching!!! hrmmmm...", "created_at": "Tue Jan 10 14:48:32 +0000 2012"}, {"text": "@maureenogle ? RT @sarahrich: looking for good blogs on plant genetics. not GMO politics stuff, just the science of ag, academic research.", "created_at": "Wed Feb 01 01:24:57 +0000 2012"}, {"text": "12 Reasons To Avoid GMOs http://t.co/Gy4ow6Z5 #gmo", "created_at": "Tue Jan 31 13:47:48 +0000 2012"}, {"text": "Temecula Gears Up for GMO Labeling Initiative! http://t.co/gv4UkSn5", "created_at": "Tue Jan 31 18:37:03 +0000 2012"}, {"text": "HUF: Daniel Klein: Moonshine Without The GMO Corn http://t.co/pFi8aDOn #eatwell", "created_at": "Tue Jan 31 18:03:43 +0000 2012"}, {"text": "California Medical Association's current policy statement SUPPORTING the LABELING of GMOs http://t.co/FivmRoGz", "created_at": "Tue Jan 31 18:12:57 +0000 2012"}, {"text": "Soil Association seems to be GMO obsessed today *sigh* #agchatuk", "created_at": "Tue Jan 31 15:37:47 +0000 2012"}, {"text": "Dear FDA: please label our GMO food. http://t.co/mXbvkFIO", "created_at": "Tue Jan 31 19:15:14 +0000 2012"}, {"text": "GMO Labeling Required in China and Russia, But Not in U.S. http://t.co/NcONJ4qk #sustainability", "created_at": "Wed Feb 01 00:10:00 +0000 2012"}, {"text": "Ive always admired him:   Bill Gates Advocates Expanding GMO Production http://t.co/oxKEyYjA", "created_at": "Wed Feb 01 00:04:54 +0000 2012"}, {"text": "Monsanto's GMO Corn Linked To Organ Failure, Study Reveals http://t.co/vYpiz0fy", "created_at": "Wed Feb 01 04:20:08 +0000 2012"}, {"text": "Good overview of the GMO problem. #monsantoisevil RT @rlm__: Monsanto named worst company of 2011. http://t.co/D9Q2Zkji", "created_at": "Tue Jan 31 14:54:34 +0000 2012"}, {"text": "#ThingsThatGetMeUpset are GMOs and people thinking god will save them.", "created_at": "Wed Feb 01 05:19:52 +0000 2012"}, {"text": "Why do we allow GMOs to be perpetrated on us.  They'll own us if we let them.", "created_at": "Mon Jan 30 01:33:48 +0000 2012"}, {"text": "Institute for Responsible Technology on GMO http://t.co/KxJonvoj", "created_at": "Sun Jan 29 22:23:31 +0000 2012"}, {"text": "#gmfoods Group to decide on GMOs this week - A county cropland advisory group is poised to make its final decision o... http://t.co/CadTw84M", "created_at": "Wed Jan 18 08:24:45 +0000 2012"}, {"text": "The next generation of GMOs could be especially\u00a0dangerous http://t.co/DSRcxhJb via @grist", "created_at": "Wed Jan 18 11:10:02 +0000 2012"}, {"text": "Happy Bellies Organic Baby Cereals Contain GMO DHA (Part 2):  Click here to read this article http://t.co/rKjUb4Ey", "created_at": "Wed Jan 18 21:29:21 +0000 2012"}, {"text": "Moms, teachers, farmers, small-business owners & more are telling the FDA to label GMOs - join us: http://t.co/VI96vd0k via @JustLabelIt", "created_at": "Wed Jan 18 20:07:31 +0000 2012"}, {"text": "@RonPaul_2012 Stop GMOs before they destroy our way of life. Sheer greed with no benefit to the consumer.", "created_at": "Thu Jan 19 04:52:20 +0000 2012"}, {"text": "@FridaSundkvist ska du odla majs i \u00e5r? vilken grej. inte gmo hoppas jag. utesluter majs tills vidare i min kost. jag mkt skeptisk t majs.", "created_at": "Wed Jan 18 12:22:02 +0000 2012"}, {"text": "Monsanto\u2019s GMO Corn Linked To Organ Failure, Study Reveals - http://t.co/ezbIDZmf", "created_at": "Wed Jan 18 12:54:44 +0000 2012"}, {"text": "Safety assessment of transgenic Bacillus thuringiensis rice t1c-19 in sprague\u2013dawley rats from metabonomics and... http://t.co/8gyH2UnA", "created_at": "Tue Jan 03 17:53:55 +0000 2012"}, {"text": "GMO labeling efforts is not an effort to stop GMO technology .. millions of insulin-dependant diabetics benefit from GM tech #JustLabelIt", "created_at": "Tue Jan 03 18:30:38 +0000 2012"}, {"text": "Want to learn more about GMOs & whether the FDA should require labeling?  Tune in to NPR right now - 8a Pacific,... http://t.co/d82prNrg", "created_at": "Tue Jan 03 16:10:27 +0000 2012"}, {"text": "Leaked: US to Start \u2018Trade Wars\u2019 with Nations Opposed to Monsanto, GMO Crops\n http://t.co/kKn2v3OP #wikileaks #occupy #teaparty #tcot #p2", "created_at": "Wed Jan 04 00:22:12 +0000 2012"}, {"text": "Leaked: US to Start \u2018Trade Wars\u2019 with Nations Opposed to Monsanto, GMO Crops http://t.co/Sem0o3Oe", "created_at": "Tue Jan 03 20:04:57 +0000 2012"}, {"text": "Mandatory GMO food labeling implies risks where there are none http://t.co/e69RqhNI", "created_at": "Tue Jan 03 12:30:19 +0000 2012"}, {"text": "http://t.co/TI9oLRKd \" Does GMO mean God Move over?\"", "created_at": "Tue Jan 03 14:11:44 +0000 2012"}, {"text": "The Gaia Reports: New Age Food: Self Regulating GMOs http://t.co/qiodXRfY", "created_at": "Fri Jan 06 22:20:35 +0000 2012"}, {"text": "Fight The Nwo: Eat a grape... (non GMO of course)", "created_at": "Fri Jan 06 15:23:34 +0000 2012"}, {"text": "Is Kentuckys heritage spirit compromised by GMO corn Psst. Don't mention the ethanol throat\u2026 http://t.co/NFrITzHN", "created_at": "Sat Jan 07 00:51:39 +0000 2012"}, {"text": "Natural GMOs Part 118. Octopus evolution exploits editing of genetic messages to deal with cold.: Eightlegged Ev... http://t.co/hzUOaHYT", "created_at": "Sat Jan 07 00:20:45 +0000 2012"}, {"text": "say it ain't so RT @BobdelGrosso: Bourbon of proof: Is Kentucky\u2019s heritage spirit compromised by GMO corn? | Grist http://t.co/xYiXuD7D", "created_at": "Sat Jan 07 00:54:42 +0000 2012"}, {"text": "GMO FREE! BEZ GMO! :) http://t.co/vhtcnEmd", "created_at": "Fri Jan 06 09:25:14 +0000 2012"}, {"text": "Woman files class action lawsuit against Frito-Lay for marketing genetically-modified snacks as 'all http://t.co/mwdBuh3u", "created_at": "Fri Jan 06 12:47:40 +0000 2012"}, {"text": "Garden Deals: 60 VARIETIES! SKU60VA0001  NON HYBRID NON GMO HEIRLOOM SURVIVAL GARDEN SEED BANK: US $23.50 (0 Bid... http://t.co/Mk6LmAF2", "created_at": "Fri Jan 06 12:03:41 +0000 2012"}, {"text": "O_o booooo! RT @Buffalohair Obama administration trying to bully Europe into using GMO crops. http://t.co/rP2IQs6Z", "created_at": "Tue Jan 24 17:07:03 +0000 2012"}, {"text": "Hungary Destroys All Monsanto GMO Corn http://t.co/x8M0FbSk", "created_at": "Tue Jan 24 21:49:42 +0000 2012"}, {"text": "RIGHT NOW: Go to http://t.co/VzKx4gtI Search \"GMO\" and thumbs up all six questions for Obama questioning the white house gmo policy RT! #GMO", "created_at": "Tue Jan 24 19:08:43 +0000 2012"}, {"text": "@ericripert  Here's some notes on GMO from a friend of mine. http://t.co/FMTAQKZW", "created_at": "Tue Jan 24 19:46:21 +0000 2012"}, {"text": "THE GMO STORE God vs Satan $ 20 \u00bb RUNNER FOR CHRIST MINISTRIES http://t.co/Y7WbCsfl", "created_at": "Tue Jan 24 20:29:09 +0000 2012"}, {"text": "Matamu ga telat , aku telat tau dek wkwkwk :D :D \"@triasin: Asik, gak telat bay:D belajar yg bener ka :*\"@vannyMFC: Gmo", "created_at": "Tue Jan 24 07:21:52 +0000 2012"}, {"text": ".@agchat q12 I think that if someone thinks @MonsantoCo & GMO is so necessary then they should nominate them 4 a shorty award in #food...", "created_at": "Wed Jan 25 02:59:52 +0000 2012"}, {"text": "Powerful activism to demand labeling of GMOs - watch 'Labels Matter' and sign the petition now! http://t.co/CHlVXYAh via @addthis", "created_at": "Wed Jan 25 05:14:23 +0000 2012"}, {"text": "@IPIMCIMCIM  GMOs \u0e01\u0e31\u0e1a\u0e42\u0e04\u0e25\u0e19\u0e19\u0e34\u0e48\u0e07\u0e1e\u0e37\u0e0a\u0e01\u0e31\u0e1a\u0e2a\u0e31\u0e15\u0e27\u0e4c\u0e01\u0e4a\u0e30  55", "created_at": "Wed Jan 04 13:37:46 +0000 2012"}, {"text": "Apel ws. legislacji upraw GMO w Polsce: Apel do Prezydenta RP i prezesa PAN wystosowali naukowcy. http://t.co/GYs7wgba", "created_at": "Thu Jan 05 06:10:28 +0000 2012"}, {"text": "@Kaybaebaeeee gmo u made a twitter today?", "created_at": "Thu Jan 05 02:42:31 +0000 2012"}, {"text": "sustainability shirt idea: OMG GMOs #copyright lily feingold", "created_at": "Wed Jan 11 23:35:52 +0000 2012"}, {"text": "RT @NonGMOProject: The most common GMOs are canola, corn, cotton (cottonseed oil), soy, sugar beets, & papaya http://t.co/hfQZKrC1", "created_at": "Wed Jan 11 17:13:31 +0000 2012"}, {"text": "Monsanto\u2019s GMO Corn Approved Despite 45,000 Public Comments in Opposition http://t.co/QE5yb4rm #USA #government", "created_at": "Wed Jan 11 19:55:41 +0000 2012"}, {"text": "GMO company used US officials to lobby Pope for greater access to sell products: A major bio-tech and GMO based ... http://t.co/SIuV1P7q", "created_at": "Wed Jan 11 20:07:46 +0000 2012"}, {"text": "Two important victories against evil GMO corporations and their seed spawn http://t.co/JOaf9HaQ", "created_at": "Wed Jan 11 20:29:03 +0000 2012"}, {"text": "Article from JIPM on GMOs in corn http://t.co/NY4ARLRR #Ag #agchat @EntsocAmerica", "created_at": "Thu Jan 12 02:09:17 +0000 2012"}, {"text": "9-\uac04\ucc99\uc9c0\uc758 \ub18d\uc5c5\uc801 \uc774\uc6a9\uc744 \uc704\ud55c \ubc95\ub960\uc81c\uc815(12.29.11)?..\ub9d0\uc740 '\ud53c\ud574\ub300\uc7ad\uae08'\uc778\ub370 \ub0b4\uc6a9\uc740 \ud558\ub098\ud558\ub098 \ud3d0\uc5c5\ub2f9\ud560 \uc77c\ubc18 \ub18d\ubbfc\uc744 \uc704\ud568\uc774 \uc544\ub2cc \ubaac\uc0b0\ud1a0\uc758 GMO \uacbd\uc791\uc2dc\uc124 \uc721\uc131\uc744 \uc704\ud55c \uc9c0\uc6d0\ub300\ucc45\uc774\uc5c8\uad6c\uba3c.. RT @mosf... http://t.co/hN9xbkjE", "created_at": "Thu Jan 12 02:29:06 +0000 2012"}, {"text": "@INTLRevolver @YourAnonNews We also expose Bill Gates ties to pharmas, & Monsanto to poison, kill others w/vaccines, GMO Foods.", "created_at": "Sat Jan 14 17:15:31 +0000 2012"}, {"text": "The next generation of GMOs could be especially dangerous: http://t.co/bpw7gN7j", "created_at": "Sat Jan 14 17:20:08 +0000 2012"}, {"text": "The Gaia Reports: Mandatory Labeling for GMOs or An Immediate Ban? http://t.co/mvtVha3n", "created_at": "Sat Jan 14 13:35:24 +0000 2012"}, {"text": "@lockhartcsj One problem in agriculture is the use of GMOs (genetically modified organisms)/ genetically modified foods that. In Europe--", "created_at": "Sun Jan 15 06:13:36 +0000 2012"}, {"text": "Micronutrients.... GMO Food: Monsanto Weed Killer compared to AIDS: This can wreak havoc with your health as 80 ... http://t.co/38dtZ6Dc", "created_at": "Sun Jan 15 13:25:03 +0000 2012"}, {"text": "GMOs = good/raw milk = bad #bizarro @LentsFoodBC RT@Saltfireandtime Obama administration says: \u201cNo raw milk for you.\u201d http://t.co/9xNBdpd4", "created_at": "Sun Jan 15 21:18:40 +0000 2012"}, {"text": "Algae fuel finally viable? Energy guru to answer -  http://t.co/cPsXHLkk http://t.co/pZRWWgXG (this GMO Algae screwing up ocean&fish)", "created_at": "Sun Jan 15 22:35:02 +0000 2012"}, {"text": "Bnr\" gmo kalah, pRT@detikcom Pangeran Arab Penggagas Menara 1000 Meter Jual Four Seasons Jakarta http://t.co/mCMz6pFn via @detikfinance", "created_at": "Sun Jan 15 07:33:10 +0000 2012"}, {"text": "RT @NonGMOProject USDA Greenlights Monsanto's Utterly Useless New GMO Corn http://t.co/Ti5LV1Mq", "created_at": "Mon Jan 23 21:48:26 +0000 2012"}, {"text": "Protest Monsanto's GMO s tomorrow at their HQ. Chemical giant more concerned about selling toxic Round-UP than food safety #Jan24 12Noon #RT", "created_at": "Mon Jan 23 15:00:42 +0000 2012"}, {"text": "http://t.co/OWXb5qnQ BASF smanjuje proizvodnju GMO hrane", "created_at": "Mon Jan 23 19:58:04 +0000 2012"}, {"text": "Alternative of food. Must grow non-GMO and GMO together. If one day only grow GMO wipe out non-GMO then patent superior crops,  it's cruel.", "created_at": "Mon Jan 23 20:16:28 +0000 2012"}, {"text": "@anonops Can you please just hijack Monsanto's sites and ability to strong-arm farmers to grow their GMO (unproven safety) crops?? Please :)", "created_at": "Mon Jan 23 09:54:07 +0000 2012"}, {"text": "THIS DOCUMENTARY IS WELL WORTH TO WATCH!!! GMO is a Eugenics operation to control the world population by... http://t.co/CC37DVcL", "created_at": "Wed Jan 25 23:37:05 +0000 2012"}, {"text": "Disgruntled GMO firms start pulling out of EU market - Truth about Trade & Technology http://t.co/EvWHjjgR", "created_at": "Wed Jan 25 18:50:01 +0000 2012"}, {"text": "RT @glynmoody: Disgruntled GMO firms start pulling out of EU market - http://t.co/56SQiTrE this time it's #monsanto in #france //Aw!", "created_at": "Wed Jan 25 21:24:30 +0000 2012"}, {"text": "@WikiTerms @Monsanto3 thanks for that - I'll make sure to use it when posting about GMOs and the like.", "created_at": "Wed Jan 25 22:51:14 +0000 2012"}, {"text": "Boo! Yes, 3rd world needs ag help, but not GMO Bill Gates Calls 4 More Ag Research To Fight Hunger http://t.co/NIFw9RV6 via @HuffingtonPost", "created_at": "Thu Jan 26 00:10:02 +0000 2012"}, {"text": "Hungary Destroys All Monsanto GMO Corn http://t.co/ZdApQSGR", "created_at": "Wed Jan 25 20:51:08 +0000 2012"}, {"text": "@ericripert check out http://t.co/Sv7r5Kkz http://t.co/bOVKh4Ov & http://t.co/VE06tjyS to get your GMO learning groove on... &lt;3 you btw!!!", "created_at": "Wed Jan 25 20:44:02 +0000 2012"}, {"text": "Another reason to avoid gmos http://t.co/37Ac3tty", "created_at": "Thu Jan 26 04:25:25 +0000 2012"}, {"text": "+ 1 RT @Mariobatali \"@TJREMSEN: @Mariobatali are you for or against GMO labeling?\u201d I am for labeling and against gmos\u201d", "created_at": "Sun Jan 08 22:09:20 +0000 2012"}, {"text": "Are #GMO's In Your #Baby's Food? #PercySchmeiser talks about why we must mandate GMO labeling on @TheOrganicView #og http://t.co/cqO5YfHv", "created_at": "Sun Jan 08 15:20:07 +0000 2012"}, {"text": "GMO Internet and Acrodea to Launch Android\u2122 Games Initiative", "created_at": "Sun Jan 08 16:44:59 +0000 2012"}, {"text": "USDA Quietly Approves #Monsanto New GMO Corn http://t.co/aAyGAlds #ows #occupywallstreetBaby U!", "created_at": "Mon Jan 09 03:16:59 +0000 2012"}, {"text": "GMO Cannabis Watch http://t.co/IZVOdV9f http://t.co/ZL9XhjOL http://t.co/1RbjywcS http://t.co/pglPlBwv http://t.co/C... http://t.co/Y36PAvJZ", "created_at": "Mon Jan 09 04:54:15 +0000 2012"}, {"text": "USDA Quietly Approves #Monsanto New GMO Corn http://t.co/aAyGAlds #ows #occupywallstreetFooool", "created_at": "Mon Jan 09 05:11:01 +0000 2012"}, {"text": "Locally grown GMO crops, any interest?  Trying to ride the local wave.", "created_at": "Mon Jan 09 23:49:02 +0000 2012"}, {"text": "Four years ago today, Obama and GMOs http://t.co/VkzFJuB5 @food_democracy Please RT", "created_at": "Mon Jan 09 23:23:14 +0000 2012"}, {"text": "gmo", "created_at": "Mon Jan 09 23:36:51 +0000 2012"}, {"text": "Mommy, what does GMO mean? Coming soon, Happy's Greenhouse! Trailer at: http://t.co/P7EEhQO6", "created_at": "Mon Jan 09 15:11:39 +0000 2012"}, {"text": "Mommy, what does GMO mean? Coming soon, Happy's Greenhouse! Trailer at: http://t.co/P7EEhQO6", "created_at": "Mon Jan 09 15:11:39 +0000 2012"}, {"text": "The Real Dangers of GMO Foods! http://t.co/g1nsErrP", "created_at": "Tue Jan 10 05:22:49 +0000 2012"}, {"text": "Bt corn residues (from GMO corn) present in streams & ditches (due to runoff). Harms aquatic insects, disrupts ecosystems. #WhyEatOrganic", "created_at": "Thu Jan 12 17:12:17 +0000 2012"}, {"text": "THE GMO STORE Gospel of Matthew $20 \u00bb RUNNER FOR CHRIST MINISTRIES http://t.co/j5jy9gps", "created_at": "Fri Jan 13 01:04:28 +0000 2012"}, {"text": "\u201c@AmykRd: GMOs are getting even scarier!!  -  http://t.co/NYoph6yj // #eatrealfood #eatlocal", "created_at": "Thu Jan 12 13:57:22 +0000 2012"}, {"text": "I've warned us all before: According to a new study, the next generation of GMOs could be especially dangerous http://t.co/HEEpgevW", "created_at": "Thu Jan 12 16:53:12 +0000 2012"}, {"text": "The Next Generation of GMOs Could be Especially Dangerous http://t.co/N73LG3PG", "created_at": "Thu Jan 12 20:13:31 +0000 2012"}, {"text": "Francja utrzymuje zakaz  uprawy kukurydzy GMO firmy Monsanto \u00bb GMO - Wiadomo\u015bci http://t.co/gSHu2t3b", "created_at": "Tue Jan 17 17:53:47 +0000 2012"}, {"text": "BASF moves European GMO research center to the US because of European opposition to products.  http://t.co/XEXrDqtp", "created_at": "Tue Jan 17 10:02:56 +0000 2012"}, {"text": "Ziggy Marley Supports GMO Labeling and Freedom to Choose http://t.co/9NLP2vB7", "created_at": "Tue Jan 17 18:57:08 +0000 2012"}, {"text": "GMO FOODS ARE CAUSEING CANCER  (Part 2 of 2): http://t.co/uxe6Zczj via @youtube", "created_at": "Tue Jan 17 15:11:34 +0000 2012"}, {"text": "#gmfoods Group issues alternate crop policy, without the GMOs http://t.co/MnrUUXjO", "created_at": "Tue Jan 17 16:29:20 +0000 2012"}, {"text": "La Dolce Vita Girl: GMO Corn Causes Infertility, Mass Population ... http://t.co/c0jT2flN", "created_at": "Sun Jan 29 01:16:36 +0000 2012"}, {"text": "New Blog Post: Health Ranger signs 'Just Label It' petition to demand labeling of GMOs on food prod... http://t.co/dH5NPWOc", "created_at": "Sun Jan 29 06:00:10 +0000 2012"}, {"text": "Monsanto Investor Bill Gates Says GMO Crops Needed to Fight Starvation http://t.co/AWabSHGI", "created_at": "Sat Jan 28 19:50:41 +0000 2012"}, {"text": "Monsanto Investor Bill Gates Says GMO Crops Needed to Fight Starvation http://t.co/W4KZGsFO", "created_at": "Sat Jan 28 19:50:43 +0000 2012"}, {"text": "Health Ranger signs \u2018Just Label It\u2019 petition to demand labeling of GMOs on food products http://t.co/YzqTbRgw", "created_at": "Sat Jan 28 20:39:59 +0000 2012"}, {"text": "\uba39\uc9c0\ub9c8\uc138\uc694 GMO(\uc720\uc804\uc790\uc870\uc791 \uc2dd\ud488).   \ub18d\ub9bc\uc218\uc0b0\uc2dd\ud488\ubd80\uc758 \uace8\ub4e0\uc528\ub4dc(Golden Seed) \ud504\ub85c\uc81d\ud2b8\uc640 GMO \uadf8\ub9ac\uace0 \ud55c\ubbf8FTA\ub97c \uc798 \uc0dd\uac01\ud574 \ubd05\uc2dc\ub2e4. http://t.co/sbdA2YSc", "created_at": "Sat Jan 28 09:41:14 +0000 2012"}, {"text": "Healthy Budget: Growing with Non GMO Seed for Home Garden http://t.co/EhbwXWvR", "created_at": "Sat Jan 28 09:00:18 +0000 2012"}, {"text": "Okey RT@sitataaa: Apa si jaaaaaL haha RT @rhizaLzRey: GMO .hehehe RT@sitataaa: OMG\"\"", "created_at": "Sat Jan 28 12:40:33 +0000 2012"}, {"text": "Proposal 1: send a letter to @austintexasgov demanding GMO labelling. #stopmonsanto Proposal passed. #occupyaustin #ows #ga", "created_at": "Sun Jan 29 02:12:25 +0000 2012"}, {"text": "\uc694\uc998 \uc0c8\ub9cc\uae08 GMO \ubb38\uc81c\uac00 \uc218\uba74 \uc704\ub85c \uc870\uae08\uc529 \uc62c\ub77c\uc624\uace0 \uc788\ub294\ub370, \ub098\uc05c \uc0ac\ub840 \ub4e4\uc790\uba74, \uc778\ub3c4\uc5d0\uc11c GMO\uac00 \ub18d\ubbfc\uc744 \uad6c\uc81c\ud574\uc904 \uac83\ucc98\ub7fc \ud64d\ubcf4\ub97c \ud558\ub2e4\uac00 \ub098\uc911\uc5d0 \ub545\uc774 \uc369\uace0, \ube5a\ub3c4 \uc5c4\uccad \ub298\uc5b4\uc11c \uc18d\uc558\ub2e4\ub294 \uac78 \uc54c\uac8c \ub418\uc5b4 \uc790\uc0b4\ud55c \ub18d\ubbfc\uc774 \ubd80\uc9c0\uae30\uc218\uc600\ub2e4\ub294 \uac83.", "created_at": "Sun Jan 29 05:13:20 +0000 2012"}, {"text": "We say NO! RT @earth_balance: Just say NO to GMOs in Boulder #FollowFriday @GMKnowBoulder @NewHope360 @NBoulder @elephantjournal", "created_at": "Fri Jan 13 18:22:18 +0000 2012"}, {"text": "Natural RNA, Transgenic DNA, and What They Actually Mean for Our Food: To his credit, LeVaux revised the article... http://t.co/NIoPhDa2", "created_at": "Fri Jan 13 22:29:00 +0000 2012"}, {"text": "While the IRT suggests gmo corn vinegar for cleaning purposes offers minimal exposure to gmo intake, it is still... http://t.co/utJQpFCj", "created_at": "Sat Jan 14 05:52:30 +0000 2012"}, {"text": "Organic Elite Surrenders to Monsanto: Whole Foods Market okays GMO coexistence http://t.co/SKGsdBWu via @wordpressdotcom", "created_at": "Thu Jan 26 23:38:01 +0000 2012"}, {"text": "Geez! RT @Jenevalynne: Whole Foods and other organic groceries cave in to Monsanto and GMO products http://t.co/ryOK4LoG this one @HipEchik", "created_at": "Fri Jan 27 01:33:44 +0000 2012"}, {"text": "Amy's Organic Lentil Soup, 14.5-Ounce Cans (Pack of 12): No GMOs - No bioengineered ingredients. USDA organic. C... http://t.co/gKpgWQvj", "created_at": "Thu Jan 26 13:56:58 +0000 2012"}, {"text": "gmo daily \u25b8 via @mskristenmd @drheathernd @sisinricii \u25b8 http://t.co/Vb0vRcuW", "created_at": "Fri Jan 27 04:33:52 +0000 2012"}, {"text": "Help support the GMO labeling campaign in California\n\nhttp://t.co/Oy4KnoJE http://t.co/Ymedg2zR", "created_at": "Thu Jan 26 14:19:52 +0000 2012"}, {"text": "Petition: Tell the White House to say NO to Dow's Agent Orange GMO corn http://t.co/XvT6zuoS via @HealthRanger", "created_at": "Tue Jan 03 06:57:08 +0000 2012"}, {"text": "USDA has settled upon a superb solution: let the GMO industry conduct its own environmental impact tests. http://t.co/Ed5BbDRb", "created_at": "Mon Jan 02 20:09:42 +0000 2012"}, {"text": "Sounds INSANE. GMO mosquitoes to be released in Florida?? http://t.co/vuBBMAUm", "created_at": "Tue Jan 03 02:41:36 +0000 2012"}, {"text": "Activist Post: Monsanto\u2019s GMO Corn Approved Despite 45,000 Public Comments in Opposition http://t.co/isq5fxfo", "created_at": "Fri Jan 27 10:06:59 +0000 2012"}, {"text": "Kucinich bill aims to protect food supply from Monsanto, GMOs http://t.co/zpmLquWi", "created_at": "Sat Jan 28 06:08:01 +0000 2012"}, {"text": "Powerful activism to demand labeling of GMOs - watch 'Labels Matter' and sign the petition now! http://t.co/N8Mhjgry", "created_at": "Fri Jan 27 15:12:52 +0000 2012"}, {"text": "exciting! Disgruntled GMO firms begin to pull out of Europe - http://t.co/NvYuOsU6", "created_at": "Fri Jan 27 19:14:30 +0000 2012"}, {"text": "Japanese scientists create genetically-modified mouse that tweets like a bird | Mail Online http://t.co/T1PcLuid via @MailOnline", "created_at": "Sat Jan 28 03:11:35 +0000 2012"}, {"text": "Easy come,easy go :D,tp bner\" lg gmo ngurusin yg bgtu dl yeee..;)", "created_at": "Sat Jan 28 04:23:05 +0000 2012"}, {"text": "http://t.co/yeQ7cDzm BASF smanjuje proizvodnju GMO hrane", "created_at": "Sat Jan 21 01:00:03 +0000 2012"}, {"text": "Companies aren't required to label GMOs yet, so going organic is always a great choice if you can. #cleanerplateclub", "created_at": "Fri Jan 20 18:14:49 +0000 2012"}, {"text": "@_Mike_Crawley  Mike what is the Liberal Party position on Labeling of GMO Food? Many Canadians want choice like Europeans+other Countries.", "created_at": "Sat Jan 21 00:22:04 +0000 2012"}, {"text": "@EricLuallen Maybe so. The science in this one is fascinating. Apparently 50 years of GMO wheat hasn't worked out so well", "created_at": "Sat Jan 21 00:31:13 +0000 2012"}, {"text": "Top 10 Most Dangerous GMO Foods | Hangman Game by @KreelanWarrior http://t.co/xFfyg5ok", "created_at": "Fri Jan 20 12:11:49 +0000 2012"}, {"text": "@whateverson \"Whole Foods is now a subsidiary of Monsanto the chemical GMO food supplier\" http://t.co/CVcTYZYl", "created_at": "Sat Jan 21 05:04:31 +0000 2012"}, {"text": "Farmer feed GMO corn to his pigs: they all become sterile. http://t.co/w3EHE15J", "created_at": "Sat Jan 21 10:13:04 +0000 2012"}, {"text": "@simplynonna And labeling GMOs is putting everything in one category. \"ALL GMO BAD.\" That's exactly the problem. It's also meaningless.", "created_at": "Sat Jan 21 08:37:37 +0000 2012"}, {"text": "I wish people would realize that genetically-modified crops aren't evil... they could feed millions. *Monsanto* however, is definitely evil.", "created_at": "Sat Jan 21 18:54:57 +0000 2012"}, {"text": "GMO FOODS ARE CAUSEING CANCER   (Part 1 of 2).: http://t.co/bPzBuPpL via @youtube", "created_at": "Sat Jan 21 15:31:27 +0000 2012"}, {"text": "6,000 Year Old Peruvian Popcorn Reminds Us How New GMO Corn Really Is http://t.co/SYhhCQ7Z", "created_at": "Sat Jan 21 16:21:04 +0000 2012"}, {"text": "Help OCA Grow the Revolution! Label GMO Foods-Sign the petition! Join the movement! RT! : http://t.co/yjE3ir88 via @AddThis", "created_at": "Sat Jan 21 19:30:05 +0000 2012"}, {"text": "BASF smanjuje proizvodnju GMO hrane", "created_at": "Sun Jan 22 03:41:15 +0000 2012"}, {"text": "gmo .___. RT @tteeii: omg .___. RT @uchaclarinta: Omw to PIM again .___.", "created_at": "Sun Jan 22 04:26:49 +0000 2012"}, {"text": "German farm group regrets BASF's GMO move to U.S. http://t.co/piGnLmRF", "created_at": "Sat Jan 21 12:45:16 +0000 2012"}, {"text": "Farmer feed GMO corn to his pigs: they all become sterile. http://t.co/fp5na0oa", "created_at": "Sat Jan 21 14:15:45 +0000 2012"}, {"text": "@harjxo GMO twiddle d and twiddle dum EXCOEXCOEXCO! or yorkshire terriors, or smurfs/gnomes/mice/bugs/spiders nahh mean", "created_at": "Thu Jan 05 17:42:20 +0000 2012"}, {"text": "Woman Sues Frito-Lay for Marketing GMO Snacks as 'All Natural' http://t.co/ivze7ZTc", "created_at": "Fri Jan 06 01:31:14 +0000 2012"}, {"text": "Label GMO food campaign begins: ... you'd have to eat so much of that rice to get your beta carotene - it's not ... http://t.co/FN7FRJRQ", "created_at": "Thu Jan 05 21:07:46 +0000 2012"}, {"text": "maaaaaaaauuuuuu........npcyii ini gmo trdwnld,failed failed. damn!", "created_at": "Fri Jan 06 06:53:27 +0000 2012"}, {"text": "Leaked: US to Start Trade Wars with Nations Opposed to Monsanto, GMO Crops http://t.co/XbDka6pN", "created_at": "Thu Jan 05 16:14:15 +0000 2012"}, {"text": "@songbirdtiff Yup, no GMO seeds here #herbchat #gardenchat", "created_at": "Thu Jan 05 19:42:18 +0000 2012"}, {"text": "Transgenic Trees (Biotechnology in Agriculture and Forestry): This volume on Transgenic Trees, comprising 22 cha... http://t.co/GGpJH3mE", "created_at": "Fri Jan 06 00:21:13 +0000 2012"}, {"text": "Woman files class action lawsuit against Frito-Lay for marketing genetically-modified snacks as \u2018all natural\u2019 http://t.co/7D9M85Al", "created_at": "Thu Jan 05 09:36:54 +0000 2012"}, {"text": "@OrganicTrade the latest on Hawaii and GMO http://t.co/qqS9jYSf", "created_at": "Fri Jan 06 03:40:32 +0000 2012"}, {"text": "USDA Quietly Approves Monsanto New GMO Corn http://t.co/aAyGAlds #ows #occupywallstreetThe Back of My Hand Brushes Against..", "created_at": "Fri Jan 06 03:25:15 +0000 2012"}, {"text": "@robert_strom/Protest  - USDA forces Whole Foods to accept Monsanto - why is govt forcing franken food down our throats!? Stop the GMO foods", "created_at": "Tue Jan 31 01:28:23 +0000 2012"}, {"text": "@michelleobama USDA forces Whole Foods to accept Monsanto - why is our government forcing franken food down our throats!? Stop the GMO foods", "created_at": "Tue Jan 31 01:17:28 +0000 2012"}, {"text": "Time GMOs were labelled in the USA http://t.co/oRP3rfNk", "created_at": "Mon Jan 30 22:06:33 +0000 2012"}, {"text": "@beausbarrelroom Intersting, but I disagree w/myth re: organic foods that you peel. Organic also includes lack of GMOs not just pesticides.", "created_at": "Mon Jan 30 20:57:24 +0000 2012"}, {"text": "@etominusipi Am I turning cranky? Sometimes I'm rude to GMO PR-men, nuclear apologists, zionists, nazis, spooks & others kind enough to chat", "created_at": "Mon Jan 30 07:09:11 +0000 2012"}, {"text": "AWESOME PHOTOS: Maui Activists Call for GMO Labeling http://t.co/mS3ckgVR #GMO", "created_at": "Mon Jan 30 14:54:25 +0000 2012"}, {"text": ".@monakart Here's good article on GMO corn with lots of links to studies. http://t.co/3Xh1QGEl", "created_at": "Mon Jan 30 14:44:23 +0000 2012"}, {"text": "Whole Foods and other organic groceries cave in to Monsanto and GMO products http://t.co/JJfD1rNl", "created_at": "Tue Jan 31 05:18:19 +0000 2012"}, {"text": "RT @xtymiller: SHOCK: approved for consumption Monsanto GMO corn causes organ failure in mammals http://t.co/NrQghulM #whyweoccupy\u201d", "created_at": "Sat Jan 07 17:27:54 +0000 2012"}, {"text": "@nngrey @HudaAlqasimi other nations won't take our GMO grains and soybeans so we put it into everything possible here to keep prices up. :(", "created_at": "Sat Jan 07 17:11:19 +0000 2012"}, {"text": "@spacecom impressive capture. Possibly irradiated by a lifetime of GMO carrots", "created_at": "Sat Jan 07 08:13:18 +0000 2012"}, {"text": "@PeaceKitty333 Bourbon of proof: Is Kentucky\u2019s heritage spirit compromised by GMO corn? http://t.co/I6ncx0TR via @grist", "created_at": "Sat Jan 07 22:11:01 +0000 2012"}, {"text": "USDA Quietly Approves Monsanto New GMO Corn http://t.co/aAyGAlds #ows #occupywallstreetGoing Crazy (Inst.)", "created_at": "Sat Jan 07 16:27:28 +0000 2012"}, {"text": "THE GMO STORE \u00bb RUNNER FOR CHRIST MINISTRIES http://t.co/METqu869", "created_at": "Sun Jan 08 04:41:35 +0000 2012"}, {"text": "State of Washington Seeks Labels for GMO Foods http://t.co/RqmF1Eoo", "created_at": "Thu Jan 19 21:47:11 +0000 2012"}, {"text": "Farmer feeds GMO corn to his pigs: they all  at http://t.co/SI3gx8oK.", "created_at": "Thu Jan 19 19:59:35 +0000 2012"}, {"text": "#FoodWorldOrder 1/19 binge & purge: fakes, fads & gmo omg!: Celebrity Chef Paula Deen Hid Diabetes, Pushed Hi-Fa... http://t.co/yIcGvNF0", "created_at": "Fri Jan 20 00:49:59 +0000 2012"}, {"text": "Done with school @Collier_M I surrender. GMO my ass haha", "created_at": "Fri Jan 20 03:51:46 +0000 2012"}, {"text": "I just joined Label GMOs Temecula, will you join me? http://t.co/85LkCfoo", "created_at": "Sun Jan 22 17:02:06 +0000 2012"}, {"text": "The next generation of GMOs could be especially dangerous http://t.co/uXOyiyvR", "created_at": "Sun Jan 22 17:52:00 +0000 2012"}, {"text": "Transgenic Trees (Biotechnology in Agriculture and Forestry): This volume on Transgenic Trees, comprising 22 cha... http://t.co/bwmd98qe", "created_at": "Sun Jan 22 10:37:14 +0000 2012"}, {"text": "Seriously concerned abt being used as guinea pigs in the on-going experiment of how gmo food effects ppl/animals/heritage plants.", "created_at": "Sun Jan 22 18:16:49 +0000 2012"}, {"text": "GMO controversy also stems from its economic consequences because of the very real possibility of seed monopolization. http://t.co/5xHvrr5I", "created_at": "Sun Jan 22 20:10:49 +0000 2012"}, {"text": "HEALTH ALERT: Why GMO And Organic Can Not Co-Exist: Lateral Gene Transfer http://t.co/1FoZwegX", "created_at": "Sun Jan 22 20:41:18 +0000 2012"}, {"text": "Do you think I can use \"Sony Vegas is a douche\" as an excuse for not finishing this GMO video? STOP CRASHING, DAMN IT.", "created_at": "Mon Jan 23 02:39:32 +0000 2012"}]